id,reference_id,name,price,image,extra_images,description,category_id
1,8476,红胶花白水晶绿幽灵魔盒手串BAC576x,146.00,https://aurayou2.lot-lot.com/image/32/2025/06/2e52b754826ad46ce313e53205be2995.jpg,https://aurayou2.lot-lot.com/image/32/2025/06/2e52b754826ad46ce313e53205be2995.jpg|https://aurayou2.lot-lot.com/image/32/2025/06/a0228e64ad3faf4bed93aef9cea56d2b.jpg|https://aurayou2.lot-lot.com/image/32/2025/06/d5115006ca7e9360bc92cb613a4ea52f.jpg|https://aurayou2.lot-lot.com/image/32/2025/06/72ce993e218802d902206b97be4b37f6.jpg|https://aurayou2.lot-lot.com/image/32/2025/06/db2ba8fe986d64ef95943172d23efc07.jpg|https://aurayou2.lot-lot.com/image/32/2025/06/9410857a4c7922700efaff3cd1725ca6.jpg,▫️▪️红胶花白水晶绿幽灵魔盒手串 - 材质&尺寸：红胶花11mm、白水晶刻面12mm，白水晶双尖、绿幽灵魔盒21*16mm,831|832|833|834|845|847|849|850|851|852|853|854|858|862|867|871|1054|1685
2,8104,红胶花手串BAC389x,198.00,https://aurayou2.lot-lot.com/image/32/2025/06/a15d1145cbcc36b39427803d2c655647.jpg,https://aurayou2.lot-lot.com/image/32/2025/06/a15d1145cbcc36b39427803d2c655647.jpg|https://aurayou2.lot-lot.com/image/32/2025/06/747e8808dc7cc13be48e80eee8bf4474.jpg|https://aurayou2.lot-lot.com/image/32/2025/06/727022d4e85a872dfdd226bf847c1048.jpg|https://aurayou2.lot-lot.com/image/32/2025/06/fca4932ecc25591a6b4b7e19b12d712d.jpg|https://aurayou2.lot-lot.com/image/32/2025/06/86c2b9eeeef4eb6f3232750c35dc5ce4.jpg|https://aurayou2.lot-lot.com/image/32/2025/06/e961932a4f9a9f4b95e995f17b35f536.jpg,▫️▪️红胶花手串 - 材质&尺寸：红胶花11mm，红胶花方糖10mm，红胶花魔盒20*16mm，贝珠8mm,831|832|833|834|846|847|848|849|850|851|852|853|854|855|862|871|1054|1622
3,7961,红胶花幽灵魔盒手串BAC1085,230.00,https://aurayou2.lot-lot.com/image/32/2025/05/4fdccb90ca49d01356b0c4ad465870ab.jpg,https://aurayou2.lot-lot.com/image/32/2025/05/4fdccb90ca49d01356b0c4ad465870ab.jpg|https://aurayou2.lot-lot.com/image/32/2025/05/b6169e19bbf1e0753dd779661dd4ccb0.jpg|https://aurayou2.lot-lot.com/image/32/2025/05/947655b956377581e9da49d2a39e1de8.jpg|https://aurayou2.lot-lot.com/image/32/2025/05/a1f0a61d1b940fc3caaf9bc2df00a5de.jpg|https://aurayou2.lot-lot.com/image/32/2025/05/067599486fa73936cfbf703348b95c10.jpg|https://aurayou2.lot-lot.com/image/32/2025/05/7f2f6cef67303830bff8d117a96084f8.jpg,▫️▪️红胶花幽灵魔盒手串 - 材质&尺寸：红胶花约12mm，蓝虎眼14mm，金曜石6mm，幽灵魔盒,831|832|833|834|845|847|849|850|851|852|853|854|859|862|867|871|1054|1226
4,7651,红胶花彩幽灵魔盒手串BAC932,235.00,https://aurayou2.lot-lot.com/image/32/2025/04/01a95ed91bf57e2fff4badd14866e95e.jpg,https://aurayou2.lot-lot.com/image/32/2025/04/01a95ed91bf57e2fff4badd14866e95e.jpg|https://aurayou2.lot-lot.com/image/32/2025/04/1665fb6e02032e80f650161a0f6f2915.jpg|https://aurayou2.lot-lot.com/image/32/2025/04/194eadfbeb35c53580ee48addd56e77c.jpg|https://aurayou2.lot-lot.com/image/32/2025/04/efcca2c9f3caccf9c9faf204d1624e45.jpg|https://aurayou2.lot-lot.com/image/32/2025/04/951ab5d15681c973a9ddee8d9419e6c8.jpg|https://aurayou2.lot-lot.com/image/32/2025/04/bfc0799dba780aa3912d38bd9c707e5f.jpg,▫️▪️红胶花彩幽灵魔盒手串 - 材质：红胶花，南红玛瑙，彩幽灵魔盒 尺寸：13mm,831|832|833|834|845|847|849|850|852|854|859|862|867|870|871|1054|1188
5,7602,红胶花手串BAC936,166.00,https://aurayou2.lot-lot.com/image/32/2025/03/25f810e758af7e84380ea9e67f466dc8.jpg,https://aurayou2.lot-lot.com/image/32/2025/03/25f810e758af7e84380ea9e67f466dc8.jpg|https://aurayou2.lot-lot.com/image/32/2025/03/10388ab30aae5d3002c760cbbd07991c.jpg|https://aurayou2.lot-lot.com/image/32/2025/03/be118facfb4eee3e3f11de7e84fff6b0.jpg|https://aurayou2.lot-lot.com/image/32/2025/03/fe0877374b4915f1f0dbe4ad274fabb6.jpg|https://aurayou2.lot-lot.com/image/32/2025/03/920ba3c846646b494fd4826640eb458a.jpg|https://aurayou2.lot-lot.com/image/32/2025/03/1ae985f7e4c73e59880b1f197a7414f7.jpg,▫️▪️红胶花手串 - 材质：红胶花 尺寸：12mm,831|832|833|834|850|852|854|855|862|871|1054|1186
6,6933,红胶花海蓝宝胶花随形手串BAC933,122.00,https://aurayou2.lot-lot.com/image/32/2025/03/ffee0dcf3f8c5575695170a8935a6bf4.jpg,https://aurayou2.lot-lot.com/image/32/2025/03/ffee0dcf3f8c5575695170a8935a6bf4.jpg|https://aurayou2.lot-lot.com/image/32/2025/03/9c67355a7b14820936b9dc64597bd4ec.jpg|https://aurayou2.lot-lot.com/image/32/2025/03/8f4d2978d0ab505b84cb28f52f802ba0.jpg|https://aurayou2.lot-lot.com/image/32/2025/03/06a724d3a351b56c758950bdbb6173d1.jpg|https://aurayou2.lot-lot.com/image/32/2025/03/82447ec8731b98357ae9da5299510e3d.jpg|https://aurayou2.lot-lot.com/image/32/2025/03/1d528942ff6efca37de9c5a416340777.jpg,▫️▪️红胶花海蓝宝胶花随形手串 - 材质：红胶花，海蓝宝，红胶花随形 尺寸：10mm,831|832|833|834|847|849|850|852|854|855|862|871|1054|1063
7,6765,红胶花海蓝宝白水晶月亮手串BAC934,190.00,https://aurayou2.lot-lot.com/image/32/2025/03/6a569022b82812fd5f20e6fa0a7b5e34.jpg,https://aurayou2.lot-lot.com/image/32/2025/03/6a569022b82812fd5f20e6fa0a7b5e34.jpg|https://aurayou2.lot-lot.com/image/32/2025/03/5d080b13752d8951094329773df23eb1.jpg|https://aurayou2.lot-lot.com/image/32/2025/03/98583d46c89db91035a83d42af7b4223.jpg|https://aurayou2.lot-lot.com/image/32/2025/03/8ccff4c1d442e6300764668fedc0d233.jpg|https://aurayou2.lot-lot.com/image/32/2025/03/15ae86a93a73999435d7cd8e365cde78.jpg|https://aurayou2.lot-lot.com/image/32/2025/03/9964e2611d9f78a2e325e89221d97a09.jpg,▫️▪️红胶花海蓝宝白水晶月亮手串 - 材质：红胶花，海蓝宝，白水晶月亮 尺寸：9mm,831|832|833|834|847|849|850|852|854|855|862|871|1054|1056
8,6764,红胶花金骨干手串BAC929,235.00,https://aurayou2.lot-lot.com/image/32/2025/03/5b987bd973f5d8c9032819edd4513610.jpg,https://aurayou2.lot-lot.com/image/32/2025/03/5b987bd973f5d8c9032819edd4513610.jpg|https://aurayou2.lot-lot.com/image/32/2025/03/0c15eb4914592ed90a76c360f0b171cd.jpg|https://aurayou2.lot-lot.com/image/32/2025/03/389338bfc6adb4016c85648496312ea6.jpg|https://aurayou2.lot-lot.com/image/32/2025/03/6689b23c6eb197dccd1a0b8265f54dfd.jpg|https://aurayou2.lot-lot.com/image/32/2025/03/e043c7b2fb8b6adaca5fa71ad1d20145.jpg|https://aurayou2.lot-lot.com/image/32/2025/03/cc6d5ec3a5a9b304e1adb7812bad729f.jpg,▫️▪️红胶花金骨干手串 - 材质：红胶花，黑金骨干 尺寸：10mm、11mm,831|832|833|834|850|851|852|854|855|858|862|871|1054|1056
9,6404,红胶花萤石彩幽灵魔盒手串BAC1022,350.00,https://aurayou2.lot-lot.com/image/32/2025/01/29eb8673280d662a4621946284a52547.jpg,https://aurayou2.lot-lot.com/image/32/2025/01/29eb8673280d662a4621946284a52547.jpg|https://aurayou2.lot-lot.com/image/32/2025/01/27a3a28bb7037270bafaf04758aa0dc1.jpg|https://aurayou2.lot-lot.com/image/32/2025/01/40b36d247e92a7500ebbef7eb1a719fe.jpg|https://aurayou2.lot-lot.com/image/32/2025/01/faa51aa15d349d4327556e384f2a3828.jpg|https://aurayou2.lot-lot.com/image/32/2025/01/ab8eb7f7c89d1953169a4215d8b353af.jpg|https://aurayou2.lot-lot.com/image/32/2025/01/1ef06bd65a70c20895a13d107873fdba.jpg,▫️▪️红胶花萤石彩幽灵魔盒手串 - 材质：红胶花、萤石、彩幽灵 尺寸：15mm,831|832|833|834|845|846|847|849|850|852|854|858|861|867|871
10,8345,朱砂招财猫手串BAC626x,100.00,https://aurayou2.lot-lot.com/image/32/2025/06/0daf3791ed84a67084228fd999252c03.jpg,https://aurayou2.lot-lot.com/image/32/2025/06/0daf3791ed84a67084228fd999252c03.jpg|https://aurayou2.lot-lot.com/image/32/2025/06/50ad169274e3503decf0d616d88d86b3.jpg|https://aurayou2.lot-lot.com/image/32/2025/06/7e9254bfc3e3abe23810920010ee1ed8.jpg|https://aurayou2.lot-lot.com/image/32/2025/06/5955d0d46bf84f42d3ec0233acc2dc21.jpg|https://aurayou2.lot-lot.com/image/32/2025/06/4e2b536d158f608b4f8c94e58e9e998d.jpg|https://aurayou2.lot-lot.com/image/32/2025/06/f85db43dc0d755826395a972f0a5240c.jpg,▫️▪️朱砂招财猫手串 - 材质&尺寸：朱砂10mm，蛇皮石4.5mm、炭烤菩提招财猫11mm,831|832|833|834|850|852|858|862|872|1054|1679
11,6766,石榴石蓝色魔盒多圈手串BAC939,228.00,https://aurayou2.lot-lot.com/image/32/2025/03/b3753c8da2eb115ba515fb90e9775c84.jpg,https://aurayou2.lot-lot.com/image/32/2025/03/b3753c8da2eb115ba515fb90e9775c84.jpg|https://aurayou2.lot-lot.com/image/32/2025/03/0465161568ddac5565132cbd321316da.jpg|https://aurayou2.lot-lot.com/image/32/2025/03/c531f3fe8a7bc36cdd625efd82538d1e.jpg|https://aurayou2.lot-lot.com/image/32/2025/03/0d884967fb61cb9e7e964a8668b409d9.jpg|https://aurayou2.lot-lot.com/image/32/2025/03/a82d3a265df51f6a5f8f39f9af2e4cd6.jpg|https://aurayou2.lot-lot.com/image/32/2025/03/983db39c7d384af96af7e97efb7805dd.jpg,▫️▪️石榴石蓝色魔盒多圈手串 - 材质：石榴石，蓝锆石 尺寸：5mm,831|832|833|834|848|850|852|854|858|863|865|873|1054|1056
12,8306,红玛瑙手串BAC590x,120.00,https://aurayou2.lot-lot.com/image/32/2025/06/47f3201fc57244c50b2615757cadafeb.jpg,https://aurayou2.lot-lot.com/image/32/2025/06/47f3201fc57244c50b2615757cadafeb.jpg|https://aurayou2.lot-lot.com/image/32/2025/06/63d4fe8be78a58b1ec0fa76f2937d131.jpg|https://aurayou2.lot-lot.com/image/32/2025/06/0bb26dc82377547be939813791f5e8f9.jpg|https://aurayou2.lot-lot.com/image/32/2025/06/c099bebdd10ffc3f8e2b91765b82796e.jpg|https://aurayou2.lot-lot.com/image/32/2025/06/063e2f16a8520ee84dcfcebb96a98cca.jpg|https://aurayou2.lot-lot.com/image/32/2025/06/3b2cca783c7817679bfbeb9d3dcac43e.jpg,▫️▪️红玛瑙手串 - 材质&尺寸：红玛瑙12mm，和田玉10mm，贝珠6mm,831|832|833|834|849|850|851|852|858|862|1054|1623|1624
13,7652,太阳石白幽灵手串BAC940,178.00,https://aurayou2.lot-lot.com/image/32/2025/04/b427c1f9a13bc59be28c307738c10c1e.jpg,https://aurayou2.lot-lot.com/image/32/2025/04/b427c1f9a13bc59be28c307738c10c1e.jpg|https://aurayou2.lot-lot.com/image/32/2025/04/e04d2ad8dc024b70403344f9f4771652.jpg|https://aurayou2.lot-lot.com/image/32/2025/04/368ccd347ce940086fac158b5d089975.jpg|https://aurayou2.lot-lot.com/image/32/2025/04/781a088d507c7bc9b8fadc2dd5e77f09.jpg|https://aurayou2.lot-lot.com/image/32/2025/04/bd4217b13a24970ac9fd1d3929394411.jpg|https://aurayou2.lot-lot.com/image/32/2025/04/509668ae173701da8437d4736f01ba13.jpg,▫️▪️太阳石白幽灵手串 - 材质：太阳石，白幽灵 尺寸：10mm,831|832|833|834|845|846|849|851|852|853|854|855|860|862|935|1054|1188
14,6934,太阳石贝珠手串BAC943,86.00,https://aurayou2.lot-lot.com/image/32/2025/03/03313339aa497fbab9474d5533a91aa2.jpg,https://aurayou2.lot-lot.com/image/32/2025/03/03313339aa497fbab9474d5533a91aa2.jpg|https://aurayou2.lot-lot.com/image/32/2025/03/0cb2bc29c560097ea4701a84c66cdaca.jpg|https://aurayou2.lot-lot.com/image/32/2025/03/0095027220553b2f13c0df8997f646e3.jpg|https://aurayou2.lot-lot.com/image/32/2025/03/9728dd955361dd3e6228ce4a0d500d15.jpg|https://aurayou2.lot-lot.com/image/32/2025/03/d184a12e07497cb5bf9a78a38b93f896.jpg|https://aurayou2.lot-lot.com/image/32/2025/03/0197f845cf93d9b9618f69d1ad3b884a.jpg,▫️▪️太阳石贝珠手串 - 材质：太阳石，贝珠 尺寸：8mm,831|832|833|834|845|846|848|849|850|851|852|854|858|863|935|1054|1063
15,6767,太阳石手串BAC942,200.00,https://aurayou2.lot-lot.com/image/32/2025/03/da5c0eb475a0d62a5d07fd5441c14ddd.jpg,https://aurayou2.lot-lot.com/image/32/2025/03/da5c0eb475a0d62a5d07fd5441c14ddd.jpg|https://aurayou2.lot-lot.com/image/32/2025/03/1f8415733f04b99df9ec7333f50f98c9.jpg|https://aurayou2.lot-lot.com/image/32/2025/03/dd2ec127383add7d0bad788b472bb8c5.jpg|https://aurayou2.lot-lot.com/image/32/2025/03/d87bfcad6bd11f6fc1704ac64d49822e.jpg|https://aurayou2.lot-lot.com/image/32/2025/03/3e70c9f3f1a7fc1bd15aae2b45f43410.jpg|https://aurayou2.lot-lot.com/image/32/2025/03/7dac492e04d94a6506c455003d00de3a.jpg,▫️▪️太阳石手串 - 材质：太阳石 尺寸：11mm,831|832|833|834|845|846|849|851|854|858|862|935|1054|1056
16,5853,樱花玛瑙太阳石手串BAC838,115.00,https://aurayou2.lot-lot.com/image/32/2025/01/242df1eb20b04ffe8fe9f5ec0f90757b.jpg,https://aurayou2.lot-lot.com/image/32/2025/01/242df1eb20b04ffe8fe9f5ec0f90757b.jpg|https://aurayou2.lot-lot.com/image/32/2025/01/89599bb5a85ebaacde9f2e75eab5d81c.jpg|https://aurayou2.lot-lot.com/image/32/2025/01/7d8a3ba50ab5f0c5a072afb9d6cddc1c.jpg|https://aurayou2.lot-lot.com/image/32/2025/01/56aabf6de5f42cb05d9a3d33449b8748.jpg|https://aurayou2.lot-lot.com/image/32/2025/01/62e6770fd54aa040f1393e3f4892c5ab.jpg|https://aurayou2.lot-lot.com/image/32/2025/01/70f8404a70d13325af7c9a0a24240f57.jpg,▫️▪️樱花玛瑙太阳石手串 - 材质：樱花玛瑙、太阳石 尺寸：8-10mm,831|832|833|834|845|846|848|849|850|851|852|854|857|860|863|887|935
17,8692,紫黄多宝手串BAC083x,366.00,https://aurayou2.lot-lot.com/image/32/2025/07/141d5e52fad4df1f3693ac13e430db9e.jpg,https://aurayou2.lot-lot.com/image/32/2025/07/141d5e52fad4df1f3693ac13e430db9e.jpg|https://aurayou2.lot-lot.com/image/32/2025/07/8e32b58b5314981a11097db9ecd9ba7e.jpg|https://aurayou2.lot-lot.com/image/32/2025/07/cd0e30ecf2c151ee1b64c00cd32bbee7.jpg|https://aurayou2.lot-lot.com/image/32/2025/07/04e382cee0a0bbf6944d94a57e6fc05f.jpg|https://aurayou2.lot-lot.com/image/32/2025/07/a403a29aad80d32addc77a81f1643db1.jpg|https://aurayou2.lot-lot.com/image/32/2025/07/a7b405a2aba210122effd5e27f5514e2.jpg,"▫️▪️紫黄多宝手串 - 材质&尺寸：紫水晶11mm,紫锂云母11mm,黄水晶11.5mm，白水晶10mm,紫锂辉12mm",831|832|833|834|845|846|847|849|850|852|853|854|855|862|875|901|1054|1799
18,8340,黄水晶海蓝宝手串BAC1077,356.00,https://aurayou2.lot-lot.com/image/32/2025/06/e6147871bd646c9ac2c1bdb572a5aaab.jpg,https://aurayou2.lot-lot.com/image/32/2025/06/fa6f16d25082bfc67a656c801779d821.jpg|https://aurayou2.lot-lot.com/image/32/2025/06/10b96de3eab61adfdb777986e814825c.jpg|https://aurayou2.lot-lot.com/image/32/2025/06/4f6dbbd8b835dacf6dadbb6ab889f152.jpg|https://aurayou2.lot-lot.com/image/32/2025/06/1e2d2ee86c2efec9f425814b27de1bdb.jpg|https://aurayou2.lot-lot.com/image/32/2025/06/f5b352e3631d25f60d8d225b175e9fc3.jpg|https://aurayou2.lot-lot.com/image/32/2025/06/c441ee30cb6542a4fb38a8953026c978.jpg,▫️▪️黄水晶海蓝宝手串 - 材质&尺寸：黄水晶15.5mm，海蓝宝16mm，黄水晶随形，贝珠,831|832|833|834|845|846|847|849|852|854|857|861|875|1054|1679
19,8300,黄水晶黄锂云母魔盒手串BAC1075,330.00,https://aurayou2.lot-lot.com/image/32/2025/06/796fa06474a9c1445241fd785838f035.jpg,https://aurayou2.lot-lot.com/image/32/2025/06/796fa06474a9c1445241fd785838f035.jpg|https://aurayou2.lot-lot.com/image/32/2025/06/d1640fa4a947483f5b6c81d59ccad908.jpg|https://aurayou2.lot-lot.com/image/32/2025/06/8d2a5960e3b2aea33c7fbdb87cc3ac1a.jpg|https://aurayou2.lot-lot.com/image/32/2025/06/ecbe031298f88142bdefde0422e788e1.jpg|https://aurayou2.lot-lot.com/image/32/2025/06/e1bb38c684f17839e29ddde8b27adcac.jpg|https://aurayou2.lot-lot.com/image/32/2025/06/5b09bd7cfa310f02dd22a0b8aaa25edb.jpg,▫️▪️黄水晶黄锂云母魔盒手串 - 材质：黄水晶、黄锂云母魔盒、贝珠 尺寸：12.5mm；贝珠5mm,831|832|833|834|845|846|849|854|857|862|865|867|875|1054|1623
20,7791,黄水晶沉香木貔貅手串BAC1061x,150.00,https://aurayou2.lot-lot.com/image/32/2025/04/258fbed91a2cffcbbee9a9588af3bb18.jpg,https://aurayou2.lot-lot.com/image/32/2025/04/258fbed91a2cffcbbee9a9588af3bb18.jpg|https://aurayou2.lot-lot.com/image/32/2025/04/f70ca5e3b9240dd31f3af3556bc596a5.jpg|https://aurayou2.lot-lot.com/image/32/2025/04/b99471cc8a02fb8c55e70e3ca0563ace.jpg|https://aurayou2.lot-lot.com/image/32/2025/04/5d921623c6781aae4c2502c847335a61.jpg|https://aurayou2.lot-lot.com/image/32/2025/04/dba869fb3a572efc2f1f6d7527d63ea1.jpg|https://aurayou2.lot-lot.com/image/32/2025/04/8e7eeeeed0e0ba70736c37c5c29e7320.jpg,▫️▪️黄水晶沉香木貔貅手串 - 材质：黄水晶、沉香木 尺寸：6.5mm,831|832|833|834|845|846|849|854|860|865|866|875|970|1054|1208
21,6768,黄水晶白幽灵蝴蝶结手串BAC947,197.00,https://aurayou2.lot-lot.com/image/32/2025/03/2008585a97b8ac105dd92bdade70b5cf.jpg,https://aurayou2.lot-lot.com/image/32/2025/03/2008585a97b8ac105dd92bdade70b5cf.jpg|https://aurayou2.lot-lot.com/image/32/2025/03/549ec20a5348697564d2e396e2d7af4f.jpg|https://aurayou2.lot-lot.com/image/32/2025/03/c465e552335085e609eb572350e0793c.jpg|https://aurayou2.lot-lot.com/image/32/2025/03/6d4183b23ef9c8460822731ad8fdab77.jpg|https://aurayou2.lot-lot.com/image/32/2025/03/796b855837e1d1e454fde6ab5b6bdf66.jpg|https://aurayou2.lot-lot.com/image/32/2025/03/218b4e44cb49a06e0682202e7844fbaa.jpg,▫️▪️黄水晶白幽灵蝴蝶结手串 - 材质：黄水晶，白幽灵 尺寸：9mm,831|832|833|834|845|846|849|852|853|854|857|862|875|1054|1056
22,6411,黄水晶黄胶花手串BAC1029,246.00,https://aurayou2.lot-lot.com/image/32/2025/01/7d6caa945b01ca771768e896a8cdccc3.jpg,https://aurayou2.lot-lot.com/image/32/2025/01/7d6caa945b01ca771768e896a8cdccc3.jpg|https://aurayou2.lot-lot.com/image/32/2025/01/2a52aaf947788204c89928e40facdb31.jpg|https://aurayou2.lot-lot.com/image/32/2025/01/85f0798bacd67018c872662a03de53f3.jpg|https://aurayou2.lot-lot.com/image/32/2025/01/ea850023562a34f1ef169d62e58a78a3.jpg|https://aurayou2.lot-lot.com/image/32/2025/01/c40c8bec790eedd6bb9a6687ee4bcab2.jpg|https://aurayou2.lot-lot.com/image/32/2025/01/f7cad4277272035b246ca6552ff7373b.jpg,▫️▪️黄水晶黄胶花手串 - 材质：黄水晶、黄胶花 尺寸：15mm/11mm,831|832|833|834|845|846|849|854|858|860|861|862|875
23,6399,黄茶系手串（男士）BAC623,200.00,https://aurayou2.lot-lot.com/image/32/2025/08/58c2631286e9eb5f4c31e32d42fec7fa.jpg,https://aurayou2.lot-lot.com/image/32/2025/08/58c2631286e9eb5f4c31e32d42fec7fa.jpg|https://aurayou2.lot-lot.com/image/32/2025/08/58a68caf2a89d5b586d98bc15709ff14.jpg|https://aurayou2.lot-lot.com/image/32/2025/08/8a2329627b95ec0472fe45562e123bc6.jpg|https://aurayou2.lot-lot.com/image/32/2025/08/792301c965c4934e8f5772942774a078.jpg|https://aurayou2.lot-lot.com/image/32/2025/08/ba2b28d6ba698e2dd5e9a37e63c1a241.jpg|https://aurayou2.lot-lot.com/image/32/2025/08/6fe1cc944e50ddfe49d7a0e42998d4dd.jpg,▫️▪️ 黄茶系手串（男士） - 材质：黄水晶、黄虎眼、黑金超、茶水晶 尺寸：12mm,831|834|870|875|879|925
24,5856,樱花玛瑙魔盒手牌BAC841,206.00,https://aurayou2.lot-lot.com/image/32/2025/04/9b409645a5dba38cdab9c2067d298a3f.jpg,https://aurayou2.lot-lot.com/image/32/2025/04/9b409645a5dba38cdab9c2067d298a3f.jpg|https://aurayou2.lot-lot.com/image/32/2025/04/e933e0a80946e1c2d05ff023b536cef0.jpg|https://aurayou2.lot-lot.com/image/32/2025/04/c0c4132a6822578f48e82339e360d1fd.jpg|https://aurayou2.lot-lot.com/image/32/2025/04/ed6a68f9a4e0c8a9e5ca1a5d67c16309.jpg|https://aurayou2.lot-lot.com/image/32/2025/04/7e8eea45a42e70bb8571fc93b3d2093a.jpg|https://aurayou2.lot-lot.com/image/32/2025/04/67cdc0c5f5aced0272e7be2f0b014620.jpg,▫️▪️樱花玛瑙黄水晶魔盒手牌 - 材质：樱花玛瑙、黄水晶 尺寸：13*18mm/4mm,831|832|833|834|845|846|848|849|850|852|854|857|860|867|868|875|887
25,5748,黄水晶手串BAC723,359.00,https://aurayou2.lot-lot.com/image/32/2025/01/cf00980e10d3c948c92ab36a51c04c5c.jpg,https://aurayou2.lot-lot.com/image/32/2025/01/cf00980e10d3c948c92ab36a51c04c5c.jpg|https://aurayou2.lot-lot.com/image/32/2025/01/85b12e8c55655a2aa2534a7b8a7f1033.jpg|https://aurayou2.lot-lot.com/image/32/2025/01/266ddc62f05f6695dc54d8146436efd6.jpg|https://aurayou2.lot-lot.com/image/32/2025/01/e171c6ca1932ab1113254dee94fc7bfe.jpg|https://aurayou2.lot-lot.com/image/32/2025/01/5b512575661e0014c9c3efcbc703b5f4.jpg|https://aurayou2.lot-lot.com/image/32/2025/01/ba1e34eb154e51594e055e55a1d47e6c.jpg,▫️▪️黄水晶手串 - 材质：黄水晶 尺寸：14m,831|832|833|834|845|846|849|854|855|857|861|875
26,5746,黄水晶绿萤石随形手串BAC721,370.00,https://aurayou2.lot-lot.com/image/32/2025/01/7ff5c93ca2c3cb037463dc0a8c9f5650.jpg,https://aurayou2.lot-lot.com/image/32/2025/01/7ff5c93ca2c3cb037463dc0a8c9f5650.jpg|https://aurayou2.lot-lot.com/image/32/2025/01/23a91306d5a010bb85c0433947d44e66.jpg|https://aurayou2.lot-lot.com/image/32/2025/01/1a336ab650d4f98f16cf2130a9e6e1e4.jpg|https://aurayou2.lot-lot.com/image/32/2025/01/2fd7fd443f62d4fbd7893e7daade6699.jpg|https://aurayou2.lot-lot.com/image/32/2025/01/52b0a9f3ec9ed278f34bae8ee4dd359f.jpg|https://aurayou2.lot-lot.com/image/32/2025/01/39475b6f319494b9f44d734a89cc579a.jpg,▫️▪️黄水晶绿萤石随形手串 - 材质：黄水晶、绿萤石 尺寸：14mm,831|832|833|834|845|846|847|849|850|852|853|855|857|861|875
27,5743,黄水晶九尾狐手串BAC718,222.00,https://aurayou2.lot-lot.com/image/32/2025/01/ab1b4c2de254af0902809f99e60def55.jpg,https://aurayou2.lot-lot.com/image/32/2025/01/ab1b4c2de254af0902809f99e60def55.jpg|https://aurayou2.lot-lot.com/image/32/2025/01/55ea9425c4241ab6e9743aa507c08f0a.jpg|https://aurayou2.lot-lot.com/image/32/2025/01/1e866c190eb9a89294894ec6ce24ea4b.jpg|https://aurayou2.lot-lot.com/image/32/2025/01/b908a407f64acb436db35970bb7e2726.jpg|https://aurayou2.lot-lot.com/image/32/2025/01/5cdf1a4efaf7c9f4eae3e7027ec7e486.jpg|https://aurayou2.lot-lot.com/image/32/2025/01/2dbd1efea37a2d4eb9cd9e89e4787f09.jpg,▫️▪️黄水晶九尾狐手串 - 材质：黄水晶、白水晶 尺寸：10mm,831|833|845|846|849|854|875
28,5741,柠檬黄水晶手串BAC716,222.00,https://aurayou2.lot-lot.com/image/32/2025/01/b986f81e29a50677ae8e80612934845a.jpg,https://aurayou2.lot-lot.com/image/32/2025/01/b986f81e29a50677ae8e80612934845a.jpg|https://aurayou2.lot-lot.com/image/32/2025/01/dcb9c179e024f54e32d9c479e89c1fb5.jpg|https://aurayou2.lot-lot.com/image/32/2025/01/b5288f3bcac9e0018aba669de0ad8c01.jpg|https://aurayou2.lot-lot.com/image/32/2025/01/2d8a87d346d3ca1c51f5a09473fc1d0b.jpg|https://aurayou2.lot-lot.com/image/32/2025/01/b058f1d18e344d2308eb6f052549be95.jpg|https://aurayou2.lot-lot.com/image/32/2025/01/3a34055234ed36c09dcdf8d55f48c839.jpg,▫️▪️柠檬黄水晶手串 - 材质：柠檬黄水晶 尺寸：12mm,831|832|833|834|845|846|849|854|855|862|875
29,5686,黄水晶黄塔晶白水晶狐狐手串BAC662,302.00,https://aurayou2.lot-lot.com/image/32/2025/01/b6bfb90613fb1adea27cd5322ceafe51.jpg,https://aurayou2.lot-lot.com/image/32/2025/01/b6bfb90613fb1adea27cd5322ceafe51.jpg|https://aurayou2.lot-lot.com/image/32/2025/01/c379d8969941e6f09add5ea7c50b71fd.jpg|https://aurayou2.lot-lot.com/image/32/2025/01/8a7e5e9ad0cd7897cd87b02c0495b342.jpg|https://aurayou2.lot-lot.com/image/32/2025/01/146c12450e70efa759634dd87bdf4a25.jpg|https://aurayou2.lot-lot.com/image/32/2025/01/66e538cb883ca6ea46f5a554295993b1.jpg|https://aurayou2.lot-lot.com/image/32/2025/01/3f2bb6b4f3c304380cdafa3c7e6db461.jpg,▫️▪️黄水晶黄塔晶白水晶狐狐手串 - 材质：黄水晶、黄塔晶、白水晶 尺寸：10mm/14mm,831|832|833|834|845|846|847|849|852|853|854|857|861|866|875
30,5684,黄水晶白水晶手串BAC660,318.00,https://aurayou2.lot-lot.com/image/32/2025/01/d5d64ae337a6435b46b7617e46224a2b.jpg,https://aurayou2.lot-lot.com/image/32/2025/01/d5d64ae337a6435b46b7617e46224a2b.jpg|https://aurayou2.lot-lot.com/image/32/2025/01/6a3a2cad8978db3e1ee1c8acc66aa852.jpg|https://aurayou2.lot-lot.com/image/32/2025/01/dd5b0fe4d45c4f80860e261688b43d53.jpg|https://aurayou2.lot-lot.com/image/32/2025/01/e4b9a14cc99c5150de362e689327a5c7.jpg|https://aurayou2.lot-lot.com/image/32/2025/01/9a8b7ff77eabb5a728a9c00496865302.jpg|https://aurayou2.lot-lot.com/image/32/2025/01/de31b0ec713c90c712c32c0e2d1743bb.jpg,▫️▪️黄水晶白水晶手串 - 材质：黄水晶、白水晶 尺寸：14-15mm,831|832|833|834|845|846|847|849|852|853|854|857|861|875
31,5683,黄水晶黄锂云母魔盒手串BAC659,340.00,https://aurayou2.lot-lot.com/image/32/2025/01/98de39d9653d80d2cb1e52ee033cde7c.jpg,https://aurayou2.lot-lot.com/image/32/2025/01/98de39d9653d80d2cb1e52ee033cde7c.jpg|https://aurayou2.lot-lot.com/image/32/2025/01/9ab45aedb8fd90cba406c16235bacfdd.jpg|https://aurayou2.lot-lot.com/image/32/2025/01/ca035dcb995b0773b63cfac501c4c895.jpg|https://aurayou2.lot-lot.com/image/32/2025/01/679ed1c9e7443ab0666587ef11d780f6.jpg|https://aurayou2.lot-lot.com/image/32/2025/01/61e2b31b000e3ecd71c37fb9c81bb414.jpg|https://aurayou2.lot-lot.com/image/32/2025/01/aee38f6b757b6a021b7eae86b4003ab6.jpg,▫️▪️黄水晶黄锂云母魔盒手串 - 材质：黄水晶、黄锂云母 尺寸：14mm,831|832|833|834|845|846|849|854|855|857|858|861|867|875
32,9688,摩羯座｜稳重进阶手串BAC1304,396.00,https://aurayou2.lot-lot.com/image/32/2025/08/d3edb38914f9a7752a24249e2d1d50dc.jpg,https://aurayou2.lot-lot.com/image/32/2025/08/d3edb38914f9a7752a24249e2d1d50dc.jpg|https://aurayou2.lot-lot.com/image/32/2025/08/b1f8dac639a9ab9e237070c1842dbf46.jpg|https://aurayou2.lot-lot.com/image/32/2025/08/1a2853405504badb87f96f948e629c8e.jpg|https://aurayou2.lot-lot.com/image/32/2025/08/be0c8a604d6090916c56447189480265.jpg|https://aurayou2.lot-lot.com/image/32/2025/08/4ef5be8b680d63997eaf11fddfee9121.jpg|https://aurayou2.lot-lot.com/image/32/2025/08/58a8d19c7119ab8fee0f33ce9dfe954b.jpg,▫️▪️【摩羯座｜稳重进阶手串】 &nbsp; 黄塔晶&nbsp; 白水晶&nbsp; 海蓝宝&nbsp; 紫水晶随型 白幽灵&nbsp; 尺寸：小珠6-8m、大珠9-10m,831|832|833|834|845|846|847|849|850|851|852|853|854|858|876|1054|2058|2173
33,9455,狮子座守护系列手串BAC1287,275.00,https://aurayou2.lot-lot.com/image/32/2025/08/68459308cbda03b381add3ff90284a52.jpg,https://aurayou2.lot-lot.com/image/32/2025/08/68459308cbda03b381add3ff90284a52.jpg|https://aurayou2.lot-lot.com/image/32/2025/08/29070b578d75a06190b084b7c2da01f2.jpg|https://aurayou2.lot-lot.com/image/32/2025/08/edfe9cf423c51ac80151eaf76bc63757.jpg|https://aurayou2.lot-lot.com/image/32/2025/08/06e0e4fdec794248170e22221c536c12.jpg|https://aurayou2.lot-lot.com/image/32/2025/08/ce9dd3983fdad4ad6f1b8aa5807071db.jpg|https://aurayou2.lot-lot.com/image/32/2025/08/d2bc7463f0275b2a6ef9615d9f4223ee.jpg,"▫️▪️狮子座守护系列手串 - 材质&尺寸：黄塔晶10mm,白幽灵10mm,草莓晶10mm,星座银隔珠",831|832|833|834|845|846|848|849|852|853|854|855|876|1054|2058|2059
34,9452,金牛座守护系列手串BAC1284,355.00,https://aurayou2.lot-lot.com/image/32/2025/08/b68578b295452b20d09063c5ac0971ce.jpg,https://aurayou2.lot-lot.com/image/32/2025/08/b68578b295452b20d09063c5ac0971ce.jpg|https://aurayou2.lot-lot.com/image/32/2025/08/04f69fab3a437082cf53a4d3b3f93e1a.jpg|https://aurayou2.lot-lot.com/image/32/2025/08/ca5db8ad6beedc336a7700400740d1b2.jpg|https://aurayou2.lot-lot.com/image/32/2025/08/51301953c724cda1bc023565aab156ed.jpg|https://aurayou2.lot-lot.com/image/32/2025/08/821dd38e00dd035100799c0cdba511cf.jpg|https://aurayou2.lot-lot.com/image/32/2025/08/57f42120ba64f0cc4dbdd722d436a0fc.jpg,"▫️▪️金牛座守护系列手串 - 材质&尺寸：黄塔晶9.5-10mm,海蓝宝9.5-10mm,柠檬黄水晶9.5-10mm,星座银隔珠",831|832|833|834|845|846|847|849|852|854|855|876|895|1054|2058|2059
35,8931,黄塔晶红胶花兔毛随型手串BAC1210x,212.00,https://aurayou2.lot-lot.com/image/32/2025/07/335fada372835512328935f1edf75fb4.jpg,https://aurayou2.lot-lot.com/image/32/2025/07/335fada372835512328935f1edf75fb4.jpg|https://aurayou2.lot-lot.com/image/32/2025/07/3686fb3c6c9a8d185aa468c8c9ec39e0.jpg|https://aurayou2.lot-lot.com/image/32/2025/07/823f850f9dd785cf9843798e8417c105.jpg|https://aurayou2.lot-lot.com/image/32/2025/07/dde0d9621bbc1a8cb70b14affbe151c9.jpg|https://aurayou2.lot-lot.com/image/32/2025/07/8a62097282d103a6d3630e6c812942f0.jpg|https://aurayou2.lot-lot.com/image/32/2025/07/90162d957288c57ad977c0d88859dbde.jpg,▫️▪️黄塔晶红胶花兔毛随型手串 - 材质&尺寸：黄塔晶11.5mm，红胶花12.5mm，红胶花顶珠14mm，兔毛随型8*11.5mm,831|832|833|834|845|846|849|850|851|852|854|855|862|876|1054|1802
36,8696,紫水晶黄塔晶手串BAC1217x,238.00,https://aurayou2.lot-lot.com/image/32/2025/07/a3cdb7945bf01ebbf760440c88c02209.jpg,https://aurayou2.lot-lot.com/image/32/2025/07/a3cdb7945bf01ebbf760440c88c02209.jpg|https://aurayou2.lot-lot.com/image/32/2025/07/c0bcd4297b8c0ea08f5fef45ba320f57.jpg|https://aurayou2.lot-lot.com/image/32/2025/07/b1669da618d0e62541539666e3a68c14.jpg|https://aurayou2.lot-lot.com/image/32/2025/07/eec010d0d55c2f703e59a6b35575da6f.jpg|https://aurayou2.lot-lot.com/image/32/2025/07/79976d3129fdd21b944e8a37ffa40016.jpg|https://aurayou2.lot-lot.com/image/32/2025/07/2b3514b36ba557f76b298a789f7ce21d.jpg,"▫️▪️紫水晶黄塔晶手串 - 材质&尺寸：紫水晶9mm,黄塔晶9mm",831|832|833|834|845|846|847|849|850|852|854|855|862|876|901|1054|1799
37,8301,金霸手串BAC616x,238.00,https://aurayou2.lot-lot.com/image/32/2025/06/b342623a1c625d48aac86d4fe5308284.jpg,https://aurayou2.lot-lot.com/image/32/2025/06/b342623a1c625d48aac86d4fe5308284.jpg|https://aurayou2.lot-lot.com/image/32/2025/06/210539a88de53a3c9ce7c1d4ea611a03.jpg|https://aurayou2.lot-lot.com/image/32/2025/06/454694fb23cded0b8ba05677dda1c480.jpg|https://aurayou2.lot-lot.com/image/32/2025/06/82f78237e95634679119f92f166a9a81.jpg|https://aurayou2.lot-lot.com/image/32/2025/06/54bc77cbbd77e2f82b32279c7fbb0eaa.jpg|https://aurayou2.lot-lot.com/image/32/2025/06/f137cf3ff167cf2d10bb69cf5cbc9f5b.jpg,▫️▪️金霸手串 - 材质&尺寸：黄塔晶约10mm，白水晶约6.5mm，金发晶约9mm，黄虎眼约10mm，柠檬黄水晶貔貅约18*9mm,831|832|833|834|845|846|847|848|849|851|852|853|854|855|862|866|876|1054|1623
38,8098,黄塔晶珍珠白水晶扎基拉姆手串BAC609x,280.00,https://aurayou2.lot-lot.com/image/32/2025/06/635b0a5dc4e242df8370ce3e88c174d9.jpg,https://aurayou2.lot-lot.com/image/32/2025/06/635b0a5dc4e242df8370ce3e88c174d9.jpg|https://aurayou2.lot-lot.com/image/32/2025/06/706a04165117f12cf4787c560fb051cc.jpg|https://aurayou2.lot-lot.com/image/32/2025/06/ff0d3c9389cbb0e970a86e6f0edc0371.jpg|https://aurayou2.lot-lot.com/image/32/2025/06/8890c58ed029eaa535f824611eabb92d.jpg|https://aurayou2.lot-lot.com/image/32/2025/06/3386d75486920d5b35d877fb0f60db6a.jpg|https://aurayou2.lot-lot.com/image/32/2025/06/3b13a0846ec00ca8db1b1b1f59f43161.jpg,▫️▪️黄塔晶珍珠白水晶扎基拉姆手串 - 材质&尺寸：黄塔晶约11mm，白水晶约10mm，珍珠约8mm，白水晶扎基拉姆约12*18mm,831|832|833|834|845|846|847|848|849|850|851|852|853|854|855|862|866|876|1054|1622
39,8012,白水晶黄塔晶金发晶手串BAC067x,205.00,https://aurayou2.lot-lot.com/image/32/2025/05/24b7038d7e97e8a8aa828a7c3214bf21.jpg,https://aurayou2.lot-lot.com/image/32/2025/05/24b7038d7e97e8a8aa828a7c3214bf21.jpg|https://aurayou2.lot-lot.com/image/32/2025/05/6725c0d85ea7a462fcb5222b119c4af6.jpg|https://aurayou2.lot-lot.com/image/32/2025/05/4162937dfc34bc87e2ae0ce46682d9ce.jpg|https://aurayou2.lot-lot.com/image/32/2025/05/849ac842800394c2056de13f571a98a4.jpg|https://aurayou2.lot-lot.com/image/32/2025/05/ca055cc7140742a99bf050d225ecd106.jpg|https://aurayou2.lot-lot.com/image/32/2025/05/148fd767194b9a047d8b8f8dcb660bc3.jpg,▫️▪️白水晶黄塔晶金发晶手串 - 材质&尺寸：白水晶6mm，黄塔晶6mm，金发晶约10mm,831|832|833|834|845|846|847|848|849|851|852|853|854|855|863|865|876|915|1054|1527
40,8011,黄塔晶白幽灵手串BAC332x,275.00,https://aurayou2.lot-lot.com/image/32/2025/05/32e44a9a5aa5089c3aa3def90ee4887d.jpg,https://aurayou2.lot-lot.com/image/32/2025/05/32e44a9a5aa5089c3aa3def90ee4887d.jpg|https://aurayou2.lot-lot.com/image/32/2025/05/2df86c8e703b7c7126c86e760c180bfb.jpg|https://aurayou2.lot-lot.com/image/32/2025/05/adcd4983effa85c7296515a4865d620a.jpg|https://aurayou2.lot-lot.com/image/32/2025/05/b518e442d872914f189590bc176d51b4.jpg|https://aurayou2.lot-lot.com/image/32/2025/05/2f5211425b032cf2313dfd334ac5e920.jpg|https://aurayou2.lot-lot.com/image/32/2025/05/f894bb99c47a0911452d4ebc7a7573c8.jpg,▫️▪️黄塔晶白幽灵手串 - 材质&尺寸：黄塔晶10mm、白幽灵12mm,831|832|833|834|845|846|849|852|853|854|857|862|876|1054|1527
41,7979,黄塔晶白水晶方糖手串BAC149x,105.00,https://aurayou2.lot-lot.com/image/32/2025/05/bc216ae3c6701827dd04db5201d92478.jpg,https://aurayou2.lot-lot.com/image/32/2025/05/bc216ae3c6701827dd04db5201d92478.jpg|https://aurayou2.lot-lot.com/image/32/2025/05/800c3c20087705c61da51bb578c669de.jpg|https://aurayou2.lot-lot.com/image/32/2025/05/3dd72f2b4fb80e08ecdd7fdd9176fdf7.jpg|https://aurayou2.lot-lot.com/image/32/2025/05/276f2bde74571db7f93199a32465791d.jpg|https://aurayou2.lot-lot.com/image/32/2025/05/849f8775db2d7d382065f1774332cdc0.jpg|https://aurayou2.lot-lot.com/image/32/2025/05/213824132ec105e1af68867586b0605b.jpg,▫️▪️黄塔晶白水晶方糖手串 - 材质&尺寸：黄塔晶9-10mm、白水晶11mm,831|832|833|834|845|846|847|849|851|852|853|854|860|862|876|1054|1227
42,7831,黄塔晶金虎眼手串BAC309x,145.00,https://aurayou2.lot-lot.com/image/32/2025/04/433bdb109b260d5a39531b7e68b5ed38.jpg,https://aurayou2.lot-lot.com/image/32/2025/04/433bdb109b260d5a39531b7e68b5ed38.jpg|https://aurayou2.lot-lot.com/image/32/2025/04/cddb5ea0a45449032cf5d05ae110db7f.jpg|https://aurayou2.lot-lot.com/image/32/2025/04/f17e5f898ecb30d9b9a7367543cd53ac.jpg|https://aurayou2.lot-lot.com/image/32/2025/04/6fd1caf52d52544da175b3bc2a68762d.jpg|https://aurayou2.lot-lot.com/image/32/2025/04/8aa20d33d517304c3dcdfa3d4a399510.jpg|https://aurayou2.lot-lot.com/image/32/2025/04/cdd28b74ce7b23e0f7c3cca4f1927500.jpg,▫️▪️黄塔晶金虎眼手串 - 材质&尺寸：黄塔晶9-10mm、金虎眼10mm,831|832|833|834|845|846|849|851|852|854|855|862|876|880|1054|1209
43,7792,黄塔晶白水晶手串BAC495x,369.00,https://aurayou2.lot-lot.com/image/32/2025/04/6fc45aeee681467178fdcc6a52a16943.jpg,https://aurayou2.lot-lot.com/image/32/2025/04/6fc45aeee681467178fdcc6a52a16943.jpg|https://aurayou2.lot-lot.com/image/32/2025/04/407ccb8e643adeee76155bf0645837e7.jpg|https://aurayou2.lot-lot.com/image/32/2025/04/93b534def37722844d27f89358c5d495.jpg|https://aurayou2.lot-lot.com/image/32/2025/04/d0f1ea7677b76f8612907f9ed2ba74b3.jpg|https://aurayou2.lot-lot.com/image/32/2025/04/9584b78b5b6b370911db1c3dc3d373fe.jpg|https://aurayou2.lot-lot.com/image/32/2025/04/cf25c0115283ae2fb563c887683ae67f.jpg,▫️▪️黄塔晶白水晶手串 - 材质&尺寸：黄塔晶11mm、白水晶14mm,831|832|833|834|845|846|847|849|851|852|853|854|855|862|876|915|1054|1208
44,7601,黄塔晶黄虎眼手串BAC948,200.00,https://aurayou2.lot-lot.com/image/32/2025/03/14fcff49f78fa611ea5a0bb41fba9179.jpg,https://aurayou2.lot-lot.com/image/32/2025/03/14fcff49f78fa611ea5a0bb41fba9179.jpg|https://aurayou2.lot-lot.com/image/32/2025/03/8e2ae71cf3b3e7b8f2801d8f23f5fb70.jpg|https://aurayou2.lot-lot.com/image/32/2025/03/ba156f0b123d72d0b6df541f493c16e5.jpg|https://aurayou2.lot-lot.com/image/32/2025/03/c11b45d963bdfdaade7e74a7d4242971.jpg|https://aurayou2.lot-lot.com/image/32/2025/03/9609feea92c4efe77188a806b02e686a.jpg|https://aurayou2.lot-lot.com/image/32/2025/03/c8c99e980c90c301304a740c3f432681.jpg,▫️▪️黄塔晶黄虎眼手串 - 材质：黄塔晶，黄虎眼 尺寸：8mm,831|832|833|834|845|846|849|851|852|854|855|863|876
45,6930,黄塔晶925银招财猫手串BAC954,398.00,https://aurayou2.lot-lot.com/image/32/2025/03/6f27375c72c9f974855b5ca63044e8f2.jpg,https://aurayou2.lot-lot.com/image/32/2025/03/6f27375c72c9f974855b5ca63044e8f2.jpg|https://aurayou2.lot-lot.com/image/32/2025/03/94e1f930f80d44d8d93eed034cc1b72c.jpg|https://aurayou2.lot-lot.com/image/32/2025/03/c0d2d93158a40e20db60055b448cdefa.jpg|https://aurayou2.lot-lot.com/image/32/2025/03/0ef01981adf6817f80b652c35f900765.jpg|https://aurayou2.lot-lot.com/image/32/2025/03/02d6ce15f3b6b59c5dc676508d7d5102.jpg|https://aurayou2.lot-lot.com/image/32/2025/03/f54752d796a606becd24289941611ac2.jpg,▫️▪️黄塔晶925银招财猫手串 - 材质：黄塔晶，粉晶，白阿塞，白水晶方块 尺寸：6mm,831|832|833|834|845|846|847|848|849|851|852|853|854|857|863|865|876
46,6771,黄塔晶手串BAC955,230.00,https://aurayou2.lot-lot.com/image/32/2025/03/dd62d0b503e1ba157e17a6e67d71f519.jpg,https://aurayou2.lot-lot.com/image/32/2025/03/dd62d0b503e1ba157e17a6e67d71f519.jpg|https://aurayou2.lot-lot.com/image/32/2025/03/57ad060e65a7ae7c0b91d839bc052390.jpg|https://aurayou2.lot-lot.com/image/32/2025/03/74fb40e2ae4962df6df5899038f49fe3.jpg|https://aurayou2.lot-lot.com/image/32/2025/03/55916e0c42705c4d28670337b9bdd4b1.jpg|https://aurayou2.lot-lot.com/image/32/2025/03/a4f8155ab97e0a8b7861a7300729adc4.jpg|https://aurayou2.lot-lot.com/image/32/2025/03/f86c87f1504ebeb1e561f213def7dd1c.jpg,▫️▪️黄塔晶手串 - 材质：黄塔晶 尺寸：9mm,831|832|833|834|845|846|849|854|855|862|876|1054|1056
47,6770,黄塔晶金护虎黄水晶貔貅手串BAC952,215.00,https://aurayou2.lot-lot.com/image/32/2025/03/2bdda9a3e1db10c56606cd89b97cb181.jpg,https://aurayou2.lot-lot.com/image/32/2025/03/2bdda9a3e1db10c56606cd89b97cb181.jpg|https://aurayou2.lot-lot.com/image/32/2025/03/326a808c15f86bf77bf520982bdd2533.jpg|https://aurayou2.lot-lot.com/image/32/2025/03/6c13cf54087a524b8c500f4794419601.jpg|https://aurayou2.lot-lot.com/image/32/2025/03/6656f8506f029c50302a2fd97a87b388.jpg|https://aurayou2.lot-lot.com/image/32/2025/03/7e09c019b79336d69e18e1ab663b2e12.jpg|https://aurayou2.lot-lot.com/image/32/2025/03/7671a511eb34886f2d1d45146f4964ea.jpg,▫️▪️黄塔晶金护眼黄水晶貔貅手串 - 材质：金虎眼，金虎眼，黄塔晶 尺寸：6mm、7mm,831|832|833|834|845|846|849|851|852|854|855|865|876|880|1054|1056
48,6769,黄塔晶黄水晶貔貅手串BAC949,258.00,https://aurayou2.lot-lot.com/image/32/2025/03/ddee5846483522b78a9ef6c1ab83a3b7.jpg,https://aurayou2.lot-lot.com/image/32/2025/03/ddee5846483522b78a9ef6c1ab83a3b7.jpg|https://aurayou2.lot-lot.com/image/32/2025/03/90bdced0151593002ff39be49daa3109.jpg|https://aurayou2.lot-lot.com/image/32/2025/03/1d865e2c77444732f2b130d92146d697.jpg|https://aurayou2.lot-lot.com/image/32/2025/03/9e6b36f244277632fdf21905777c0922.jpg|https://aurayou2.lot-lot.com/image/32/2025/03/c8e827eca6488c2ed9c32155991efd4a.jpg|https://aurayou2.lot-lot.com/image/32/2025/03/6f905444abcde920d681aa490e6b9efa.jpg,▫️▪️黄塔晶黄水晶貔貅手串 - 材质：黄塔晶，黄水晶貔貅 尺寸：8mm,831|832|833|834|845|846|849|854|855|862|876|1054|1056
49,6744,黄虎眼黄塔晶黄水晶狐狸手串BAC964,200.00,https://aurayou2.lot-lot.com/image/32/2025/02/52e27338e2218d3a5de037ae051de5f8.jpg,https://aurayou2.lot-lot.com/image/32/2025/02/52e27338e2218d3a5de037ae051de5f8.jpg|https://aurayou2.lot-lot.com/image/32/2025/02/99d10d6a3be787ec439469f3257eba9f.jpg|https://aurayou2.lot-lot.com/image/32/2025/02/e77bcd902cf7a1d8cfdefb4ea2bd22d7.jpg|https://aurayou2.lot-lot.com/image/32/2025/02/096fcf8270e6ee7369f30647e000664c.jpg|https://aurayou2.lot-lot.com/image/32/2025/02/5752688fe827c52a869e883a5975e90e.jpg|https://aurayou2.lot-lot.com/image/32/2025/02/af510b5bfad694c30e4ee6192b52d2d4.jpg,▫️▪️黄虎眼黄塔晶黄水晶狐狸手串 - 材质：黄虎眼，黄塔晶，黄水晶炸毛狐狸 尺寸：10mm,831|832|833|834|845|846|849|851|852|854|855|862|876|879|1054|1055
50,6407,黄塔晶红胶花幽灵魔盒手串BAC1025,150.00,https://aurayou2.lot-lot.com/image/32/2025/01/4d18af47515bdb724b778852d7b0e353.jpg,https://aurayou2.lot-lot.com/image/32/2025/01/4d18af47515bdb724b778852d7b0e353.jpg|https://aurayou2.lot-lot.com/image/32/2025/01/342744156b49e214072f508e1576f8ab.jpg|https://aurayou2.lot-lot.com/image/32/2025/01/6798e24881bfaa5d08cc5a1b541c5b63.jpg|https://aurayou2.lot-lot.com/image/32/2025/01/ae1650a1a43dfce5d101361f4b3449a3.jpg|https://aurayou2.lot-lot.com/image/32/2025/01/0e793dd47be2e055e519f76343629d8d.jpg|https://aurayou2.lot-lot.com/image/32/2025/01/a989f37631d3da25da0e96215ccc2d7b.jpg,▫️▪️黄塔晶红胶花幽灵魔盒手串 - 材质：黄塔晶、红胶花、幽灵魔盒 尺寸：11mm,831|832|833|834|845|846|847|849|850|852|854|858|862|867|876
51,5768,黄塔晶双圈手串BAC743,249.00,https://aurayou2.lot-lot.com/image/32/2025/01/f2aae0f5b44fb375c7d46f24ad5b1962.jpg,https://aurayou2.lot-lot.com/image/32/2025/01/f2aae0f5b44fb375c7d46f24ad5b1962.jpg|https://aurayou2.lot-lot.com/image/32/2025/01/409aa4a8c96aec21687e580e40c8a7f8.jpg|https://aurayou2.lot-lot.com/image/32/2025/01/de2e616fd548c30218d53f5a3e7432e6.jpg|https://aurayou2.lot-lot.com/image/32/2025/01/88130b09dc5ab423e2bdb6d5e6a1a6b3.jpg|https://aurayou2.lot-lot.com/image/32/2025/01/609abb23a2d52a61741d7ce1c553f001.jpg|https://aurayou2.lot-lot.com/image/32/2025/01/b2666f90051768cb7f0e708a7f4088c6.jpg,▫️▪️黄塔晶双圈手串 - 材质：黄塔晶、金虎眼、蓝月光、白水晶 尺寸：6mm/9-10mm,831|832|833|834|845|846|848|849|850|852|853|855|860|863|865|876|880
52,5767,黄虎眼黄塔晶黑金超魔盒手串BAC742,200.00,https://aurayou2.lot-lot.com/image/32/2025/01/3cd44c879393343117a7780dabe0a3f2.jpg,https://aurayou2.lot-lot.com/image/32/2025/01/3cd44c879393343117a7780dabe0a3f2.jpg|https://aurayou2.lot-lot.com/image/32/2025/01/c616861fc2e529c9bea7b8b91deb0000.jpg|https://aurayou2.lot-lot.com/image/32/2025/01/002958f7821442c0f42bb329ad9c7505.jpg|https://aurayou2.lot-lot.com/image/32/2025/01/3637ba85d729ce6920c0df8305af5a0e.jpg|https://aurayou2.lot-lot.com/image/32/2025/01/9762c5c99fb434d313e71d69872b0508.jpg|https://aurayou2.lot-lot.com/image/32/2025/01/5bad7ab23893f2f25b62affba79c5390.jpg,▫️▪️黄虎眼黄塔晶黑金超魔盒手串 - 材质：黄虎眼、黄塔晶、黑金超、茶水晶、四季幽灵 尺寸：11-12mm,831|832|833|834|845|846|851|852|855|860|862|867|876|929
53,5766,金虎眼黄虎眼茶水晶手串BAC741,200.00,https://aurayou2.lot-lot.com/image/32/2025/01/21c5131656d9baa82b236281ab0dfd47.jpg,https://aurayou2.lot-lot.com/image/32/2025/01/21c5131656d9baa82b236281ab0dfd47.jpg|https://aurayou2.lot-lot.com/image/32/2025/01/5b726ba81fcf674dea199e86ab9c6fd3.jpg|https://aurayou2.lot-lot.com/image/32/2025/01/ddbcf3fae292080411d01c4255aba857.jpg|https://aurayou2.lot-lot.com/image/32/2025/01/0d477bbf979b7ed7e1991707a371ed69.jpg|https://aurayou2.lot-lot.com/image/32/2025/01/8ef50353b62ac37aaa83f31d6a8d0aa0.jpg|https://aurayou2.lot-lot.com/image/32/2025/01/a648b779d531e9e968360c7bfc87218b.jpg,▫️▪️金虎眼黄虎眼茶水晶手串 - 材质：金虎眼、黄虎眼、茶水晶、黄塔晶 尺寸：11-12mm,831|832|833|834|845|846|850|851|852|855|862|876|879|880
54,5765,金虎眼黄塔晶手串BAC740,305.00,https://aurayou2.lot-lot.com/image/32/2025/01/a043b469ba658de05d5540d0c9976f64.jpg,https://aurayou2.lot-lot.com/image/32/2025/01/a043b469ba658de05d5540d0c9976f64.jpg|https://aurayou2.lot-lot.com/image/32/2025/01/1857bf1e795075263c1345d3d1d2d970.jpg|https://aurayou2.lot-lot.com/image/32/2025/01/82c3161abc2adfdeb8508cdbacbea736.jpg|https://aurayou2.lot-lot.com/image/32/2025/01/cea570293367195aebbdbb859b90e98e.jpg|https://aurayou2.lot-lot.com/image/32/2025/01/7a6ea896708b7c78dc6288bd398acf46.jpg|https://aurayou2.lot-lot.com/image/32/2025/01/ce67670fff43217cb7db5c12d3bb9bff.jpg,▫️▪️金虎眼黄塔晶手串 - 材质：金虎眼、黄塔晶 尺寸：10mm,831|832|833|834|845|846|849|851|852|854|855|862|876|880
55,5763,金虎眼黄塔晶手串BAC738,295.00,https://aurayou2.lot-lot.com/image/32/2025/01/54c93511f44aaab4510d8c1f51ce4b18.jpg,https://aurayou2.lot-lot.com/image/32/2025/01/54c93511f44aaab4510d8c1f51ce4b18.jpg|https://aurayou2.lot-lot.com/image/32/2025/01/3541b22f06af635c27d2bfbf38dfa998.jpg|https://aurayou2.lot-lot.com/image/32/2025/01/0f8e85cc5c2f5ad3d9ae12b0910d11fa.jpg|https://aurayou2.lot-lot.com/image/32/2025/01/6ae6cba7fb3201031eb3ddd571986156.jpg|https://aurayou2.lot-lot.com/image/32/2025/01/4a6703e6c47999b7c4fa1c11b6b869c0.jpg|https://aurayou2.lot-lot.com/image/32/2025/01/a9534ea832f28d6897f8bae7c734847a.jpg,▫️▪️金虎眼黄塔晶手串 - 材质：金虎眼、黄塔晶 尺寸：11-12mm,831|832|833|834|845|846|849|851|852|854|855|862|876|880
56,5762,黄塔晶金虎眼黄虎眼手串BAC737,218.00,https://aurayou2.lot-lot.com/image/32/2025/01/65fe45bca95642552195c1c4206c57f7.jpg,https://aurayou2.lot-lot.com/image/32/2025/01/65fe45bca95642552195c1c4206c57f7.jpg|https://aurayou2.lot-lot.com/image/32/2025/01/e3444386bc8fb1952840584ac9a77b04.jpg|https://aurayou2.lot-lot.com/image/32/2025/01/9422a3471a5f6b905909781d69fb8f77.jpg|https://aurayou2.lot-lot.com/image/32/2025/01/20afe4f985eee5ebc6f26d85dcf8a6eb.jpg|https://aurayou2.lot-lot.com/image/32/2025/01/d5caed9069b4a9f9b3be64b99d310fe6.jpg|https://aurayou2.lot-lot.com/image/32/2025/01/04f884f35190004f52a8d112c1e18c5c.jpg,▫️▪️黄塔晶金虎眼黄虎眼手串 - 材质：黄塔晶、金虎眼、黄虎眼 尺寸：10mm,831|832|833|834|845|846|851|852|854|855|862|876|880
57,5755,黄塔晶黄虎眼手串BAC730,300.00,https://aurayou2.lot-lot.com/image/32/2025/01/3a5f9c55c6331791ed25bc75029ab788.jpg,https://aurayou2.lot-lot.com/image/32/2025/01/3a5f9c55c6331791ed25bc75029ab788.jpg|https://aurayou2.lot-lot.com/image/32/2025/01/75462412b52fa68bbabe447030ec7dff.jpg|https://aurayou2.lot-lot.com/image/32/2025/01/d69b34eb1ca7f983169088bedb728013.jpg|https://aurayou2.lot-lot.com/image/32/2025/01/a8554cb2fd3334175baf2e56cbb6b537.jpg|https://aurayou2.lot-lot.com/image/32/2025/01/f79ad8f99339dbe46b35545b6c0da78e.jpg|https://aurayou2.lot-lot.com/image/32/2025/01/087690d186272ba6fd4416d95f2e7c5f.jpg,▫️▪️黄塔晶黄虎眼手串 - 材质：黄塔晶、黄虎眼 尺寸：12mm,831|832|833|834|845|846|849|850|851|855|862|876
58,5754,黄塔晶白水晶金虎眼手串BAC729,218.00,https://aurayou2.lot-lot.com/image/32/2025/01/c83c83f6808456196fbc0f2f4afc9048.jpg,https://aurayou2.lot-lot.com/image/32/2025/01/c83c83f6808456196fbc0f2f4afc9048.jpg|https://aurayou2.lot-lot.com/image/32/2025/01/e6dd4300393c742b1cf808e02feb3dd1.jpg|https://aurayou2.lot-lot.com/image/32/2025/01/3446ea15a6cb311f13f284152fb65aaf.jpg|https://aurayou2.lot-lot.com/image/32/2025/01/55a64475178dab7450908bded596a91e.jpg|https://aurayou2.lot-lot.com/image/32/2025/01/bcfdf559158c92d6dd286c414f98f0b1.jpg|https://aurayou2.lot-lot.com/image/32/2025/01/9467c0bf50895787454db374f2a79527.jpg,▫️▪️黄塔晶白水晶金虎眼手串 - 材质：黄塔晶、白水晶、金虎眼 尺寸：8mm,831|832|833|834|845|846|849|850|851|853|855|863|876
59,5685,黄水晶黄塔晶白水晶狐狐手串BAC661,139.00,https://aurayou2.lot-lot.com/image/32/2025/01/febdcac1e23c830fd9277759e9fa0f2f.jpg,https://aurayou2.lot-lot.com/image/32/2025/01/febdcac1e23c830fd9277759e9fa0f2f.jpg|https://aurayou2.lot-lot.com/image/32/2025/01/0eb91dd0abe0fb97e78759b183bcd103.jpg|https://aurayou2.lot-lot.com/image/32/2025/01/bbc254886d170d726ad12097dfed1a52.jpg|https://aurayou2.lot-lot.com/image/32/2025/01/163fe66736a49318bd2df4aed1b79401.jpg|https://aurayou2.lot-lot.com/image/32/2025/01/2769c5e8b55e2fd4fe1d7664e760c91c.jpg|https://aurayou2.lot-lot.com/image/32/2025/01/e8ff2957a604a164a97d7ee7dd441660.jpg,▫️▪️黄水晶黄塔晶白水晶狐狐手串 - 材质：黄水晶、黄塔晶、白水晶 尺寸：11-12mm,831|832|833|834|845|846|847|849|852|853|854|857|860|862|866|876
60,8932,黄阿塞手串BAC1216x,462.00,https://aurayou2.lot-lot.com/image/32/2025/07/b25c66327fbe45c639636d00e8c18ed6.jpg,https://aurayou2.lot-lot.com/image/32/2025/07/b25c66327fbe45c639636d00e8c18ed6.jpg|https://aurayou2.lot-lot.com/image/32/2025/07/6f8d1a69b6a77fb02492e9818679f4c1.jpg|https://aurayou2.lot-lot.com/image/32/2025/07/3783c4c013762c8be774f4623fce724d.jpg|https://aurayou2.lot-lot.com/image/32/2025/07/18b229c7057c28822921e3a97d328512.jpg|https://aurayou2.lot-lot.com/image/32/2025/07/808b62247db312f8cc76edcb2e207b8a.jpg|https://aurayou2.lot-lot.com/image/32/2025/07/0fc0a1fe5a7b726dcb9b78d97a394d6b.jpg,▫️▪️黄阿塞手串 - 材质&尺寸：黄阿塞9-9.5mm,831|832|833|834|845|846|849|854|855|863|877|1054|1802
61,6402,黄阿塞青金石手串（男士）BAC596,338.00,https://aurayou2.lot-lot.com/image/32/2025/01/e82e5a50c7074d5568fb487db9d02b96.jpg,https://aurayou2.lot-lot.com/image/32/2025/01/e82e5a50c7074d5568fb487db9d02b96.jpg|https://aurayou2.lot-lot.com/image/32/2025/01/89a6bb01ff434dea84da458837d5a141.jpg|https://aurayou2.lot-lot.com/image/32/2025/01/7f314b1c1b9341a195278c531a9698d6.jpg|https://aurayou2.lot-lot.com/image/32/2025/01/169cb2c7743499775ecc912db3ff69fb.jpg|https://aurayou2.lot-lot.com/image/32/2025/01/74f9db77989dc5288398b209574881b6.jpg|https://aurayou2.lot-lot.com/image/32/2025/01/7cb5e152db9b10c7ec6ec5cd03fc53be.jpg,▫️▪️ 黄阿塞青金石手串（男士） - 材质：黄阿塞、青金石 尺寸：10.5mm,831|834|870|877
62,5749,黄阿塞四季幽灵魔盒手串BAC724,380.00,https://aurayou2.lot-lot.com/image/32/2025/01/3cebc17a06f64aca3108cd45a5a630bd.jpg,https://aurayou2.lot-lot.com/image/32/2025/01/3cebc17a06f64aca3108cd45a5a630bd.jpg|https://aurayou2.lot-lot.com/image/32/2025/01/a2639aed92b95f366fb631e09e10ebe4.jpg|https://aurayou2.lot-lot.com/image/32/2025/01/9308548137c9459b71d855666e70b2df.jpg|https://aurayou2.lot-lot.com/image/32/2025/01/f85285357bccfc8002866d24e0c31619.jpg|https://aurayou2.lot-lot.com/image/32/2025/01/9ca1dd395c05d393259a6013c64e0f4c.jpg|https://aurayou2.lot-lot.com/image/32/2025/01/ea1e69db61815387eaeb387dfb5c2328.jpg,▫️▪️黄阿塞四季幽灵魔盒手串 - 材质：黄阿塞、四季幽灵 尺寸：14mm,831|832|833|834|845|847|849|850|855|857|861|867|877
63,9457,天秤座守护系列手串BAC1289,275.00,https://aurayou2.lot-lot.com/image/32/2025/08/d2e14feb52bab739e4e40233a7ac3bdd.jpg,https://aurayou2.lot-lot.com/image/32/2025/08/d2e14feb52bab739e4e40233a7ac3bdd.jpg|https://aurayou2.lot-lot.com/image/32/2025/08/458eb41b1e7e74bfcb44694e6a7d83d5.jpg|https://aurayou2.lot-lot.com/image/32/2025/08/de96d3e303224862240b135d3921dfcf.jpg|https://aurayou2.lot-lot.com/image/32/2025/08/a4ebf79466208f2ea7a9cf168359a441.jpg|https://aurayou2.lot-lot.com/image/32/2025/08/9f3c5e183ada1c94df3f1c2451fc474d.jpg|https://aurayou2.lot-lot.com/image/32/2025/08/9d5187e8e815870ade2caa29d2dc668d.jpg,"▫️▪️天秤座守护系列手串 - 材质&尺寸：黄胶花10mm,紫锂辉10mm,南红10mm,白月光10mm,星座银隔珠",831|832|833|834|845|846|848|849|850|852|853|854|855|878|1054|2058|2059
64,7617,黄胶花白水晶手串BAC958,316.00,https://aurayou2.lot-lot.com/image/32/2025/03/b88e4a266712a1b91595b3fda3660118.jpg,https://aurayou2.lot-lot.com/image/32/2025/03/b88e4a266712a1b91595b3fda3660118.jpg|https://aurayou2.lot-lot.com/image/32/2025/03/4aa4c17d9bf3d0bc1a8add536991c1f4.jpg|https://aurayou2.lot-lot.com/image/32/2025/03/3b0d6736460f762a09926f49c4dbbeaf.jpg|https://aurayou2.lot-lot.com/image/32/2025/03/b1583aa9f84aef6466e49d34a15051bc.jpg|https://aurayou2.lot-lot.com/image/32/2025/03/d629385dc85bf8ad7cff5785110a5994.jpg|https://aurayou2.lot-lot.com/image/32/2025/03/dfae6c10c02f4a0ba66a597213cfb4eb.jpg,"▫️▪️黄胶花白水晶手串 - 材质：黄胶花,白水晶 尺寸：14mm",831|832|833|834|845|846|848|849|852|853|854|857|861|878|1054|1187
65,6743,黄胶花白水晶贝珠跑环手串BAC959,350.00,https://aurayou2.lot-lot.com/image/32/2025/02/19f3f52c402188b73a1f574c410371cc.jpg,https://aurayou2.lot-lot.com/image/32/2025/02/19f3f52c402188b73a1f574c410371cc.jpg|https://aurayou2.lot-lot.com/image/32/2025/02/478a4a8cdc939bdce43823ead9b12a12.jpg|https://aurayou2.lot-lot.com/image/32/2025/02/13611c68f361b1a41c7ed5edf713430a.jpg|https://aurayou2.lot-lot.com/image/32/2025/02/c7f18e3dd138450514b16740defc9ba3.jpg|https://aurayou2.lot-lot.com/image/32/2025/02/bccec27506a376c52cb5eb6ba244eeef.jpg|https://aurayou2.lot-lot.com/image/32/2025/02/a5c9f456006a0f5f76c60acb1db112b4.jpg,▫️▪️黄胶花白水晶贝珠跑环手串 - 材质：黄胶花，白水晶，贝珠 尺寸：13mm,831|832|833|834|845|846|847|848|849|850|851|852|853|854|857|862|878|1054|1055
66,5759,黄胶花白水晶手串BAC734,425.00,https://aurayou2.lot-lot.com/image/32/2025/01/fe96eefed3575d0b20cd08c12563c754.jpg,https://aurayou2.lot-lot.com/image/32/2025/01/fe96eefed3575d0b20cd08c12563c754.jpg|https://aurayou2.lot-lot.com/image/32/2025/01/72f67cb269ceabbe7ed8f1d98f8a055f.jpg|https://aurayou2.lot-lot.com/image/32/2025/01/7d5b57c4c17446cc67b75b120647e30c.jpg|https://aurayou2.lot-lot.com/image/32/2025/01/2b6072700ba19e249974b54045382407.jpg|https://aurayou2.lot-lot.com/image/32/2025/01/0d9cafb898285fb7d5125fa0d635ea8e.jpg|https://aurayou2.lot-lot.com/image/32/2025/01/3deac435f5cc0249397e56ae8a0f1b27.jpg,▫️▪️黄胶花白水晶手串 - 材质：黄胶花、白水晶、蓝月光、珍珠 尺寸：17mm,831|832|833|834|845|846|847|849|851|852|853|854|857|858|861|878
67,7618,黄虎眼黑金超手串BAC962,238.00,https://aurayou2.lot-lot.com/image/32/2025/03/4552268548d48608f58fccbf333dfdbc.jpg,https://aurayou2.lot-lot.com/image/32/2025/03/4552268548d48608f58fccbf333dfdbc.jpg|https://aurayou2.lot-lot.com/image/32/2025/03/c3f132335657486dd35c9f62b0ea0f0d.jpg|https://aurayou2.lot-lot.com/image/32/2025/03/8bafc4178ae2f213c146e9969bff1913.jpg|https://aurayou2.lot-lot.com/image/32/2025/03/7f497874e3482c6161da09f4f0676a80.jpg|https://aurayou2.lot-lot.com/image/32/2025/03/692498f9f037b5ab7e58ffa0b8c02a99.jpg|https://aurayou2.lot-lot.com/image/32/2025/03/c5e3b5b142cc4040dfc337d831dea36a.jpg,▫️▪️黄虎眼黑金超手串 - 材质：黄虎眼，黑金超 尺寸：14mm,831|832|833|834|845|846|851|852|860|861|870|879|1054|1187
68,6642,黄虎眼银曜石蔷薇石手串BAC961,72.00,https://aurayou2.lot-lot.com/image/32/2025/02/bf929c02a9e8accbac5e370c394ae292.jpg,https://aurayou2.lot-lot.com/image/32/2025/02/bf929c02a9e8accbac5e370c394ae292.jpg|https://aurayou2.lot-lot.com/image/32/2025/02/ecdddbf579c5db2750d3d4ff9fc8e276.jpg|https://aurayou2.lot-lot.com/image/32/2025/02/36935d0391e3692f0f63052a88df41cf.jpg|https://aurayou2.lot-lot.com/image/32/2025/02/0b1029da221687ced9cf6abe64396312.jpg|https://aurayou2.lot-lot.com/image/32/2025/02/469398d12374877aceac8798e92e82b1.jpg|https://aurayou2.lot-lot.com/image/32/2025/02/ae36cff56d51c927253af5b5f18dd174.jpg,▫️▪️黄虎眼银曜石蔷薇石手串 - 材质：黄虎眼，银曜石，蔷薇石 尺寸：8mm,831|832|833|834|845|846|848|849|850|851|852|853|854|860|863|879|912|1054|1055
69,6393,茶水晶黄虎眼手串（男士）BAC161,65.00,https://aurayou2.lot-lot.com/image/32/2025/01/cde8c5c4461a52b770ac8a6cff4b4599.jpg,https://aurayou2.lot-lot.com/image/32/2025/01/cde8c5c4461a52b770ac8a6cff4b4599.jpg|https://aurayou2.lot-lot.com/image/32/2025/01/9783cae675685508684a17256417a103.jpg|https://aurayou2.lot-lot.com/image/32/2025/01/f1d7b142fd202e19513f698c0ae9ecd0.jpg|https://aurayou2.lot-lot.com/image/32/2025/01/b7c97adbf5c8f1534810c6ae2787483c.jpg|https://aurayou2.lot-lot.com/image/32/2025/01/5a308eb70a7b33167c9995a7175eb84f.jpg|https://aurayou2.lot-lot.com/image/32/2025/01/c6d6a68fd2c44c498c96e21997753ce6.jpg,▫️▪️ 茶水晶黄虎眼手串（男士） - 材质：茶水晶、黄虎眼 尺寸：10mm,831|834|870|879|925
70,6392,黑金系手串（男士）BAC622,100.00,https://aurayou2.lot-lot.com/image/32/2025/01/649ce8fda422225d7619d9b840dc6d32.jpg,https://aurayou2.lot-lot.com/image/32/2025/01/649ce8fda422225d7619d9b840dc6d32.jpg|https://aurayou2.lot-lot.com/image/32/2025/01/7ad569f5f7d2c44be5ffecae36ec4f7b.jpg|https://aurayou2.lot-lot.com/image/32/2025/01/f7c80511404ae2429a5acb16fde0177b.jpg|https://aurayou2.lot-lot.com/image/32/2025/01/cba918abb7171f5687a457dec31d8d37.jpg|https://aurayou2.lot-lot.com/image/32/2025/01/04aefd0bf2a57134414196d9fd1ae605.jpg|https://aurayou2.lot-lot.com/image/32/2025/01/958f998c9049c5b0190930da3b6d4fae.jpg,▫️▪️ 黑金系手串（男士） - 材质：金曜石、黄虎眼、黑金超 尺寸：12mm,831|834|870|879|911
71,6412,金色系手串BAC1030,395.00,https://aurayou2.lot-lot.com/image/32/2025/01/af5525f46ac60f146dbe907ac79b20d9.jpg,https://aurayou2.lot-lot.com/image/32/2025/01/af5525f46ac60f146dbe907ac79b20d9.jpg|https://aurayou2.lot-lot.com/image/32/2025/01/6ee5ae1307ff318e5065836727c015d6.jpg|https://aurayou2.lot-lot.com/image/32/2025/01/37b74b04e2e47c6859714c482e12d37d.jpg|https://aurayou2.lot-lot.com/image/32/2025/01/bf5bfba88b29e360098268d7fa236907.jpg|https://aurayou2.lot-lot.com/image/32/2025/01/58c8b886d4520caafe6810e625778f12.jpg|https://aurayou2.lot-lot.com/image/32/2025/01/7b023946762f3e6bd237e97efee35f78.jpg,▫️▪️金色系手串 - 材质：金虎眼、金曜石、金骨干、黑金超、黄塔晶 尺寸：13-14mm,831|832|833|834|845|846|849|850|851|852|854|858|862|880
72,5764,金虎眼黄胶花手串BAC739,410.00,https://aurayou2.lot-lot.com/image/32/2025/01/ba4dd9b3dee011f730ec8cb9c7bae402.jpg,https://aurayou2.lot-lot.com/image/32/2025/01/ba4dd9b3dee011f730ec8cb9c7bae402.jpg|https://aurayou2.lot-lot.com/image/32/2025/01/8cea2a0886ea3a804cfe92375f4fb024.jpg|https://aurayou2.lot-lot.com/image/32/2025/01/c59cc43aca33eff6fc66ab555586e093.jpg|https://aurayou2.lot-lot.com/image/32/2025/01/4407337dbd23f96dd1e256bd353c8bf8.jpg|https://aurayou2.lot-lot.com/image/32/2025/01/23bfd7eebbb06b7947127e4ae84eae1d.jpg|https://aurayou2.lot-lot.com/image/32/2025/01/945e7e0b7a00c52a5ca4dc1be92f9237.jpg,▫️▪️金虎眼黄胶花手串 - 材质：金虎眼、黄胶花 尺寸：14mm,831|832|833|834|845|846|849|851|852|854|855|861|880
73,9730,金发晶金虎眼貔貅手串BAC1347,142.00,https://aurayou2.lot-lot.com/image/32/2025/09/53cdf56e69284561690cb73800b8a81b.jpg,https://aurayou2.lot-lot.com/image/32/2025/09/53cdf56e69284561690cb73800b8a81b.jpg|https://aurayou2.lot-lot.com/image/32/2025/09/c301875f32928a16bbdcdf413532bb74.jpg|https://aurayou2.lot-lot.com/image/32/2025/09/7042f91b02eb7e0c3edc68688c135999.jpg|https://aurayou2.lot-lot.com/image/32/2025/09/3de7ce967d64b0adf20de041745d6ea3.jpg|https://aurayou2.lot-lot.com/image/32/2025/09/18a368bfe612559419f508cabd5e0afe.jpg|https://aurayou2.lot-lot.com/image/32/2025/09/36cfeb3233d6b1ff70b5712c936b334d.jpg,▫️▪️金发晶金虎眼貔貅手串 - 尺寸：金发晶7mm、金虎眼8mm、灰月光8.5mm、黄水晶貔貅,831|832|833|834|845|846|848|849|850|851|852|854|855|863|928|1054|2180
74,9680,金牛座｜稳健开运手串BAC1296,798.00,https://aurayou2.lot-lot.com/image/32/2025/08/fe6ffb00316e00daca357aca00a6528a.jpg,https://aurayou2.lot-lot.com/image/32/2025/08/fe6ffb00316e00daca357aca00a6528a.jpg|https://aurayou2.lot-lot.com/image/32/2025/08/1db284fe342d68cf4764e63727006f7c.jpg|https://aurayou2.lot-lot.com/image/32/2025/08/4508240c5cc324634f61a336d32564b6.jpg|https://aurayou2.lot-lot.com/image/32/2025/08/baaecd219b3051fac5fa32d65f914c92.jpg|https://aurayou2.lot-lot.com/image/32/2025/08/d65bf256efb3e3e3d482a4d04e72eb08.jpg|https://aurayou2.lot-lot.com/image/32/2025/08/9ed61c53fc79882b1abed6019de10bb3.jpg,▫️▪️**【金牛座｜稳健开运手串】** &nbsp; 金发晶 黄塔晶 海蓝宝 白水晶 尺寸：小珠6-8m、大珠9-10m &nbsp;,831|832|833|834|845|846|847|848|849|851|852|853|854|858|928|1054|2058|2173
75,7967,金发晶灰月光手串BAC627x,146.00,https://aurayou2.lot-lot.com/image/32/2025/05/12ecddf52afc63dadfa47de20b1a0cf1.jpg,https://aurayou2.lot-lot.com/image/32/2025/05/12ecddf52afc63dadfa47de20b1a0cf1.jpg|https://aurayou2.lot-lot.com/image/32/2025/05/34f489b5bbc368295a63f421f98175f1.jpg|https://aurayou2.lot-lot.com/image/32/2025/05/10cb816274a702e007a663cc99ccffa0.jpg|https://aurayou2.lot-lot.com/image/32/2025/05/ece34503a0cde85f6f11c389e2f7e5bd.jpg|https://aurayou2.lot-lot.com/image/32/2025/05/1af8b485087e673ff8e08c9f3d93ad66.jpg|https://aurayou2.lot-lot.com/image/32/2025/05/1419404f28a7e9829d3f1cda30ea8827.jpg,▫️▪️金发晶灰月光手串 - 材质&尺寸：金发晶约5mm，灰月光约10mm,831|832|833|834|845|846|848|849|850|852|854|855|863|865|928|1054|1226
76,7927,金发晶白幽灵黄水晶手串BAC387x,182.00,https://aurayou2.lot-lot.com/image/32/2025/05/a3f7871d300788fb7a196f9220183f2b.jpg,https://aurayou2.lot-lot.com/image/32/2025/05/a3f7871d300788fb7a196f9220183f2b.jpg|https://aurayou2.lot-lot.com/image/32/2025/05/a77766eefd312f6957bbc87f1dc912be.jpg|https://aurayou2.lot-lot.com/image/32/2025/05/17995582f563ff956a5dbb7abeb2d74a.jpg|https://aurayou2.lot-lot.com/image/32/2025/05/13689a4d43100b10428dc56e74d5929b.jpg|https://aurayou2.lot-lot.com/image/32/2025/05/469b3c548a86531c5624f066e463d533.jpg|https://aurayou2.lot-lot.com/image/32/2025/05/16440e0b576c9e041e42a83e9931bc0f.jpg,▫️▪️金发晶白幽灵黄水晶手串 - 材质&尺寸：金发晶约13-14mm，白幽灵约11mm，黄水晶约8mm，柠檬黄水晶随形，白水晶双尖,831|832|833|834|845|846|847|848|849|851|852|853|854|855|861|928|1054|1212
77,7832,金发晶和田玉葫芦手串BAC714x,148.00,https://aurayou2.lot-lot.com/image/32/2025/04/814adc0e67ace91d8eb6c96318c70d68.jpg,https://aurayou2.lot-lot.com/image/32/2025/04/814adc0e67ace91d8eb6c96318c70d68.jpg|https://aurayou2.lot-lot.com/image/32/2025/04/406cc57a1dec4c918546dea9401d2562.jpg|https://aurayou2.lot-lot.com/image/32/2025/04/31a37cd3c10625d57a9c627929b7265e.jpg|https://aurayou2.lot-lot.com/image/32/2025/04/e2beaf566859b5bb543a419151e36756.jpg|https://aurayou2.lot-lot.com/image/32/2025/04/8e04bbb78ead4c226fec9121a1449014.jpg|https://aurayou2.lot-lot.com/image/32/2025/04/eee0d0f055cd0b04361a44d09f4b39d3.jpg,▫️▪️金发晶和田玉葫芦手串 &nbsp; 材质：金发晶、和田玉葫芦 尺寸：7-7.5mm,831|832|833|834|845|846|848|854|855|863|928|1054|1209
78,5761,金发晶手串BAC736,150.00,https://aurayou2.lot-lot.com/image/32/2025/01/927939500c8224cf6ce39a701ecc82f7.jpg,https://aurayou2.lot-lot.com/image/32/2025/01/927939500c8224cf6ce39a701ecc82f7.jpg|https://aurayou2.lot-lot.com/image/32/2025/01/73f9ab3e8aef75220c707c589d10ca3f.jpg|https://aurayou2.lot-lot.com/image/32/2025/01/c151ee80f9208be8aaaa16de4ed3c321.jpg|https://aurayou2.lot-lot.com/image/32/2025/01/df159ab4c97f1062776a2035f82f6410.jpg|https://aurayou2.lot-lot.com/image/32/2025/01/283e39b99ed6fd681ecb95eb001a2060.jpg|https://aurayou2.lot-lot.com/image/32/2025/01/656a694b577f04ca585c438558643c88.jpg,▫️▪️金发晶手串 - 材质：金发晶 尺寸：10mm,831|832|833|834|845|846|848|854|855|860|862|928
79,5760,金发晶黑金超黄水晶貔貅手串BAC735,205.00,https://aurayou2.lot-lot.com/image/32/2025/01/00b652bb5bf008bacab12b6a0622451b.jpg,https://aurayou2.lot-lot.com/image/32/2025/01/00b652bb5bf008bacab12b6a0622451b.jpg|https://aurayou2.lot-lot.com/image/32/2025/01/aa25ac17980a265dc718f4b0a6b6b37a.jpg|https://aurayou2.lot-lot.com/image/32/2025/01/6a34128df569f8fa295c91d70f4aac62.jpg|https://aurayou2.lot-lot.com/image/32/2025/01/927e75929f301af0ca1e197851d22eef.jpg|https://aurayou2.lot-lot.com/image/32/2025/01/8cfbc139cb3e290aed7cbb34665ef71f.jpg|https://aurayou2.lot-lot.com/image/32/2025/01/4022ea603dffffc1b73dfb7500e09346.jpg,▫️▪️金发晶黑金超黄水晶貔貅手串 - 材质：金发晶、黑金超、黄水晶貔貅 尺寸：10mm,831|832|833|834|845|846|851|852|854|855|860|862|928
80,9736,茶水晶黑金超手串BAC798,136.00,https://aurayou2.lot-lot.com/image/32/2025/09/3b700cc43bd76bde95cb6d7f10cdd900.jpg,https://aurayou2.lot-lot.com/image/32/2025/09/3b700cc43bd76bde95cb6d7f10cdd900.jpg|https://aurayou2.lot-lot.com/image/32/2025/09/b4a45d12c4ba24a8f6f62fcb89a57df6.jpg|https://aurayou2.lot-lot.com/image/32/2025/09/1b0ba89c579aecb6142525c6d3e3a1cb.jpg|https://aurayou2.lot-lot.com/image/32/2025/09/3f8555ea788992b6c00157c657e7f0e4.jpg|https://aurayou2.lot-lot.com/image/32/2025/09/231649006eef1dd9537af0f085e9fce6.jpg|https://aurayou2.lot-lot.com/image/32/2025/09/2ba89f6dde2b3490a305523c3f35a276.jpg,▫️▪️茶水晶黑金超手串 - 尺寸：茶水晶9.5mm、黑金超11mm,831|832|833|834|845|846|850|851|852|858|862|882|925|1054|2180
81,9486,黑金超闪灵钻手串BAC1311,216.00,https://aurayou2.lot-lot.com/image/32/2025/08/e3ebaeff44632580c1b634a11f0dc492.jpg,https://aurayou2.lot-lot.com/image/32/2025/08/e3ebaeff44632580c1b634a11f0dc492.jpg|https://aurayou2.lot-lot.com/image/32/2025/08/59076a962502c71d5b4620fe773fbd91.jpg|https://aurayou2.lot-lot.com/image/32/2025/08/db15f98e9ae976e642058046a537d8c3.jpg|https://aurayou2.lot-lot.com/image/32/2025/08/30644e02b80f8204445873c1e9810b32.jpg|https://aurayou2.lot-lot.com/image/32/2025/08/a1548de88ec84f67d010c9c6657c8a2c.jpg|https://aurayou2.lot-lot.com/image/32/2025/08/a9a4cb7deb3ace28951bc0099211c132.jpg,▫️▪️黑金超闪灵钻手串 - 材质&尺寸：黑金超13-13.5mm，闪灵钻14-14.5mm，金曜石约12.5mm，黑金超随形约20*13mm，白水晶双尖约20*14mm,831|832|833|834|845|846|847|849|850|851|852|853|858|862|882|1054|2061
82,8549,紫幽灵黑金超金发晶灰月光手串BAC604x,212.00,https://aurayou2.lot-lot.com/image/32/2025/06/d57c5b26367d74ebd1569c058143c306.jpg,https://aurayou2.lot-lot.com/image/32/2025/06/d57c5b26367d74ebd1569c058143c306.jpg|https://aurayou2.lot-lot.com/image/32/2025/06/950f0fb2976b6bab65091eda6ffa0978.jpg|https://aurayou2.lot-lot.com/image/32/2025/06/96c046a4bd2baba1df8d2d547ae78edd.jpg|https://aurayou2.lot-lot.com/image/32/2025/06/d5cb09c1c6b6332df21f57be2c84bb5a.jpg|https://aurayou2.lot-lot.com/image/32/2025/06/fa6b415bbc2405a0afd4c71b06d263df.jpg|https://aurayou2.lot-lot.com/image/32/2025/06/0f714e26a73a97b939a4e14a4f9ef215.jpg,▫️▪️紫幽灵黑金超金发晶灰月光手串 - 材质&尺寸：紫幽灵约11mm，黑金超约11mm，金发晶约11mm，金发晶约5mm，灰月光约8mm,831|832|833|834|845|846|848|849|850|851|852|854|858|862|882|1054|1526|1686
83,8548,黑金超黑曜石爪爪手串BAC1091,300.00,https://aurayou2.lot-lot.com/image/32/2025/06/b64452e868af004a9576d173bc6f34ce.jpg,https://aurayou2.lot-lot.com/image/32/2025/06/b64452e868af004a9576d173bc6f34ce.jpg|https://aurayou2.lot-lot.com/image/32/2025/06/95c2ee1304104ec50fe59033a967e9de.jpg|https://aurayou2.lot-lot.com/image/32/2025/06/e50b49508bdba520d149467ee5e8ccd2.jpg|https://aurayou2.lot-lot.com/image/32/2025/06/ab8bdc39c0ffec025cd9e6f3dc996e4d.jpg|https://aurayou2.lot-lot.com/image/32/2025/06/2b94999d3efa8e1aa6d3d62a98573eb7.jpg|https://aurayou2.lot-lot.com/image/32/2025/06/b980cb21b482548e2f736651b66b614c.jpg,▫️▪️黑金超黑曜石爪爪手串 - 材质：黑金超、黑曜石爪爪 尺寸：11mm,831|832|833|834|845|846|849|850|851|852|854|859|862|866|882|1054|1686
84,8341,银曜石黑金超发晶手串BAC790x,166.00,https://aurayou2.lot-lot.com/image/32/2025/06/e2c624381581f39a90379bcf31614354.jpg,https://aurayou2.lot-lot.com/image/32/2025/06/e2c624381581f39a90379bcf31614354.jpg|https://aurayou2.lot-lot.com/image/32/2025/06/7188390f8cd77e9e19b7effa238a5d3d.jpg|https://aurayou2.lot-lot.com/image/32/2025/06/6d01bd4322cacb1cc5031f0a7109f0f3.jpg|https://aurayou2.lot-lot.com/image/32/2025/06/2eb9e4e356ddff9bc37ca15290bc0f33.jpg|https://aurayou2.lot-lot.com/image/32/2025/06/e140cadb76bc3223e826c4ddaa921ea0.jpg|https://aurayou2.lot-lot.com/image/32/2025/06/032dac3517042a6ea4b27bdc40cafc2d.jpg,▫️▪️银曜石黑金超发晶手串 - 材质&尺寸：银曜石约11.5mm，黑金超约10mm，发晶约10.5-11mm,831|832|833|834|845|846|848|849|850|851|852|854|858|862|882|1054|1679
85,8099,黑金超银曜石双圈手串BAC712x,190.00,https://aurayou2.lot-lot.com/image/32/2025/06/879afa28652ff64f4046fe2ab7a0afa0.jpg,https://aurayou2.lot-lot.com/image/32/2025/06/879afa28652ff64f4046fe2ab7a0afa0.jpg|https://aurayou2.lot-lot.com/image/32/2025/06/bc68ff8f968314ed38058d80080430b5.jpg|https://aurayou2.lot-lot.com/image/32/2025/06/afcab83e3e013f97203a51d33e007b9d.jpg|https://aurayou2.lot-lot.com/image/32/2025/06/75fe09f777afb4d0f559fc3a4e9e7462.jpg|https://aurayou2.lot-lot.com/image/32/2025/06/e875f40089eeb9f699afe7458334a822.jpg|https://aurayou2.lot-lot.com/image/32/2025/06/8f07e99e3a28cbabda014265414aa03c.jpg,▫️▪️黑金超银曜石双圈手串 - 材质&尺寸：黑金超8-8.5mm，银曜石约8mm，黑金超方糖,831|832|833|834|845|846|847|849|850|851|852|853|854|858|865|882|912|1054|1622
86,7794,黑金超红胶花方糖手串BAC624x,282.00,https://aurayou2.lot-lot.com/image/32/2025/04/b2ea817b01d29d6f99112e61ecb96e03.jpg,https://aurayou2.lot-lot.com/image/32/2025/04/b2ea817b01d29d6f99112e61ecb96e03.jpg|https://aurayou2.lot-lot.com/image/32/2025/04/a6b40ab960df8082f06b275574684cec.jpg|https://aurayou2.lot-lot.com/image/32/2025/04/3786709f1fe22faad1e76dee463e5636.jpg|https://aurayou2.lot-lot.com/image/32/2025/04/994af32043a950556c5bdfe46e08270b.jpg|https://aurayou2.lot-lot.com/image/32/2025/04/8e9b95c3cbd0ae61d54466b79d373e33.jpg|https://aurayou2.lot-lot.com/image/32/2025/04/64afa2d3df1c512100bd1fc2954b8840.jpg,▫️▪️黑金超红胶花方糖手串 - 材质&尺寸：黑金超约11.5mm，红胶花方糖约9.5*9.5mm,831|832|833|834|845|846|847|850|851|852|853|854|858|862|882|1054|1208
87,7658,金骨干黑金超手串BAC1011,160.00,https://aurayou2.lot-lot.com/image/32/2025/04/eb4062868a28530db22c588c8615fe84.jpg,https://aurayou2.lot-lot.com/image/32/2025/04/eb4062868a28530db22c588c8615fe84.jpg|https://aurayou2.lot-lot.com/image/32/2025/04/6d2ae51469d33199745c9fca1a9fcae0.jpg|https://aurayou2.lot-lot.com/image/32/2025/04/2ac8b9291846a44093908edd8572d23f.jpg|https://aurayou2.lot-lot.com/image/32/2025/04/9b7ca4f78c1a6ef36ee24191fdebcfb8.jpg|https://aurayou2.lot-lot.com/image/32/2025/04/54c91b711c4922f76a14679eb0a7ea0c.jpg|https://aurayou2.lot-lot.com/image/32/2025/04/7dce9a4a5beafe1a011d8389dd021e2e.jpg,▫️▪️金骨干黑金超手串 - 材质：金骨干，黑金超 尺寸：10mm,831|832|833|834|845|846|851|852|858|860|862|882|976|1054|1188
88,7653,黑金超合金蝴蝶手串BAC965,205.00,https://aurayou2.lot-lot.com/image/32/2025/04/42e826bb03535cca7047a764ab9cd217.jpg,https://aurayou2.lot-lot.com/image/32/2025/04/42e826bb03535cca7047a764ab9cd217.jpg|https://aurayou2.lot-lot.com/image/32/2025/04/8fddc0d27b60273ac5daa51c14cd3988.jpg|https://aurayou2.lot-lot.com/image/32/2025/04/0a211f8df32768fdb22cd7594917975c.jpg|https://aurayou2.lot-lot.com/image/32/2025/04/ccafd0cbe43a21e82a80804fe5845021.jpg|https://aurayou2.lot-lot.com/image/32/2025/04/ad335e28450a69050cfe86f6ed36e031.jpg|https://aurayou2.lot-lot.com/image/32/2025/04/a6165545e56f825a93475b4ae0fcad7e.jpg,▫️▪️黑金超合金蝴蝶手串 - 材质：黑金超 尺寸：11mm,831|832|833|834|845|846|851|852|857|858|862|882|1054|1188
89,7619,黑金超海蓝宝手串BAC970,196.00,https://aurayou2.lot-lot.com/image/32/2025/03/2e46e5c3456a222f0ecff44fe1b700b1.jpg,https://aurayou2.lot-lot.com/image/32/2025/03/2e46e5c3456a222f0ecff44fe1b700b1.jpg|https://aurayou2.lot-lot.com/image/32/2025/03/cc2a654e901634e8ad6c2525b07e9822.jpg|https://aurayou2.lot-lot.com/image/32/2025/03/d1a7208a908bc2a433428ce23bbc6e59.jpg|https://aurayou2.lot-lot.com/image/32/2025/03/0e1f2024b8bed7635a5fb77d62ed5054.jpg|https://aurayou2.lot-lot.com/image/32/2025/03/e976fa290c7876635390e318f8a29fcb.jpg|https://aurayou2.lot-lot.com/image/32/2025/03/fbded53bfd04684075696ab9fb13f80c.jpg,▫️▪️黑金超海蓝宝手串 - 材质：黑金超，海蓝宝，合金拉丝刻面隔珠 尺寸：11mm,831|832|833|834|845|846|847|849|851|852|858|862|882|1054|1187
90,7605,黑金超奶白晶手串BAC969,230.00,https://aurayou2.lot-lot.com/image/32/2025/03/8105e6064e5663424050ea8176e4bba1.jpg,https://aurayou2.lot-lot.com/image/32/2025/03/8105e6064e5663424050ea8176e4bba1.jpg|https://aurayou2.lot-lot.com/image/32/2025/03/f04d71dd49ef43749910e012c1c525d0.jpg|https://aurayou2.lot-lot.com/image/32/2025/03/34336ede0a6047871edfadb1912fad2a.jpg|https://aurayou2.lot-lot.com/image/32/2025/03/c35ed9a038b6f1cc384bec09cdde56c9.jpg|https://aurayou2.lot-lot.com/image/32/2025/03/f4c86c603ce98e1c1612b7d4e8584d60.jpg|https://aurayou2.lot-lot.com/image/32/2025/03/44d3052c1dc2cd2cc172b9438ad725a2.jpg,▫️▪️黑金超奶白晶手串 - 材质：黑金超，奶白晶 尺寸：11mm,831|832|833|834|845|846|847|851|852|853|855|862|882|1054|1186
91,6740,黑金超手串BAC971,205.00,https://aurayou2.lot-lot.com/image/32/2025/02/9d3462550ab7eb8d8681909949bfbf49.jpg,https://aurayou2.lot-lot.com/image/32/2025/02/9d3462550ab7eb8d8681909949bfbf49.jpg|https://aurayou2.lot-lot.com/image/32/2025/02/58f830368da8f68037da2d808ff43a91.jpg|https://aurayou2.lot-lot.com/image/32/2025/02/478294b58e8e8a4b3d9af3f2d557df73.jpg|https://aurayou2.lot-lot.com/image/32/2025/02/cd86b6840df4b528c4a468aa7c5abeaf.jpg|https://aurayou2.lot-lot.com/image/32/2025/02/5868996f0f4e58857348b65803e76e9c.jpg|https://aurayou2.lot-lot.com/image/32/2025/02/90403fe2fd2513a75e17b274a8825fb6.jpg,▫️▪️黑金超手串 - 材质：黑金超，黑金超 尺寸：9mm、11mm,831|832|833|834|845|846|851|852|855|860|863|882|1054|1055
92,6644,黑金超金曜石手串BAC967,180.00,https://aurayou2.lot-lot.com/image/32/2025/02/81a1e544b4fba5eacfcd01a39ed3fb58.jpg,https://aurayou2.lot-lot.com/image/32/2025/02/eee265eb168ca29c0f24696962982e26.jpg|https://aurayou2.lot-lot.com/image/32/2025/02/5724ca97808c004628f778ad2ade6ac5.jpg|https://aurayou2.lot-lot.com/image/32/2025/02/c145de5b741637bc26e1e6761356a453.jpg|https://aurayou2.lot-lot.com/image/32/2025/02/8b1933cce1ec07ef8e3e5585be309fe9.jpg|https://aurayou2.lot-lot.com/image/32/2025/02/64c05633483aba5229fad1af947371c6.jpg,▫️▪️黑金超金曜石手串 - 材质：金曜石，黑金超，合金方块 尺寸：12mm、11mm,831|832|833|834|845|846|849|850|851|852|858|862|882|911|1054|1055
93,6643,黑金超双圈手串BAC966,160.00,https://aurayou2.lot-lot.com/image/32/2025/02/c0a80081bdf02b107c2f5a7718a8ce98.jpg,https://aurayou2.lot-lot.com/image/32/2025/02/e377d4e207948c149c2d1bbc0791ea12.jpg|https://aurayou2.lot-lot.com/image/32/2025/02/1cf5b6c8d31bc2e18bd4fdbbc30dcae8.jpg|https://aurayou2.lot-lot.com/image/32/2025/02/0cc9d6e97e7f244d677d5b12453c4a8d.jpg|https://aurayou2.lot-lot.com/image/32/2025/02/06639350614c7f54ff7c656d3abfd343.jpg|https://aurayou2.lot-lot.com/image/32/2025/02/a11c974ce3c4064202ac5fd633450054.jpg,▫️▪️黑金超双圈手串 - 材质：黑金超 尺寸：5mm,831|832|833|834|845|846|851|852|855|860|863|882|1054|1055
94,6453,紫水晶白水晶手串BAC858,133.00,https://aurayou2.lot-lot.com/image/32/2025/01/d4fd6dc6487d4bf4b852dde446495198.jpg,https://aurayou2.lot-lot.com/image/32/2025/01/d4fd6dc6487d4bf4b852dde446495198.jpg|https://aurayou2.lot-lot.com/image/32/2025/01/46929df16b458842ecbac619a0f4695f.jpg|https://aurayou2.lot-lot.com/image/32/2025/01/e8f312ce30a324396ebd6d9306129107.jpg|https://aurayou2.lot-lot.com/image/32/2025/01/7f3d9b4d425d1afa2d7274ffd20c5de6.jpg|https://aurayou2.lot-lot.com/image/32/2025/01/6166df0c47fb45112d6e078c8227c1e0.jpg|https://aurayou2.lot-lot.com/image/32/2025/01/3e171b72a58397ec5a9ee95e19b4441b.jpg,▫️▪️紫水晶白水晶手串 - 材质：紫水晶、白水晶、南红玛瑙、黑金超 尺寸：8.5mm,831|832|833|834|845|846|847|849|850|851|852|860|863|882|915
95,6441,黑金系多宝方糖手串BAC922,228.00,https://aurayou2.lot-lot.com/image/32/2025/01/4687692a14de720f23d95b24bcf68c64.jpg,https://aurayou2.lot-lot.com/image/32/2025/01/4687692a14de720f23d95b24bcf68c64.jpg|https://aurayou2.lot-lot.com/image/32/2025/01/2b7be66dea7025a8a9914ad386681e2b.jpg|https://aurayou2.lot-lot.com/image/32/2025/01/9e5f2f1eb537b35c02813e86e1061372.jpg|https://aurayou2.lot-lot.com/image/32/2025/01/335b01c573808558953588855032b234.jpg|https://aurayou2.lot-lot.com/image/32/2025/01/8dd4638510f1051f142ed493b49bec51.jpg|https://aurayou2.lot-lot.com/image/32/2025/01/2e61ed6a61be1b597b1c7f2fc48f9e2d.jpg,▫️▪️黑金系多宝方糖手串 - 材质：黑金超、黑发晶、彩幽灵、金曜石、黑金超方糖 尺寸：13mm,831|832|833|834|845|846|847|849|850|851|852|853|858|862|882|909|1526
96,6413,黑金超幽灵魔盒手串BAC1031,350.00,https://aurayou2.lot-lot.com/image/32/2025/01/143b8df412dc1458c14124621be31f8d.jpg,https://aurayou2.lot-lot.com/image/32/2025/01/143b8df412dc1458c14124621be31f8d.jpg|https://aurayou2.lot-lot.com/image/32/2025/01/044ce10954d983e5b66094433c3a48a5.jpg|https://aurayou2.lot-lot.com/image/32/2025/01/5611de73539b14e64527fdab4d1e91e8.jpg|https://aurayou2.lot-lot.com/image/32/2025/01/693931288e2565ab732b05d7e80befa0.jpg|https://aurayou2.lot-lot.com/image/32/2025/01/9f2f225cc310b138448259bedd290c8f.jpg|https://aurayou2.lot-lot.com/image/32/2025/01/a5815868f38c51319238bc0b96cef341.jpg,▫️▪️黑金超幽灵魔盒手串 - 材质：黑金超、幽灵魔盒 尺寸：13mm,831|832|833|834|845|846|847|849|850|851|852|858|862|867|882
97,6405,黑金超手串BAC1023,240.00,https://aurayou2.lot-lot.com/image/32/2025/01/0d8dd96fbb74b53c3728db0aa387f3ff.jpg,https://aurayou2.lot-lot.com/image/32/2025/01/0d8dd96fbb74b53c3728db0aa387f3ff.jpg|https://aurayou2.lot-lot.com/image/32/2025/01/d521a6a434e7f2c75e97ddf19c9a391d.jpg|https://aurayou2.lot-lot.com/image/32/2025/01/8545b7c5565210f797a2ec9f3f6d6b40.jpg|https://aurayou2.lot-lot.com/image/32/2025/01/6fe2b6e3b8988e97dc0f3d92aac74a2f.jpg|https://aurayou2.lot-lot.com/image/32/2025/01/a4ddf1b5b3b9fa92927d92ae86be4fe4.jpg|https://aurayou2.lot-lot.com/image/32/2025/01/ed32dfd77b57cb552834c63ad2a1197b.jpg,▫️▪️黑金超手串 - 材质：黑金超 尺寸：12mm,831|832|833|845|846|851|852|858|882
98,5723,黑金超手串BAC687,260.00,https://aurayou2.lot-lot.com/image/32/2025/01/36968258bd7083d0942d2f79a3774c8b.jpg,https://aurayou2.lot-lot.com/image/32/2025/01/36968258bd7083d0942d2f79a3774c8b.jpg|https://aurayou2.lot-lot.com/image/32/2025/01/0ab0ebecf0dc8c8e9d9e596ba4b527be.jpg|https://aurayou2.lot-lot.com/image/32/2025/01/3f7989d20acdf75b4864e4293d97f3f9.jpg|https://aurayou2.lot-lot.com/image/32/2025/01/4beb002606301989c446212b80e4519d.jpg|https://aurayou2.lot-lot.com/image/32/2025/01/eec490a60e7fcea16db6061258f22705.jpg|https://aurayou2.lot-lot.com/image/32/2025/01/b51946e44cf51fd5a733f1a54f49b035.jpg,▫️▪️黑金超手串 - 材质：黑金超 尺寸：11mm,831|832|833|834|845|846|851|852|859|862|867|882
99,5708,黑金超胶花双圈手串BAC671,385.00,https://aurayou2.lot-lot.com/image/32/2025/01/38b357c92e0d6cc673e2f34f5ade4a71.jpg,https://aurayou2.lot-lot.com/image/32/2025/01/38b357c92e0d6cc673e2f34f5ade4a71.jpg|https://aurayou2.lot-lot.com/image/32/2025/01/bb0f9066a7aa9c2932b953d3f88f980d.jpg|https://aurayou2.lot-lot.com/image/32/2025/01/a86c11d52d7c7c5f98a326fe51163202.jpg|https://aurayou2.lot-lot.com/image/32/2025/01/707cce175fe66c1081e1384eb35c4084.jpg|https://aurayou2.lot-lot.com/image/32/2025/01/19c05ef7d6f76f201e41655bb5564ad1.jpg|https://aurayou2.lot-lot.com/image/32/2025/01/6302fba05994709052e9b6de7c923de4.jpg,▫️▪️黑金超胶花双圈手串 - 材质：黑金超、黄胶花、灰月光 尺寸：5mm/15mm,831|832|833|834|845|846|851|852|854|859|861|865|882
100,9689,水瓶座｜灵感守护手串BAC1305,396.00,https://aurayou2.lot-lot.com/image/32/2025/08/ddda9d1ea78212857ee72cc31bd612b0.jpg,https://aurayou2.lot-lot.com/image/32/2025/08/ddda9d1ea78212857ee72cc31bd612b0.jpg|https://aurayou2.lot-lot.com/image/32/2025/08/c8ba7c1e275c19c2252a69ad0a7d3546.jpg|https://aurayou2.lot-lot.com/image/32/2025/08/f5b711709175653b70024a498f117d14.jpg|https://aurayou2.lot-lot.com/image/32/2025/08/d8fb8e69f7d9610010f06a899fb9ca8a.jpg|https://aurayou2.lot-lot.com/image/32/2025/08/9eb4e41f3071570572dfadb4a6a47008.jpg|https://aurayou2.lot-lot.com/image/32/2025/08/94be69cea076ba474a75c958907f3bcd.jpg,▫️▪️【水瓶座｜灵感守护手串】 &nbsp; &nbsp;粉水晶&nbsp; 海蓝宝&nbsp; 紫水晶&nbsp; 草莓晶&nbsp; 黄塔晶&nbsp; 柠檬黄水晶 尺寸：小珠6-8m、大珠9-10m,831|832|833|834|845|846|847|848|849|850|852|854|858|883|1054|2058|2173
101,9461,水瓶座守护系列手串BAC1293,275.00,https://aurayou2.lot-lot.com/image/32/2025/08/a8ca91927006403e3f5f7476f763b203.jpg,https://aurayou2.lot-lot.com/image/32/2025/08/a8ca91927006403e3f5f7476f763b203.jpg|https://aurayou2.lot-lot.com/image/32/2025/08/71f4d83ffca06f04f941c92250504f7b.jpg|https://aurayou2.lot-lot.com/image/32/2025/08/ea212922ea2a0507043bbf690bc2baea.jpg|https://aurayou2.lot-lot.com/image/32/2025/08/d1bdfb0b92e28bea054886e720c38414.jpg|https://aurayou2.lot-lot.com/image/32/2025/08/c79d18b8f5ee3085887080967bd0bb54.jpg|https://aurayou2.lot-lot.com/image/32/2025/08/d96625548b65cb207135f290474329a0.jpg,"▫️▪️水瓶座守护系列手串 - 材质&尺寸：粉水晶10mm,葡萄石10mm,星座银隔珠",831|832|833|834|845|848|849|852|853|854|855|883|1054|2058|2059
102,9460,摩羯座守护系列手串BAC1292,275.00,https://aurayou2.lot-lot.com/image/32/2025/08/a513fd65e41ef15f2702a69b7ec38a95.jpg,https://aurayou2.lot-lot.com/image/32/2025/08/a513fd65e41ef15f2702a69b7ec38a95.jpg|https://aurayou2.lot-lot.com/image/32/2025/08/12b726a110b5bcc92bdda08fc16ed29e.jpg|https://aurayou2.lot-lot.com/image/32/2025/08/8703e3829cbf453bbbcd855b6bf1dd8a.jpg|https://aurayou2.lot-lot.com/image/32/2025/08/90be5b1956233f93f11a7f080fc02474.jpg|https://aurayou2.lot-lot.com/image/32/2025/08/83be21108c07c59fb68e0be13b1cfe18.jpg|https://aurayou2.lot-lot.com/image/32/2025/08/e203ed81366113969dfef825248278cc.jpg,"▫️▪️摩羯座守护系列手串 - 材质&尺寸：粉水晶8mm+,南红8mm+,海蓝宝随型,星座银隔珠",831|832|833|834|847|848|849|852|855|883|1054|2058|2059
103,8829,粉水晶珍珠手串BAC1280,145.00,https://aurayou2.lot-lot.com/image/32/2025/07/33ac89aceb8bae92be1e19a0fd4c125d.jpg,https://aurayou2.lot-lot.com/image/32/2025/07/33ac89aceb8bae92be1e19a0fd4c125d.jpg|https://aurayou2.lot-lot.com/image/32/2025/07/30dc30241d661c12e87b3d798720faa9.jpg|https://aurayou2.lot-lot.com/image/32/2025/07/650b860efd064f6832ee79e4410a0feb.jpg|https://aurayou2.lot-lot.com/image/32/2025/07/51bf53f4df75901af436540344b684b5.jpg|https://aurayou2.lot-lot.com/image/32/2025/07/ed213b3d170dd3715649c1bb9856cbfe.jpg,▫️▪️粉水晶珍珠手串 - 材质&尺寸：粉晶9mm，粉晶11mm，珍珠吊坠,831|832|833|834|848|849|850|852|857|863|883|1054|1801
104,8828,粉水晶海蓝宝白水晶手串BAC1279,436.00,https://aurayou2.lot-lot.com/image/32/2025/07/82c0e71b17a89322f023bcaccb81af47.jpg,https://aurayou2.lot-lot.com/image/32/2025/07/82c0e71b17a89322f023bcaccb81af47.jpg|https://aurayou2.lot-lot.com/image/32/2025/07/a71a95ffb2f03d0fefc695a286479368.jpg|https://aurayou2.lot-lot.com/image/32/2025/07/1e28b6f3f0f0530de67a526b2685788e.jpg|https://aurayou2.lot-lot.com/image/32/2025/07/2b692d0cbc23da6c63f06f1930ca23fd.jpg|https://aurayou2.lot-lot.com/image/32/2025/07/4adfe80107f9e5ec463512632613dbd4.jpg|https://aurayou2.lot-lot.com/image/32/2025/07/57b74a7b1654725b5c7db343a844c113.jpg,"▫️▪️粉水晶海蓝宝白水晶手串 - 材质&尺寸：粉水晶12mm，海蓝宝12mm, 白水晶12mm，925银配饰",831|832|833|834|847|848|849|851|852|853|857|862|883|1054|1801
105,8827,粉水晶发晶海蓝宝黄塔晶多宝手串BAC1278,595.00,https://aurayou2.lot-lot.com/image/32/2025/07/0c2c0822887aaa2611a36203459018ff.jpg,https://aurayou2.lot-lot.com/image/32/2025/07/0c2c0822887aaa2611a36203459018ff.jpg|https://aurayou2.lot-lot.com/image/32/2025/07/116b00dc3e9da2cfd1ac76743589bf81.jpg|https://aurayou2.lot-lot.com/image/32/2025/07/7defc88d6bac23fe153d1ec2573fab33.jpg|https://aurayou2.lot-lot.com/image/32/2025/07/bd482f1476c04fe06eb7d4038ff1d0e9.jpg|https://aurayou2.lot-lot.com/image/32/2025/07/3536e8526082f6adf1ae61d1a27c803a.jpg|https://aurayou2.lot-lot.com/image/32/2025/07/6d33430c5822c5f9a175389c44c1a1ef.jpg,"▫️▪️粉水晶发晶海蓝宝黄塔晶多宝手串 - 材质&尺寸：粉水晶12mm，红胶花12mm，发晶12mm， 黄塔晶12mm，海蓝宝12mm, 红兔毛12mm，发晶双尖柱12.6*25.8mm, 白水晶跑环5mm，粉晶方糖10*10mm S925银配饰",831|832|833|834|845|846|847|848|849|850|851|852|853|854|858|862|883|1054|1801
106,8689,粉色多宝手串BAC1178,275.00,https://aurayou2.lot-lot.com/image/32/2025/07/4e7f88da99f6979fb42f5bfe8e3fbe1e.jpg,https://aurayou2.lot-lot.com/image/32/2025/07/4e7f88da99f6979fb42f5bfe8e3fbe1e.jpg|https://aurayou2.lot-lot.com/image/32/2025/07/f7e86e21b616bfe93efda065cc9f3a0b.jpg|https://aurayou2.lot-lot.com/image/32/2025/07/1b42ac57fd3fd1b74f32acedd6fc63dc.jpg|https://aurayou2.lot-lot.com/image/32/2025/07/9c98cf406877e78e4efa2fdadb005c72.jpg|https://aurayou2.lot-lot.com/image/32/2025/07/567cf647825ffaeaec2d7a2aac61d030.jpg|https://aurayou2.lot-lot.com/image/32/2025/07/ba6d55998d42436a05b84f37347032ff.jpg,"▫️▪️粉色多宝手串 --- 材质&尺寸：粉水晶11.5mm,红纹石9.5mm,蔷薇石10mm,月光石10mm",831|832|833|834|848|849|851|852|853|857|862|883|1054|1799
107,8550,粉水晶蜜蜡和田玉手串BAC1152x,166.00,https://aurayou2.lot-lot.com/image/32/2025/06/2540ff5657892e0d1db30b8a45a1d359.jpg,https://aurayou2.lot-lot.com/image/32/2025/06/2540ff5657892e0d1db30b8a45a1d359.jpg|https://aurayou2.lot-lot.com/image/32/2025/06/d840512a3f3fbbc7bbf4cb498a0c83c5.jpg|https://aurayou2.lot-lot.com/image/32/2025/06/e4e9f9279a125602d0de0af529eb8606.jpg|https://aurayou2.lot-lot.com/image/32/2025/06/574e9538205bca59b9c7d062fe7b4420.jpg|https://aurayou2.lot-lot.com/image/32/2025/06/047c1f0fd455ae4caff360a1e5ace942.jpg|https://aurayou2.lot-lot.com/image/32/2025/06/caca8d6d109cba6015570927457ff0a0.jpg,▫️▪️粉水晶蜜蜡和田玉手串 - 材质&尺寸：粉水晶6.5mm、蜜蜡小鱼、和田玉锁,831|832|833|834|848|849|850|851|852|858|863|865|883|1054|1686
108,8473,粉水晶白水晶黄水晶手串BAC791x,146.00,https://aurayou2.lot-lot.com/image/32/2025/06/bfca1c8270bc44fb26ff334b0a6015db.jpg,https://aurayou2.lot-lot.com/image/32/2025/06/bfca1c8270bc44fb26ff334b0a6015db.jpg|https://aurayou2.lot-lot.com/image/32/2025/06/25f5b93a1c9e7cb669779bf45935b64a.jpg|https://aurayou2.lot-lot.com/image/32/2025/06/1a1a8a5836891a4f4d0df1b135779471.jpg|https://aurayou2.lot-lot.com/image/32/2025/06/33201989bdc82093058c72a67addbc35.jpg|https://aurayou2.lot-lot.com/image/32/2025/06/2ec43d373d5c642f8ed73fea864ac968.jpg|https://aurayou2.lot-lot.com/image/32/2025/06/34826d4cdacea129105537795d410e04.jpg,▫️▪️粉水晶白水晶黄水晶手串 - 材质&尺寸：粉水晶13mm/8mm，白水晶8mm，白水晶刻面9mm，黄水晶11mm，黄水晶随形约11*15mm，白水晶双尖,831|832|833|834|845|846|847|848|849|851|852|853|854|857|862|883|1054|1685
109,8342,白水晶双尖粉水晶魔盒手串BAC1150x,166.00,https://aurayou2.lot-lot.com/image/32/2025/06/fa6ad2210e80260ab6f368b9e4e0ccab.jpg,https://aurayou2.lot-lot.com/image/32/2025/06/fa6ad2210e80260ab6f368b9e4e0ccab.jpg|https://aurayou2.lot-lot.com/image/32/2025/06/50972c08e1a9917f50f7767008e59c66.jpg|https://aurayou2.lot-lot.com/image/32/2025/06/55c0d81303d001373f9e792e05fef820.jpg|https://aurayou2.lot-lot.com/image/32/2025/06/2e3e988bcc713c4ef1d2bb3771247c20.jpg|https://aurayou2.lot-lot.com/image/32/2025/06/9bcd04bb104928e52c523c26959d2d6c.jpg|https://aurayou2.lot-lot.com/image/32/2025/06/b3c364250f197a4e80ee477c787a6d76.jpg,▫️▪️白水晶双尖粉水晶魔盒手串 - 材质&尺寸：粉晶11mm、粉晶魔盒约21*17mm、白水晶双尖、贝珠,831|832|833|834|847|848|849|851|852|853|857|862|867|883|1054|1679
110,8305,白水晶粉水晶海蓝宝金发晶手串BAC206x,146.00,https://aurayou2.lot-lot.com/image/32/2025/06/3f0458d510875f01330c52f60f60dbf1.jpg,https://aurayou2.lot-lot.com/image/32/2025/06/3f0458d510875f01330c52f60f60dbf1.jpg|https://aurayou2.lot-lot.com/image/32/2025/06/89dcc808cd6cee7ca4d8d0503f5b9000.jpg|https://aurayou2.lot-lot.com/image/32/2025/06/f6784ab6d1bd242f02a9f55768fc1178.jpg|https://aurayou2.lot-lot.com/image/32/2025/06/af85c9bb978490d0e5de7556e7091cea.jpg|https://aurayou2.lot-lot.com/image/32/2025/06/a0803c401c4d025eadb11321e3cfbd6e.jpg|https://aurayou2.lot-lot.com/image/32/2025/06/5d4e78dec44f3775790152265b2e230b.jpg,▫️▪️白水晶粉水晶海蓝宝金发晶手串 - 材质&尺寸：白水晶/粉晶/海蓝宝9-9.5mm，金发晶9.5-10mm,831|832|833|834|845|846|847|848|849|851|852|853|854|855|862|883|895|1054|1623
111,8303,粉水晶白水晶白阿塞手串BAC578x,146.00,https://aurayou2.lot-lot.com/image/32/2025/06/b2849bae7597e98646fbc06075019877.jpg,https://aurayou2.lot-lot.com/image/32/2025/06/b2849bae7597e98646fbc06075019877.jpg|https://aurayou2.lot-lot.com/image/32/2025/06/c998bf9a01d0646e537cf9075d9fd8a8.jpg|https://aurayou2.lot-lot.com/image/32/2025/06/4a77ed1f1c7af07d2f9e6be0acf6b1e3.jpg|https://aurayou2.lot-lot.com/image/32/2025/06/48a44682176eccb2d99429127cedad02.jpg|https://aurayou2.lot-lot.com/image/32/2025/06/54957572ac4251ca9457d22730ea42bf.jpg|https://aurayou2.lot-lot.com/image/32/2025/06/e6cca464bd866afcb481d33f216895d6.jpg,▫️▪️粉水晶白水晶白阿塞手串 - 材质&尺寸：粉晶10mm，白水晶约10mm，白阿塞12mm,831|832|833|834|846|848|849|851|852|853|857|862|883|1054|1623
112,8101,粉晶蓝月光白水晶貔貅手串BAC618x,130.00,https://aurayou2.lot-lot.com/image/32/2025/06/ff6e0438035bb10503eb5916613d85d6.jpg,https://aurayou2.lot-lot.com/image/32/2025/06/ff6e0438035bb10503eb5916613d85d6.jpg|https://aurayou2.lot-lot.com/image/32/2025/06/5c3c74a2e79c60b31317060d73982640.jpg|https://aurayou2.lot-lot.com/image/32/2025/06/dc8fb3731fc395eeca7b7de953dbf48f.jpg|https://aurayou2.lot-lot.com/image/32/2025/06/8fdd56ff580fc1c0f8aa8c32f46a8137.jpg|https://aurayou2.lot-lot.com/image/32/2025/06/200f5d5a75ae344efe5d10a93020037b.jpg|https://aurayou2.lot-lot.com/image/32/2025/06/6550cff72443f094bc6c35a628d012a6.jpg,▫️▪️粉晶蓝月光白水晶貔貅手串 - 材质&尺寸：粉晶10mm，蓝月光10.5mm，珍珠约7mm，白水晶貔貅17*11mm,831|832|833|834|847|848|849|850|851|852|853|857|862|866|883|1054|1622
113,8095,粉水晶白水晶幽灵魔盒手串BAC1074,158.00,https://aurayou2.lot-lot.com/image/32/2025/06/862af8dfbb2af64504c02b9f4affb814.jpg,https://aurayou2.lot-lot.com/image/32/2025/06/862af8dfbb2af64504c02b9f4affb814.jpg|https://aurayou2.lot-lot.com/image/32/2025/06/54e988df49f22948dd667fcce989cf60.jpg|https://aurayou2.lot-lot.com/image/32/2025/06/f2b686663f7cd8b7a10ad302e9fe1481.jpg|https://aurayou2.lot-lot.com/image/32/2025/06/b735ea3506fa5002d099710d5db6014a.jpg|https://aurayou2.lot-lot.com/image/32/2025/06/654b76c9c0458915edf8dd90d8cf82d1.jpg|https://aurayou2.lot-lot.com/image/32/2025/06/11c56b9f07f2b3b9daac82dc8f0ec5d1.jpg,▫️▪️粉水晶白水晶幽灵魔盒手串 材质：粉水晶、白水晶、幽灵魔盒 尺寸：11.5mm,831|832|833|834|845|847|848|849|850|852|857|862|867|883|1054|1622
114,8014,粉水晶黄塔晶手串BAC276x,212.00,https://aurayou2.lot-lot.com/image/32/2025/05/8726ba10a995282feb3d27f25c976d2e.jpg,https://aurayou2.lot-lot.com/image/32/2025/05/8726ba10a995282feb3d27f25c976d2e.jpg|https://aurayou2.lot-lot.com/image/32/2025/05/9345336e3817a1e67c40c46d40de6212.jpg|https://aurayou2.lot-lot.com/image/32/2025/05/12bd595d83094affad4498ec5e904cfd.jpg|https://aurayou2.lot-lot.com/image/32/2025/05/e61bdf17e902681618a2695bc171f9f6.jpg|https://aurayou2.lot-lot.com/image/32/2025/05/700b58eea76f151621fe6ba8a715f001.jpg|https://aurayou2.lot-lot.com/image/32/2025/05/68134651664e3f34b78d89fd25d6f377.jpg,▫️▪️粉水晶黄塔晶手串 - 材质&尺寸：粉水晶14mm，黄塔晶12mm，跑环黄塔晶6mm,831|832|833|834|845|846|848|849|852|854|857|861|883|1054|1527
115,7982,粉水晶手串BAC113x,123.00,https://aurayou2.lot-lot.com/image/32/2025/05/bf78257d22f7f423a1bfd6f551b73dbb.jpg,https://aurayou2.lot-lot.com/image/32/2025/05/bf78257d22f7f423a1bfd6f551b73dbb.jpg|https://aurayou2.lot-lot.com/image/32/2025/05/0b205186307a95518dc713736eb1fa38.jpg|https://aurayou2.lot-lot.com/image/32/2025/05/0977d05abded7c4aed46f719d06d352e.jpg|https://aurayou2.lot-lot.com/image/32/2025/05/f5f7b38ff5addfe9fa1696b07152eee5.jpg|https://aurayou2.lot-lot.com/image/32/2025/05/4bd658fe64a15ec872d21a1be83db140.jpg|https://aurayou2.lot-lot.com/image/32/2025/05/01c8eab0731c65c335bfb8267515fc34.jpg,▫️▪️粉水晶手串 - 材质&尺寸：粉水晶9mm,831|832|833|834|848|849|852|855|860|863|883|1054|1227
116,7976,粉水晶白幽灵手串BAC1072,280.00,https://aurayou2.lot-lot.com/image/32/2025/05/a2784077d020535c18a532504de954a8.jpg,https://aurayou2.lot-lot.com/image/32/2025/05/a2784077d020535c18a532504de954a8.jpg|https://aurayou2.lot-lot.com/image/32/2025/05/3ea49f58fa042be3044a933a8788d974.jpg|https://aurayou2.lot-lot.com/image/32/2025/05/1098faded5ee265bb08549e7c7a5177d.jpg|https://aurayou2.lot-lot.com/image/32/2025/05/9a37295100d65bf7f29384806ad46234.jpg|https://aurayou2.lot-lot.com/image/32/2025/05/c10cd9b3b828ca098366f1f9ce8e7d76.jpg|https://aurayou2.lot-lot.com/image/32/2025/05/8c036ad7e4526c5e228874a017c82cb4.jpg,▫️▪️粉水晶白幽灵手串 - 材质：粉水晶、白幽灵 尺寸： 14-15mm,831|832|833|834|845|846|848|849|852|853|857|861|883|1054|1227
117,7969,白幽灵海蓝宝粉水晶手串BAC579x,130.00,https://aurayou2.lot-lot.com/image/32/2025/05/ed9f813d23a30c12bcee082f53afc924.jpg,https://aurayou2.lot-lot.com/image/32/2025/05/ed9f813d23a30c12bcee082f53afc924.jpg|https://aurayou2.lot-lot.com/image/32/2025/05/a8c73810f94a9a8f5b4243898d3b9218.jpg|https://aurayou2.lot-lot.com/image/32/2025/05/02086715866c16d49583c5d7b2145153.jpg|https://aurayou2.lot-lot.com/image/32/2025/05/b1e79e34acef5eca9710aef005952393.jpg|https://aurayou2.lot-lot.com/image/32/2025/05/b64de93031969b7591807e5a72b797a6.jpg|https://aurayou2.lot-lot.com/image/32/2025/05/86fbdd722b7424aeac0197233f4accea.jpg,▫️▪️白幽灵海蓝宝粉水晶手串 - 材质&尺寸：白幽灵13.5mm、海蓝宝14mm、粉晶13mm、粉晶方糖,831|832|833|834|845|846|847|848|849|852|853|857|861|883|917|1054|1226
118,7931,粉水晶蓝月光金发晶手串BAC472x,120.00,https://aurayou2.lot-lot.com/image/32/2025/05/3125b88c4042127ba655087dec60ef5b.jpg,https://aurayou2.lot-lot.com/image/32/2025/05/3125b88c4042127ba655087dec60ef5b.jpg|https://aurayou2.lot-lot.com/image/32/2025/05/786259fcf2df2396dbbbae093960d245.jpg|https://aurayou2.lot-lot.com/image/32/2025/05/6431c3f64ab7ceb2d669dfd3826e71a3.jpg|https://aurayou2.lot-lot.com/image/32/2025/05/fc8e45ba282282b07d528d2296d69718.jpg|https://aurayou2.lot-lot.com/image/32/2025/05/a0aabe252880aa8525c4f56ae86d89ef.jpg|https://aurayou2.lot-lot.com/image/32/2025/05/30a0b40d7e8e6d66642138de5a93eb48.jpg,▫️▪️粉水晶蓝月光金发晶手串 - 材质&尺寸：粉晶、蓝月光、金发晶；均9mm,831|832|833|834|845|846|848|849|850|852|854|860|863|883|1054|1212
119,7910,粉水晶紫水晶手串BAC1070,215.00,https://aurayou2.lot-lot.com/image/32/2025/05/cec613d0859cd9e620e8dc6c1258ff8c.jpg,https://aurayou2.lot-lot.com/image/32/2025/05/cec613d0859cd9e620e8dc6c1258ff8c.jpg|https://aurayou2.lot-lot.com/image/32/2025/05/ecbe75014c434680c44c9d1dba76a311.jpg|https://aurayou2.lot-lot.com/image/32/2025/05/3a330a05c980a16902f5e7775594a4c8.jpg|https://aurayou2.lot-lot.com/image/32/2025/05/258b37db012d33d0e5f8e21b81d47aed.jpg|https://aurayou2.lot-lot.com/image/32/2025/05/2eaed84e8cef2859d58b57f13b9c1f17.jpg|https://aurayou2.lot-lot.com/image/32/2025/05/1890aaa2de9d5208b05ba31b168ec6f5.jpg,▫️▪️粉水晶紫水晶手串 - 材质：紫水晶、粉水晶 尺寸：14-15mm,831|832|833|834|846|847|848|849|850|852|857|861|883|901|1054|1212
120,7836,粉水晶白水晶手串BAC561x,148.00,https://aurayou2.lot-lot.com/image/32/2025/04/fbe3b575cb431c14d77b0047aac6612c.jpg,https://aurayou2.lot-lot.com/image/32/2025/04/fbe3b575cb431c14d77b0047aac6612c.jpg|https://aurayou2.lot-lot.com/image/32/2025/04/75a4f9aadaf500b79983ad4284345193.jpg|https://aurayou2.lot-lot.com/image/32/2025/04/c4e7934309fdf191043a3a52557c6b31.jpg|https://aurayou2.lot-lot.com/image/32/2025/04/59b8e1f337754974369c71a61da465db.jpg|https://aurayou2.lot-lot.com/image/32/2025/04/f3dda3b693a1ad688cab1f955272da2d.jpg|https://aurayou2.lot-lot.com/image/32/2025/04/d34eb1d1308e3190e814dfdab385cb51.jpg,▫️▪️粉水晶白水晶手串 - 材质&尺寸：粉晶11.5mm，白水晶刻面12mm，白水晶九尾狐28*30mm，白水晶方糖10.5*10.5mm,831|832|833|834|847|848|849|851|852|853|857|862|866|883|1054|1209
121,7827,粉水晶海蓝宝魔盒手串BAC1069,430.00,https://aurayou2.lot-lot.com/image/32/2025/04/8f05aa0432141563df2cf91bf1b25024.jpg,https://aurayou2.lot-lot.com/image/32/2025/04/8f05aa0432141563df2cf91bf1b25024.jpg|https://aurayou2.lot-lot.com/image/32/2025/04/8b3640902e03fb07c72dedda5337e8c9.jpg|https://aurayou2.lot-lot.com/image/32/2025/04/aa951145e65f1e1cde876c747be7678c.jpg|https://aurayou2.lot-lot.com/image/32/2025/04/9a8a1b592ebcba690d190842b2f2b60f.jpg|https://aurayou2.lot-lot.com/image/32/2025/04/d12167c9e4ebae168e60f774c640ed8a.jpg|https://aurayou2.lot-lot.com/image/32/2025/04/89578a1dd5e47c054ea6ba037cec30ad.jpg,▫️粉水晶海蓝宝魔盒手串 - 材质：粉水晶、海蓝宝、粉晶魔盒 尺寸：14mm,831|832|833|834|847|848|849|852|857|861|867|883|895|1054|1209
122,7788,粉水晶白水晶海蓝宝手串BAC1068,252.00,https://aurayou2.lot-lot.com/image/32/2025/04/2b5aa5cc7a3065b7c5b4ffa764e230ea.jpg,https://aurayou2.lot-lot.com/image/32/2025/04/2b5aa5cc7a3065b7c5b4ffa764e230ea.jpg|https://aurayou2.lot-lot.com/image/32/2025/04/390a8fba1fa9bb18f6d98f928d7fd2b1.jpg|https://aurayou2.lot-lot.com/image/32/2025/04/bf93ec663f9f010b6269721aa26181dd.jpg|https://aurayou2.lot-lot.com/image/32/2025/04/c8a7fcd5aa3d4cec85c79b766973d81e.jpg|https://aurayou2.lot-lot.com/image/32/2025/04/e1b6c8ed9ff72be1669a0983aa951eb2.jpg|https://aurayou2.lot-lot.com/image/32/2025/04/0b92798f45203ab5ab44ec35c2ec73de.jpg,▫️▪️粉水晶白水晶海蓝宝手串 - 材质：粉水晶、海蓝宝、白水晶随形 尺寸：15mm,831|832|833|834|847|848|851|852|853|857|861|883|1054|1208
123,6417,粉水晶岫玉手串BAC1035,295.00,https://aurayou2.lot-lot.com/image/32/2025/01/7a4526ffe9dd79ee0eba88b59305c64c.jpg,https://aurayou2.lot-lot.com/image/32/2025/01/7a4526ffe9dd79ee0eba88b59305c64c.jpg|https://aurayou2.lot-lot.com/image/32/2025/01/0a01c0d5d7ad7d1f85b6d004569a90ae.jpg|https://aurayou2.lot-lot.com/image/32/2025/01/299d547379a253ef781867b4107698d1.jpg|https://aurayou2.lot-lot.com/image/32/2025/01/e1a700a8d151668f3e27a6b76fe7beb0.jpg|https://aurayou2.lot-lot.com/image/32/2025/01/19e1e44aae46855b315293fefc29891e.jpg|https://aurayou2.lot-lot.com/image/32/2025/01/d4bb46a03d81d7c57365f6e46249da60.jpg,▫️▪️粉水晶岫玉手串 - 材质：粉水晶、岫玉、玛瑙跑环 尺寸：14mm,831|832|833|834|848|849|850|851|852|856|858|861|883|889
124,6415,粉水晶紫水晶手串BAC1033,322.00,https://aurayou2.lot-lot.com/image/32/2025/01/b23beb05c573a3ac866b5f12204ee41b.jpg,https://aurayou2.lot-lot.com/image/32/2025/01/b23beb05c573a3ac866b5f12204ee41b.jpg|https://aurayou2.lot-lot.com/image/32/2025/01/caec130d7fb6c69ff8e265518ef3222d.jpg|https://aurayou2.lot-lot.com/image/32/2025/01/c8c58382ee3f03e8319bc4ecd87c8dce.jpg|https://aurayou2.lot-lot.com/image/32/2025/01/89ab73b68f0d664039e6de2b8fb32846.jpg|https://aurayou2.lot-lot.com/image/32/2025/01/cca0010e40aa5f49e2120c283939a897.jpg|https://aurayou2.lot-lot.com/image/32/2025/01/f2f970ecb23a474f2ea42d1898bb8f25.jpg,▫️▪️粉水晶紫水晶手串 - 材质：粉水晶、紫水晶 尺寸：15mm/17mm,831|832|833|834|846|847|848|849|850|852|858|861|883
125,5854,樱花玛瑙粉晶手牌BAC839,128.00,https://aurayou2.lot-lot.com/image/32/2025/01/502b87b0da2fa11f492e4d048a317161.jpg,https://aurayou2.lot-lot.com/image/32/2025/01/502b87b0da2fa11f492e4d048a317161.jpg|https://aurayou2.lot-lot.com/image/32/2025/01/dc2843fa26d87bc5470b83071326fc03.jpg|https://aurayou2.lot-lot.com/image/32/2025/01/5b877a095af70621379eaf4727793f33.jpg|https://aurayou2.lot-lot.com/image/32/2025/01/7f052104e93460bf819dab11bded849b.jpg|https://aurayou2.lot-lot.com/image/32/2025/01/bdc7edd78c5d1dd1b0ba6c87222e5981.jpg|https://aurayou2.lot-lot.com/image/32/2025/01/98e9e5151a93713f0e94732b78fbd134.jpg,▫️▪️樱花玛瑙粉晶手牌 - 材质：樱花玛瑙、粉水晶 尺寸：13*18mm/7mm,831|832|833|834|848|849|850|852|857|858|860|868|883|887
126,5850,粉晶白水双尖手串BAC835,152.00,https://aurayou2.lot-lot.com/image/32/2025/01/71a7c472131c428176634b2d88520e75.jpg,https://aurayou2.lot-lot.com/image/32/2025/01/71a7c472131c428176634b2d88520e75.jpg|https://aurayou2.lot-lot.com/image/32/2025/01/eaa66120bfcd2b2f812c0dcc2d5e1cd5.jpg|https://aurayou2.lot-lot.com/image/32/2025/01/c922ffff2dd661747aba73671277dd7c.jpg|https://aurayou2.lot-lot.com/image/32/2025/01/af19813eb385e2131112533378c22cb8.jpg|https://aurayou2.lot-lot.com/image/32/2025/01/cd84f65b57d8f0f7d4a3a857c9c003d8.jpg|https://aurayou2.lot-lot.com/image/32/2025/01/7fef18a66c0df7476dd3f301aa1aca6a.jpg,▫️▪️粉晶白水双尖手串 - 材质：粉水晶、白水晶、海蓝宝、蓝月光 尺寸：8-10mm,831|832|833|834|847|848|849|850|851|852|853|857|858|860|863|883
127,5849,粉水晶白水晶蝴蝶结手串BAC834,175.00,https://aurayou2.lot-lot.com/image/32/2025/01/af7493e11c9cd394892e231605a1393a.jpg,https://aurayou2.lot-lot.com/image/32/2025/01/af7493e11c9cd394892e231605a1393a.jpg|https://aurayou2.lot-lot.com/image/32/2025/01/71bd8beec8830e2912ef8a9ef19b175b.jpg|https://aurayou2.lot-lot.com/image/32/2025/01/deea4202d46a2269f20fa968707c99f5.jpg|https://aurayou2.lot-lot.com/image/32/2025/01/0cb1f714f1c0917dc7ec92c806e06659.jpg|https://aurayou2.lot-lot.com/image/32/2025/01/aac30acddea3af8b0ee27a58cf48ec4c.jpg|https://aurayou2.lot-lot.com/image/32/2025/01/e5ae6b223ee2297b4b81c67cd4b633b8.jpg,▫️▪️粉水晶白水晶蝴蝶结手串 - 材质：粉水晶、白水晶 尺寸：12mm,831|832|833|834|847|848|849|851|852|853|857|860|862|866|883
128,5847,粉水晶贝珠手串BAC832,188.00,https://aurayou2.lot-lot.com/image/32/2025/01/90609258168bc64f2f25b6524801c287.jpg,https://aurayou2.lot-lot.com/image/32/2025/01/90609258168bc64f2f25b6524801c287.jpg|https://aurayou2.lot-lot.com/image/32/2025/01/8e73121aaf9e7b2f5ac8347520001e2d.jpg|https://aurayou2.lot-lot.com/image/32/2025/01/5c057c47684f763b6d6cea6cf75fddd7.jpg|https://aurayou2.lot-lot.com/image/32/2025/01/2614c2ff6838a9bb36ee0fd502e1e112.jpg|https://aurayou2.lot-lot.com/image/32/2025/01/76eb03daf0e2e58b44c3217ee9db0f2a.jpg|https://aurayou2.lot-lot.com/image/32/2025/01/481b9bc874786f9107629ea34fe174c7.jpg,▫️▪️粉水晶贝珠手串 - 材质：粉水晶、贝珠 尺寸：12mm,831|832|833|834|848|849|850|852|857|860|862|883
129,5846,粉水晶贝珠手串BAC831,115.00,https://aurayou2.lot-lot.com/image/32/2025/01/9c95e827ca71d53d4d8b746d2324ecbb.jpg,https://aurayou2.lot-lot.com/image/32/2025/01/9c95e827ca71d53d4d8b746d2324ecbb.jpg|https://aurayou2.lot-lot.com/image/32/2025/01/ce4510eaeafd45b2a26e052df5b41a22.jpg|https://aurayou2.lot-lot.com/image/32/2025/01/1697ab64232665f9c66fae53d143d29e.jpg|https://aurayou2.lot-lot.com/image/32/2025/01/a79a9cf6d9a36c478df119bc95dd4bef.jpg|https://aurayou2.lot-lot.com/image/32/2025/01/c2664734211737821ce67a087c0c08c4.jpg|https://aurayou2.lot-lot.com/image/32/2025/01/a545d733bc450b5016d53f2ce80b15cc.jpg,▫️▪️粉水晶贝珠手串 - 材质：粉水晶、贝珠 尺寸：11mm,831|832|833|834|848|849|850|852|857|860|862|883
130,5845,粉水晶白水晶随形手串BAC830,282.00,https://aurayou2.lot-lot.com/image/32/2025/01/eeb852c61b25248cfefc1a2ca2963ab9.jpg,https://aurayou2.lot-lot.com/image/32/2025/01/eeb852c61b25248cfefc1a2ca2963ab9.jpg|https://aurayou2.lot-lot.com/image/32/2025/01/fcb531ab7c7ca105759f18678bd1e1c0.jpg|https://aurayou2.lot-lot.com/image/32/2025/01/643b4d1e92ed13d72ab140522e6d7dd2.jpg|https://aurayou2.lot-lot.com/image/32/2025/01/d545df41f9e7c1b7659a4c1b5e553f26.jpg|https://aurayou2.lot-lot.com/image/32/2025/01/33c7745dbd5a32e66f1bbd0a4c5bdd3d.jpg|https://aurayou2.lot-lot.com/image/32/2025/01/e73d345660d10557b16577d9eef56c43.jpg,▫️▪️粉水晶白水晶随形手串 - 材质：粉水晶、白水晶 尺寸：12mm,831|832|833|834|847|848|849|851|852|853|857|862|883
131,5844,粉水晶手串BAC829,162.00,https://aurayou2.lot-lot.com/image/32/2025/01/75ff048937626e12e1bb2f280868b9f4.jpg,https://aurayou2.lot-lot.com/image/32/2025/01/75ff048937626e12e1bb2f280868b9f4.jpg|https://aurayou2.lot-lot.com/image/32/2025/01/fb7772fd430e3e798dffab6fb61425a2.jpg|https://aurayou2.lot-lot.com/image/32/2025/01/d3889c44b7d481274912baabbde1bd04.jpg|https://aurayou2.lot-lot.com/image/32/2025/01/f0bfccaba1f2e57b37ac7128079268d8.jpg|https://aurayou2.lot-lot.com/image/32/2025/01/042e22a403949c5a2f1016c911fd8158.jpg|https://aurayou2.lot-lot.com/image/32/2025/01/25ed62f5c4ffca320cc11e9467974954.jpg,▫️▪️粉水晶手串 - 材质：粉水晶 尺寸：12mm,831|832|833|834|848|849|852|857|860|862|883
132,5842,粉水晶绿幽灵贝珠白水晶手串BAC827,88.00,https://aurayou2.lot-lot.com/image/32/2025/01/f77d9a3a430880769968e2cd9da43009.jpg,https://aurayou2.lot-lot.com/image/32/2025/01/f77d9a3a430880769968e2cd9da43009.jpg|https://aurayou2.lot-lot.com/image/32/2025/01/f6014b6e1364d0645edf89d5b64d4150.jpg|https://aurayou2.lot-lot.com/image/32/2025/01/d3e2594523bd436733d22ab698584d70.jpg|https://aurayou2.lot-lot.com/image/32/2025/01/f8992267be00279dba0c8daac35a776e.jpg|https://aurayou2.lot-lot.com/image/32/2025/01/f1ad72b3975b9d6514daa4b9df81210b.jpg|https://aurayou2.lot-lot.com/image/32/2025/01/c3ead82f3e4b1473aa886b7d2b71ea36.jpg,▫️▪️粉水晶绿幽灵贝珠白水晶手串 - 材质：粉水晶、绿幽灵、贝珠、白水晶 尺寸：6-9mm,831|832|833|834|845|846|848|849|850|852|857|860|863|883
133,5841,粉水晶贝珠手串BAC826,182.00,https://aurayou2.lot-lot.com/image/32/2025/01/4ebf16a7e9744921904a16bdc68fa851.jpg,https://aurayou2.lot-lot.com/image/32/2025/01/4ebf16a7e9744921904a16bdc68fa851.jpg|https://aurayou2.lot-lot.com/image/32/2025/01/540f8dd58fc8f27b79119d1549b38b8b.jpg|https://aurayou2.lot-lot.com/image/32/2025/01/1951eacd7f99d03c3ab1ffee8cf5f2f5.jpg|https://aurayou2.lot-lot.com/image/32/2025/01/3127001e3d18801335ffa4dd45e91771.jpg|https://aurayou2.lot-lot.com/image/32/2025/01/ebdbab9235b4babfc7b3698745946b74.jpg|https://aurayou2.lot-lot.com/image/32/2025/01/47ca0b7ad554599b04a66d99b1f587bc.jpg,▫️▪️粉水晶贝珠手串 - 材质：粉水晶、贝珠 尺寸：11mm,831|832|833|834|848|849|850|852|855|857|860|862|883
134,5840,粉水晶青金石手串BAC825,105.00,https://aurayou2.lot-lot.com/image/32/2025/01/cbcef4feaa97fc725df5517463fbd903.jpg,https://aurayou2.lot-lot.com/image/32/2025/01/cbcef4feaa97fc725df5517463fbd903.jpg|https://aurayou2.lot-lot.com/image/32/2025/01/779737fb53f65331d1dde5bd4f5aa8c7.jpg|https://aurayou2.lot-lot.com/image/32/2025/01/e54f3910b3e2f98e91ccc5118d5271b9.jpg|https://aurayou2.lot-lot.com/image/32/2025/01/7730dab6ed3add90154a7f4704fda942.jpg|https://aurayou2.lot-lot.com/image/32/2025/01/e68577f054eda0b78d5878a8a724275e.jpg|https://aurayou2.lot-lot.com/image/32/2025/01/d75c3db7ba580204033c521b17987363.jpg,▫️▪️粉水晶青金石手串 - 材质：粉水晶、青金石、珍珠跑环 尺寸：9mm,831|832|833|834|846|847|848|849|852|857|860|863|883
135,5839,粉水晶蓝月光手串BAC824,100.00,https://aurayou2.lot-lot.com/image/32/2025/01/0c57df748b3cb35837aeaf55729c2af9.jpg,https://aurayou2.lot-lot.com/image/32/2025/01/0c57df748b3cb35837aeaf55729c2af9.jpg|https://aurayou2.lot-lot.com/image/32/2025/01/cdc7987d337bf4c20a8685a28f8f1eda.jpg|https://aurayou2.lot-lot.com/image/32/2025/01/603f38a2ade81fb5f9b0bb5d475c0196.jpg|https://aurayou2.lot-lot.com/image/32/2025/01/6182dcfb0dea84ca97443e996338d531.jpg|https://aurayou2.lot-lot.com/image/32/2025/01/98d9abc5d87f85de5b06324daec1bd18.jpg|https://aurayou2.lot-lot.com/image/32/2025/01/960d997ed90439ad7c4188092d2b76dd.jpg,▫️▪️粉水晶蓝月光手串 - 材质：粉水晶、蓝月光 尺寸：9mm,831|832|833|834|848|849|850|852|857|860|863|883
136,5836,粉水晶黄水晶手串BAC821,282.00,https://aurayou2.lot-lot.com/image/32/2025/01/50092930dd7d564257e227034e15766e.jpg,https://aurayou2.lot-lot.com/image/32/2025/01/50092930dd7d564257e227034e15766e.jpg|https://aurayou2.lot-lot.com/image/32/2025/01/5fbbc124b0d759a9ff924c3095d711b1.jpg|https://aurayou2.lot-lot.com/image/32/2025/01/f21f6b86a9796ece8f2e400f8e90df37.jpg|https://aurayou2.lot-lot.com/image/32/2025/01/ea2bdab7fc179729595f8aa36cc053c1.jpg|https://aurayou2.lot-lot.com/image/32/2025/01/ee1f7194fa324d4cc65a3d9613c6c594.jpg|https://aurayou2.lot-lot.com/image/32/2025/01/99cc1c80de349d174e63ccada5344eb4.jpg,▫️▪️粉水晶黄水晶手串 - 材质：粉水晶、黄水晶 尺寸：13mm/15mm,831|832|833|834|845|846|848|849|852|854|855|857|862|883
137,5835,粉水晶黄水晶手串BAC820,245.00,https://aurayou2.lot-lot.com/image/32/2025/01/09f172db896267ae568978482b2b7e55.jpg,https://aurayou2.lot-lot.com/image/32/2025/01/09f172db896267ae568978482b2b7e55.jpg|https://aurayou2.lot-lot.com/image/32/2025/01/31260864544cf8b130b1d252d0bacf38.jpg|https://aurayou2.lot-lot.com/image/32/2025/01/1e300f734f87005d405d159d11ce0b3c.jpg|https://aurayou2.lot-lot.com/image/32/2025/01/af8b6e8d91179c67a9653ee52ec83d9c.jpg|https://aurayou2.lot-lot.com/image/32/2025/01/d0b3e0d63fcaf48b3134fd0046319f71.jpg|https://aurayou2.lot-lot.com/image/32/2025/01/a4fc7b44f6545a5010a5c9032b2feee9.jpg,▫️▪️粉水晶黄水晶手串 - 材质：粉水晶、黄水晶 尺寸：11mm/14mm,831|832|833|834|845|846|848|849|852|854|855|857|858|862|883
138,5834,粉水晶手串BAC819,282.00,https://aurayou2.lot-lot.com/image/32/2025/01/36c1af09e486b86260ca1311b0ac0917.jpg,https://aurayou2.lot-lot.com/image/32/2025/01/36c1af09e486b86260ca1311b0ac0917.jpg|https://aurayou2.lot-lot.com/image/32/2025/01/72bbfe5bba766ff16c5155c8d75d4ad0.jpg|https://aurayou2.lot-lot.com/image/32/2025/01/e4aa463bed9e73509855809e4da1f6a2.jpg|https://aurayou2.lot-lot.com/image/32/2025/01/fde0c8d289292b97672e6e3a2490d9ca.jpg|https://aurayou2.lot-lot.com/image/32/2025/01/fb6e739e799e8016d2952332e56a82b8.jpg|https://aurayou2.lot-lot.com/image/32/2025/01/da65e16eaa719350542a2b9bb53f8a05.jpg,▫️▪️粉水晶手串 - 材质：粉水晶 尺寸：13mm,831|832|833|834|848|849|852|855|857|862|883
139,5833,粉水晶白水晶手串BAC818,100.00,https://aurayou2.lot-lot.com/image/32/2025/01/fddc9770d76cab7618698ddd591da946.jpg,https://aurayou2.lot-lot.com/image/32/2025/01/fddc9770d76cab7618698ddd591da946.jpg|https://aurayou2.lot-lot.com/image/32/2025/01/c8d969e2fb7ba1e2bb041b1183695076.jpg|https://aurayou2.lot-lot.com/image/32/2025/01/c899b139cf197b68d0b0b05eb28d839a.jpg|https://aurayou2.lot-lot.com/image/32/2025/01/e02ae1a379571eda5de942eb47ae8460.jpg|https://aurayou2.lot-lot.com/image/32/2025/01/2cb8aafd9b839cf6fb3f76b3caadfcb5.jpg|https://aurayou2.lot-lot.com/image/32/2025/01/27c4c671a6abb911f4d4bc13db188ca7.jpg,▫️▪️粉水晶白水晶手串 - 材质：粉水晶、白水晶 尺寸：9mm,831|832|833|834|847|848|849|851|852|853|857|860|863|883
140,5832,粉水晶手串BAC817,246.00,https://aurayou2.lot-lot.com/image/32/2025/01/2581181d35f9f44a81ff8ec35e639a4c.jpg,https://aurayou2.lot-lot.com/image/32/2025/01/2581181d35f9f44a81ff8ec35e639a4c.jpg|https://aurayou2.lot-lot.com/image/32/2025/01/41f27d7c78fcbcfa7774c614ba0337bc.jpg|https://aurayou2.lot-lot.com/image/32/2025/01/cbf3d7bbf9264322584426cc4fca4659.jpg|https://aurayou2.lot-lot.com/image/32/2025/01/cde44287a29d28f87e5004b2593ed035.jpg|https://aurayou2.lot-lot.com/image/32/2025/01/678a25c429043e9985bf2c33a83af20c.jpg|https://aurayou2.lot-lot.com/image/32/2025/01/0a2ca914af0a4bb437ec648a37312018.jpg,▫️▪️粉水晶手串 - 材质：粉水晶 尺寸：13mm,831|832|833|834|848|849|852|855|857|862|883
141,5831,粉水晶白水晶狐狐球手串BAC816,238.00,https://aurayou2.lot-lot.com/image/32/2025/01/f5b3dbd1215aafd3b9d6f61ffefc6d09.jpg,https://aurayou2.lot-lot.com/image/32/2025/01/f5b3dbd1215aafd3b9d6f61ffefc6d09.jpg|https://aurayou2.lot-lot.com/image/32/2025/01/f9bbe376ceba8ed9f35550165aa3c7eb.jpg|https://aurayou2.lot-lot.com/image/32/2025/01/d7f1f38c9dabbae10f1bccb783b0f028.jpg|https://aurayou2.lot-lot.com/image/32/2025/01/3384cb07ad3fef00008fe880a3693ad7.jpg|https://aurayou2.lot-lot.com/image/32/2025/01/8f3690595ed0aae9c5d529ace5a8f6d7.jpg|https://aurayou2.lot-lot.com/image/32/2025/01/5808372f42bfeb7d48495b550e663bb4.jpg,▫️▪️粉水晶白水晶狐狐球手串 - 材质：粉水晶、白水晶 尺寸：12-13mm,831|832|833|834|847|848|849|851|852|853|855|857|862|866|883
142,5830,粉水晶白水晶红纹石手串BAC815,162.00,https://aurayou2.lot-lot.com/image/32/2025/01/c98a936a2454924d75d81cf1840241f6.jpg,https://aurayou2.lot-lot.com/image/32/2025/01/c98a936a2454924d75d81cf1840241f6.jpg|https://aurayou2.lot-lot.com/image/32/2025/01/10814fdb8f258b28061bf98a77a65a2a.jpg|https://aurayou2.lot-lot.com/image/32/2025/01/30c68b8f074d7d1b56cea1dace4ccc69.jpg|https://aurayou2.lot-lot.com/image/32/2025/01/263f066b5a582be55332a57c0cdf9590.jpg|https://aurayou2.lot-lot.com/image/32/2025/01/908f8c5729db3a73b0ddfe8b758da7ae.jpg|https://aurayou2.lot-lot.com/image/32/2025/01/01f01c2a704dd410258c689382e807a7.jpg,▫️▪️粉水晶白水晶红纹石手串 - 材质：粉水晶、白水晶、红纹石 尺寸：10-11mm/13mm/11mm,831|832|833|834|847|848|849|851|852|853|854|855|857|862|883
143,5829,粉水晶紫锂辉白水晶狐狐手串BAC814,165.00,https://aurayou2.lot-lot.com/image/32/2025/01/31f8e7e79afa11b69b3b2f47031d0451.jpg,https://aurayou2.lot-lot.com/image/32/2025/01/31f8e7e79afa11b69b3b2f47031d0451.jpg|https://aurayou2.lot-lot.com/image/32/2025/01/47fc11770b14446b38f3a1dd7885712f.jpg|https://aurayou2.lot-lot.com/image/32/2025/01/c07e415b77035715057728ec7df6b3ad.jpg|https://aurayou2.lot-lot.com/image/32/2025/01/5db2a85017b90e1ab3d519f2fd87b644.jpg|https://aurayou2.lot-lot.com/image/32/2025/01/a50d16f68d260f10fbf36ed48e23a5bd.jpg|https://aurayou2.lot-lot.com/image/32/2025/01/b5599c39acd4331a96f8314cddd784b8.jpg,▫️▪️粉水晶紫锂辉白水晶狐狐手串 - 材质：粉水晶、紫锂辉、白水晶 尺寸：11mm/14mm,831|832|833|834|848|849|850|852|853|854|857|860|862|866|883
144,5828,粉水晶白水晶方糖手串BAC813,158.00,https://aurayou2.lot-lot.com/image/32/2025/01/d35ba75f6299b935b3be31349e8b9596.jpg,https://aurayou2.lot-lot.com/image/32/2025/01/d35ba75f6299b935b3be31349e8b9596.jpg|https://aurayou2.lot-lot.com/image/32/2025/01/85e7219c8893b73fe81ed48089c4efe5.jpg|https://aurayou2.lot-lot.com/image/32/2025/01/99813c3571fb4aa5f9cc13e56b39718b.jpg|https://aurayou2.lot-lot.com/image/32/2025/01/5bd07f55038e982e8435d4bc2145eac4.jpg|https://aurayou2.lot-lot.com/image/32/2025/01/5ebbd3241f5e3a64a80ee6e0d2f05e8b.jpg|https://aurayou2.lot-lot.com/image/32/2025/01/5ac5cc75631ef5a17154932f18a225d7.jpg,▫️▪️粉水晶白水晶方糖手串 - 材质：粉水晶、白水晶 尺寸：12mm,831|832|833|834|847|848|849|851|852|853|855|857|858|860|862|883
145,5826,粉水晶紫水晶随形手串BAC811,129.00,https://aurayou2.lot-lot.com/image/32/2025/01/ce5012a3ea25309be781a3752617461d.jpg,https://aurayou2.lot-lot.com/image/32/2025/01/ce5012a3ea25309be781a3752617461d.jpg|https://aurayou2.lot-lot.com/image/32/2025/01/a1a52aac9850e60e779a11821dc55a82.jpg|https://aurayou2.lot-lot.com/image/32/2025/01/a77b26a50d0c6a67bc8825a0340f2f33.jpg|https://aurayou2.lot-lot.com/image/32/2025/01/f57d4dc5f1ae6d47dc721671fb61c399.jpg|https://aurayou2.lot-lot.com/image/32/2025/01/b2f9378ca454ab1ef5835e53b3db857c.jpg|https://aurayou2.lot-lot.com/image/32/2025/01/2963b8c997494e0e3bac229c7611c260.jpg,▫️▪️粉水晶紫水晶随形手串 - 材质：粉水晶、紫水晶 尺寸：10mm,831|832|833|834|846|847|848|849|850|852|855|857|860|862|883
146,5825,粉水晶绿幽灵手串BAC810,322.00,https://aurayou2.lot-lot.com/image/32/2025/01/eaa7e7070e8a97bd870fb212b18cf573.jpg,https://aurayou2.lot-lot.com/image/32/2025/01/eaa7e7070e8a97bd870fb212b18cf573.jpg|https://aurayou2.lot-lot.com/image/32/2025/01/504632ffbaae8d96d01159c2cfa05c11.jpg|https://aurayou2.lot-lot.com/image/32/2025/01/63b50c6479166c58fa0cad6b22cf302d.jpg|https://aurayou2.lot-lot.com/image/32/2025/01/f8c3b71223d62b9476a595f32a9d321e.jpg|https://aurayou2.lot-lot.com/image/32/2025/01/34fd03362f4dca24a243db5ebcba4d8e.jpg|https://aurayou2.lot-lot.com/image/32/2025/01/148a22392f6b9e7a01cf27b3f0d6d7e4.jpg,▫️▪️粉水晶绿幽灵手串 - 材质：粉水晶、绿幽灵 尺寸：14mm/16mm,831|832|833|834|845|846|848|849|850|852|857|861|883
147,5823,粉水晶多宝双尖手串BAC808,162.00,https://aurayou2.lot-lot.com/image/32/2025/01/b33f33e00fd8eb7306b5d5ef490488f2.jpg,https://aurayou2.lot-lot.com/image/32/2025/01/b33f33e00fd8eb7306b5d5ef490488f2.jpg|https://aurayou2.lot-lot.com/image/32/2025/01/2e8e032a9a2522ac8e8fdf7f719fa580.jpg|https://aurayou2.lot-lot.com/image/32/2025/01/d5504327728a3722e91cb7247da59346.jpg|https://aurayou2.lot-lot.com/image/32/2025/01/a67e48726197c0d60996a365410e5f3f.jpg|https://aurayou2.lot-lot.com/image/32/2025/01/f3d1b0daae12ba9e0c18067f888d92aa.jpg|https://aurayou2.lot-lot.com/image/32/2025/01/c72266e889f86cae6a0d50e9a510e5df.jpg,▫️▪️粉水晶多宝双尖手串 - 材质：粉水晶、黄水晶、白幽灵、白水晶、紫锂辉、红胶花 尺寸：12mm,831|832|833|834|845|846|847|848|849|850|851|852|853|854|857|860|862|883
148,5822,粉水晶白水晶方糖手串BAC807,100.00,https://aurayou2.lot-lot.com/image/32/2025/01/80db221ae2d9fac5908bc94ba11022fc.jpg,https://aurayou2.lot-lot.com/image/32/2025/01/80db221ae2d9fac5908bc94ba11022fc.jpg|https://aurayou2.lot-lot.com/image/32/2025/01/d00f82658523e9574022af4e46b991ef.jpg|https://aurayou2.lot-lot.com/image/32/2025/01/db1c27d5dfb3330f37c7b1cef05e6efb.jpg|https://aurayou2.lot-lot.com/image/32/2025/01/f6a662b3bde8917a017772e243272113.jpg|https://aurayou2.lot-lot.com/image/32/2025/01/72177dc56f4f1b17993cc04beeeca800.jpg|https://aurayou2.lot-lot.com/image/32/2025/01/26ff7df83d7628c14e7047acf50d95ba.jpg,▫️▪️粉水晶白水晶方糖手串 - 材质：粉水晶、白水晶 尺寸：11mm,831|832|833|834|847|848|849|851|852|853|857|860|862|883
149,5821,粉水晶贝珠手串BAC806,125.00,https://aurayou2.lot-lot.com/image/32/2025/01/271c8724acc0580bef8e831f3f995e35.jpg,https://aurayou2.lot-lot.com/image/32/2025/01/271c8724acc0580bef8e831f3f995e35.jpg|https://aurayou2.lot-lot.com/image/32/2025/01/ffb7b0fe7904144a02481c9221e139b0.jpg|https://aurayou2.lot-lot.com/image/32/2025/01/3f2bf1763d465f42fedbeabb6224015a.jpg|https://aurayou2.lot-lot.com/image/32/2025/01/6c08e4ff52daf66ce082657fee9bb853.jpg|https://aurayou2.lot-lot.com/image/32/2025/01/a0c1ff74b43e4514d834b8626ef6249d.jpg|https://aurayou2.lot-lot.com/image/32/2025/01/9ebd7f47ea6d76691fc48a7fbaf6f288.jpg,▫️▪️粉水晶贝珠手串 - 材质：粉水晶、贝珠 尺寸：9mm,831|832|833|834|848|849|850|852|857|860|863|883
150,5820,粉水晶方糖手串BAC805,139.00,https://aurayou2.lot-lot.com/image/32/2025/01/b51f094c5a389d9fad43d19302c5070d.jpg,https://aurayou2.lot-lot.com/image/32/2025/01/b51f094c5a389d9fad43d19302c5070d.jpg|https://aurayou2.lot-lot.com/image/32/2025/01/b3d2d00a01739d9812e5beb20b61a54b.jpg|https://aurayou2.lot-lot.com/image/32/2025/01/d0d6a928547c229cdaba9042baaa201c.jpg|https://aurayou2.lot-lot.com/image/32/2025/01/8c1605d0f7a2abf6e2597016ca45d783.jpg|https://aurayou2.lot-lot.com/image/32/2025/01/4a7e61eeb4bd9768465606f8b2396345.jpg|https://aurayou2.lot-lot.com/image/32/2025/01/0f4636cff12949d87b88c5c71e87c849.jpg,▫️▪️粉水晶方糖手串 - 材质：粉水晶 尺寸：12mm,831|832|833|834|848|849|852|857|860|862|883
151,5819,粉水晶多圈手串BAC804,112.00,https://aurayou2.lot-lot.com/image/32/2025/01/cd59fd43059cad2237912d9020d2a1bd.jpg,https://aurayou2.lot-lot.com/image/32/2025/01/cd59fd43059cad2237912d9020d2a1bd.jpg|https://aurayou2.lot-lot.com/image/32/2025/01/9560b80a239115285cc46ee2a54f4493.jpg|https://aurayou2.lot-lot.com/image/32/2025/01/6f7085a2a49c59e04e4e781f453878e3.jpg|https://aurayou2.lot-lot.com/image/32/2025/01/e5fc361fd1ed51573ac1d1fa36c58c29.jpg|https://aurayou2.lot-lot.com/image/32/2025/01/192b997b2e28ee3bb6aac83e3b1ba927.jpg|https://aurayou2.lot-lot.com/image/32/2025/01/a77aab848d3cafc891b18431c52b992d.jpg,▫️▪️粉水晶多圈手串 - 材质：粉水晶 尺寸：6mm/12mm,831|832|833|834|848|849|852|857|860|863|865|883
152,5818,粉水晶双圈手串BAC803,175.00,https://aurayou2.lot-lot.com/image/32/2025/01/d0dcdc0d87727deafb9e5371c4fb885f.jpg,https://aurayou2.lot-lot.com/image/32/2025/01/d0dcdc0d87727deafb9e5371c4fb885f.jpg|https://aurayou2.lot-lot.com/image/32/2025/01/6f2616a184dbd59c6710345e534fda3a.jpg|https://aurayou2.lot-lot.com/image/32/2025/01/20e3fe160c95aa1730ca9b4a37af818c.jpg|https://aurayou2.lot-lot.com/image/32/2025/01/697914c70151a8e87db05fcda3f079d7.jpg|https://aurayou2.lot-lot.com/image/32/2025/01/7810d4d532454a99bba6f42f77eb4c4a.jpg|https://aurayou2.lot-lot.com/image/32/2025/01/c2b2a16108fc67e5e0cca48774c33317.jpg,▫️▪️粉水晶双圈手串 - 材质：粉水晶、紫水晶 尺寸：7mm,831|832|833|834|846|847|848|849|850|852|855|857|860|863|865|883
153,5817,粉水晶贝珠手串BAC802,128.00,https://aurayou2.lot-lot.com/image/32/2025/01/030b6a93997343aaab821d62de483878.jpg,https://aurayou2.lot-lot.com/image/32/2025/01/030b6a93997343aaab821d62de483878.jpg|https://aurayou2.lot-lot.com/image/32/2025/01/c40912d2e9f450f2c959aca80f9c3dca.jpg|https://aurayou2.lot-lot.com/image/32/2025/01/47eefa6a8c3fab33c4dc1b091a8d2fa5.jpg|https://aurayou2.lot-lot.com/image/32/2025/01/2f62609031e2b4114f758a7be22597fe.jpg|https://aurayou2.lot-lot.com/image/32/2025/01/246869ab5a8d7a3bc6ea01f98ac86041.jpg|https://aurayou2.lot-lot.com/image/32/2025/01/6a10e721738a7a60a162f58fccb1f502.jpg,▫️▪️粉水晶贝珠手串 - 材质：粉水晶、贝珠 尺寸：9mm,831|832|833|834|848|849|850|852|857|860|863|883
154,5758,粉水晶双尖手串BAC639,170.00,https://aurayou2.lot-lot.com/image/32/2025/01/d7f3cf7f276f267d1b0a9ba2aa1e23bf.jpg,https://aurayou2.lot-lot.com/image/32/2025/01/d7f3cf7f276f267d1b0a9ba2aa1e23bf.jpg|https://aurayou2.lot-lot.com/image/32/2025/01/78a0171bd47e17415c76e1c524358ad0.jpg|https://aurayou2.lot-lot.com/image/32/2025/01/6364b234a03ab67b29dfa8478bf37a23.jpg|https://aurayou2.lot-lot.com/image/32/2025/01/9e83fb55ffac8683b327866536c17615.jpg|https://aurayou2.lot-lot.com/image/32/2025/01/a22855b9e020898b62a415b57d20b42c.jpg|https://aurayou2.lot-lot.com/image/32/2025/01/aa462b45930f63f5a1cc1a4f341704d1.jpg,▫️▪️粉水晶双尖手串 - 材质：粉水晶、白水晶 尺寸：12mm,831|832|833|834|847|848|849|852|853|857|860|862|883
155,5680,白幽灵海蓝宝粉水晶手串BAC656,220.00,https://aurayou2.lot-lot.com/image/32/2025/01/716dbe507e018118616858726ccd6f0b.jpg,https://aurayou2.lot-lot.com/image/32/2025/01/716dbe507e018118616858726ccd6f0b.jpg|https://aurayou2.lot-lot.com/image/32/2025/01/69e6af0a0571f964e24e283b0bae7b32.jpg|https://aurayou2.lot-lot.com/image/32/2025/01/a111d39eeccefac8fca427db470b5646.jpg|https://aurayou2.lot-lot.com/image/32/2025/01/a72f0ff36f92cd31c67229b7a6d854b6.jpg|https://aurayou2.lot-lot.com/image/32/2025/01/84fbb77591425016c674bd530f2f2b91.jpg|https://aurayou2.lot-lot.com/image/32/2025/01/5a80979df92395224aee768c3e4bc87c.jpg,▫️▪️白幽灵海蓝宝粉水晶手串 - 材质：白幽灵、海蓝宝、粉水晶 尺寸：11-12mm,831|832|833|834|845|846|847|849|852|853|857|858|860|862|866|883
156,5671,海蓝宝粉水晶手串BAC647,300.00,https://aurayou2.lot-lot.com/image/32/2025/01/a954ed4169fb4167bc9d5973c68eebff.jpg,https://aurayou2.lot-lot.com/image/32/2025/01/a954ed4169fb4167bc9d5973c68eebff.jpg|https://aurayou2.lot-lot.com/image/32/2025/01/14577ab401126377602adaf49a43f8fa.jpg|https://aurayou2.lot-lot.com/image/32/2025/01/eee335c61645e82f517bf3c30488e487.jpg|https://aurayou2.lot-lot.com/image/32/2025/01/d7816a4f57c67c713fb7e339ed624104.jpg|https://aurayou2.lot-lot.com/image/32/2025/01/618e7ececd61582c304125dfa3d53ed8.jpg|https://aurayou2.lot-lot.com/image/32/2025/01/47ef007fb92695135721c56733c689bb.jpg,▫️▪️海蓝宝粉水晶手串 - 材质：海蓝宝、粉水晶 尺寸：6mm/13mm,831|832|833|834|847|848|849|852|853|857|862|883|895
157,5670,奶白晶魔盒双尖粉水晶手串BAC646,182.00,https://aurayou2.lot-lot.com/image/32/2025/01/86a1345667a40fd33395f046e0bd0122.jpg,https://aurayou2.lot-lot.com/image/32/2025/01/86a1345667a40fd33395f046e0bd0122.jpg|https://aurayou2.lot-lot.com/image/32/2025/01/afe220109ace3410fc0a00afe277b4b7.jpg|https://aurayou2.lot-lot.com/image/32/2025/01/00da01b3ba5656d046f99ae5eb8923be.jpg|https://aurayou2.lot-lot.com/image/32/2025/01/bbd96425f4f58a8a5898fc55adc561f7.jpg|https://aurayou2.lot-lot.com/image/32/2025/01/ccef3b12f1a540768f7cd653307d5d80.jpg|https://aurayou2.lot-lot.com/image/32/2025/01/15adabdd8aeee1cefed0ac337a3ba4cf.jpg,▫️▪️奶白晶魔盒双尖粉水晶手串 - 材质：粉水晶、白水晶、奶白晶 尺寸：12mm,831|832|833|834|847|848|849|852|853|855|857|862|867|883
158,5668,幽灵魔盒白水晶双尖粉晶手串BAC645,198.00,https://aurayou2.lot-lot.com/image/32/2025/01/151201bbdb9dedd3156040abd6b37dfb.jpg,https://aurayou2.lot-lot.com/image/32/2025/01/151201bbdb9dedd3156040abd6b37dfb.jpg|https://aurayou2.lot-lot.com/image/32/2025/01/f8be2b1d401b8f825661ddae763014fb.jpg|https://aurayou2.lot-lot.com/image/32/2025/01/76b3cd4cdb8de0338b485327809488ff.jpg|https://aurayou2.lot-lot.com/image/32/2025/01/74d0521087e3151b192e039e98b3c62b.jpg|https://aurayou2.lot-lot.com/image/32/2025/01/0ee773a1cb4f7b334666d6643860f57c.jpg|https://aurayou2.lot-lot.com/image/32/2025/01/3c92eaac3f43f76554758718efd2a2b1.jpg,▫️▪️幽灵魔盒白水晶双尖粉晶手串 - 材质：粉水晶、四季幽灵、白水晶 尺寸：12mm,831|832|833|834|847|848|849|852|853|855|857|858|862|867|883
159,5664,粉水晶双圈蝴蝶手串BAC643,182.00,https://aurayou2.lot-lot.com/image/32/2025/01/e65c27dead5bebac8af02fcd6729f5c5.jpg,https://aurayou2.lot-lot.com/image/32/2025/01/e65c27dead5bebac8af02fcd6729f5c5.jpg|https://aurayou2.lot-lot.com/image/32/2025/01/44f5c898d2e5495918bd86a2d88e85e1.jpg|https://aurayou2.lot-lot.com/image/32/2025/01/3d69a0509876d58734c248df55c26e3d.jpg|https://aurayou2.lot-lot.com/image/32/2025/01/7286f038eba177d08de2a91583e107b1.jpg|https://aurayou2.lot-lot.com/image/32/2025/01/6cadece1ce7f101187629048ab3e1583.jpg|https://aurayou2.lot-lot.com/image/32/2025/01/2ed57ebeb4ff2b61a684f9eba3e194e0.jpg,▫️▪️粉水晶双圈蝴蝶手串 - 材质：粉水晶、紫水晶 尺寸：8mm（顶珠14mm）,831|832|833|834|846|847|848|849|850|852|855|857|858|863|865|883
160,5663,粉水晶白幽灵奶白晶魔盒手串BAC642,230.00,https://aurayou2.lot-lot.com/image/32/2025/01/e63480ead9b64ce07a25477a0f998221.jpg,https://aurayou2.lot-lot.com/image/32/2025/01/e63480ead9b64ce07a25477a0f998221.jpg|https://aurayou2.lot-lot.com/image/32/2025/01/f40790d0fc76d44cef2d8d5585a153bc.jpg|https://aurayou2.lot-lot.com/image/32/2025/01/3ff680487e976ed9e6acc43afb9ddb66.jpg|https://aurayou2.lot-lot.com/image/32/2025/01/66bf725da2ac360366709b7d8f5fe80e.jpg|https://aurayou2.lot-lot.com/image/32/2025/01/21adbc27e6f19e0b8c3d33a4c78a98c3.jpg|https://aurayou2.lot-lot.com/image/32/2025/01/2b2c7fc07fb0c3d8fb6507c277434df8.jpg,▫️▪️粉水晶白幽灵奶白晶魔盒手串 - 材质：粉水晶、白水晶、奶白晶 尺寸：13mm,831|832|833|834|847|848|849|852|853|855|857|862|867|883|918
161,5662,粉水晶手串BAC641,220.00,https://aurayou2.lot-lot.com/image/32/2025/01/ebbf424e4f699dcfe2e6365591fc8d6e.jpg,https://aurayou2.lot-lot.com/image/32/2025/01/ebbf424e4f699dcfe2e6365591fc8d6e.jpg|https://aurayou2.lot-lot.com/image/32/2025/01/7aefce37f7c4ae5aef1abe39c404d69c.jpg|https://aurayou2.lot-lot.com/image/32/2025/01/9f6ad094d94e7e83763e0709f3249a73.jpg|https://aurayou2.lot-lot.com/image/32/2025/01/4d84919a508939de2161d9ebc2014dce.jpg|https://aurayou2.lot-lot.com/image/32/2025/01/ff7e952beef2547eab73b55e53159da0.jpg|https://aurayou2.lot-lot.com/image/32/2025/01/50c3df8c4c60086d9d423774aa7f7bb0.jpg,▫️▪️粉水晶手串 &nbsp; 材质：粉水晶、白水晶 尺寸：14-16mm,831|832|833|834|847|848|849|852|853|855|857|861|883
162,5661,粉水晶玫瑰手串BAC640,219.00,https://aurayou2.lot-lot.com/image/32/2025/01/43a0d92342ea6807b151455bd926e51f.jpg,https://aurayou2.lot-lot.com/image/32/2025/01/43a0d92342ea6807b151455bd926e51f.jpg|https://aurayou2.lot-lot.com/image/32/2025/01/784f916086bea55e6e0f1524b788c39a.jpg|https://aurayou2.lot-lot.com/image/32/2025/01/7513a9149d16f83b9c07a28b878150c2.jpg|https://aurayou2.lot-lot.com/image/32/2025/01/545602b9cd768ee0c9b5eebcf1a331e9.jpg|https://aurayou2.lot-lot.com/image/32/2025/01/9ae7deb62bfa36ff0b32be167cf0dd03.jpg|https://aurayou2.lot-lot.com/image/32/2025/01/b5125d96cd1f7ed1aa31d313483cf5b1.jpg,▫️▪️粉水晶玫瑰手串 - 材质：粉水晶 尺寸：14mm,831|832|833|834|848|849|852|855|857|861|866|883
163,5659,奶白晶魔盒粉水晶双圈手串BAC637,190.00,https://aurayou2.lot-lot.com/image/32/2025/04/284d330c5e003d6a86815b8a79605dbe.jpg,https://aurayou2.lot-lot.com/image/32/2025/04/284d330c5e003d6a86815b8a79605dbe.jpg|https://aurayou2.lot-lot.com/image/32/2025/04/e255745da792bc00cda6ca160af17191.jpg|https://aurayou2.lot-lot.com/image/32/2025/04/e306ccc0697e74ea8e8b2953b767573a.jpg|https://aurayou2.lot-lot.com/image/32/2025/04/f338f0d3815594b97bd95d134ee53328.jpg|https://aurayou2.lot-lot.com/image/32/2025/04/98bb37d1b67f0f3ac878e6ded1638970.jpg|https://aurayou2.lot-lot.com/image/32/2025/04/18bb3df21fa6c01c48149d42bf8f5e35.jpg,▫️▪️奶白晶魔盒粉水晶双圈手串 - 材质：粉水晶、奶白晶 尺寸：6mm/9mm,831|832|833|834|847|848|849|852|853|857|862|865|867|883|915
164,5655,粉水晶双圈狐狐手串BAC633,295.00,https://aurayou2.lot-lot.com/image/32/2025/01/9b6474f50fed3dc75c4ba3cacb7fd202.jpg,https://aurayou2.lot-lot.com/image/32/2025/01/9b6474f50fed3dc75c4ba3cacb7fd202.jpg|https://aurayou2.lot-lot.com/image/32/2025/01/3f32cf3f47715ca78deaaf81b5757d15.jpg|https://aurayou2.lot-lot.com/image/32/2025/01/f60e88f7de39b0f7b79e010503c54067.jpg|https://aurayou2.lot-lot.com/image/32/2025/01/325ca6f8415ff138d946713c58c4cfed.jpg|https://aurayou2.lot-lot.com/image/32/2025/01/b751975627f9a8dde4a479da201b9208.jpg|https://aurayou2.lot-lot.com/image/32/2025/01/02206c56f46502f445e84fc9ba12837b.jpg,▫️▪️粉水晶双圈狐狐手串 - 材质：粉水晶、樱花玛瑙 尺寸：8mm/13mm,831|832|833|834|848|849|852|855|857|862|865|866|883
165,5654,粉水晶手串BAC632,225.00,https://aurayou2.lot-lot.com/image/32/2024/12/89edc0a3a306a0a8f1202f9d92daf7bc.jpg,https://aurayou2.lot-lot.com/image/32/2024/12/89edc0a3a306a0a8f1202f9d92daf7bc.jpg|https://aurayou2.lot-lot.com/image/32/2024/12/5e52a916e2a2182c6ef1c8a2a65cb140.jpg|https://aurayou2.lot-lot.com/image/32/2024/12/4ab50bdb43d975bc80596316ac00099f.jpg|https://aurayou2.lot-lot.com/image/32/2024/12/27f4758bf62d369d17ce24ceb552fe1a.jpg|https://aurayou2.lot-lot.com/image/32/2024/12/5f1d69b992811fbb7e0f2ac8c96e9c7f.jpg|https://aurayou2.lot-lot.com/image/32/2024/12/f2b77ce3ff5a38eb215e6a9b9dedee71.jpg,粉水晶手串 - 材质：粉水晶 尺寸：14mm（顶珠16mm）,831|832|833|834|848|849|852|855|857|861|883
166,5653,粉水晶手串BAC631,129.00,https://aurayou2.lot-lot.com/image/32/2024/12/d98e2f4b269772615edff3fadc21013c.jpg,https://aurayou2.lot-lot.com/image/32/2024/12/d98e2f4b269772615edff3fadc21013c.jpg|https://aurayou2.lot-lot.com/image/32/2024/12/84abbb199d0d631c3de6f40fa9479233.jpg|https://aurayou2.lot-lot.com/image/32/2024/12/459d46391f5103511f868a5bc7549513.jpg|https://aurayou2.lot-lot.com/image/32/2024/12/11dc38fb8757ee2875352405ba85deeb.jpg|https://aurayou2.lot-lot.com/image/32/2024/12/d264efdd935259f455724b6509f3eb1e.jpg|https://aurayou2.lot-lot.com/image/32/2024/12/e4fd84baa8efccda62bd6d6bb9f9c713.jpg,粉水晶手串 - 材质：粉水晶 尺寸：16mm &nbsp;,831|832|833|834|848|849|852|855|857|860|861|883
167,5867,粉雪花幽灵白水梅尔卡巴手串BAC852,158.00,https://aurayou2.lot-lot.com/image/32/2025/04/f8a1c733a31df5112fa7d39990bfa5b1.jpg,https://aurayou2.lot-lot.com/image/32/2025/04/f8a1c733a31df5112fa7d39990bfa5b1.jpg|https://aurayou2.lot-lot.com/image/32/2025/04/616655c7055860d84e1cb3231da1c542.jpg|https://aurayou2.lot-lot.com/image/32/2025/04/bb2342e14bfe7ba6985bc752a4e597bc.jpg|https://aurayou2.lot-lot.com/image/32/2025/04/c6dad68f4bb83f0d3af39296bb6dc883.jpg|https://aurayou2.lot-lot.com/image/32/2025/04/db2c9d14196448f442671780b86caffc.jpg|https://aurayou2.lot-lot.com/image/32/2025/04/e3eeecaea7f2ade4026e89a765cb9ecb.jpg,▫️▪️粉雪花幽灵白水梅尔卡巴手串 - 材质：粉雪花幽灵、白水晶 尺寸：10mm,831|832|833|834|847|848|849|851|852|853|855|857|860|862|866|884
168,9731,草莓晶福袋手串BAC1164,212.00,https://aurayou2.lot-lot.com/image/32/2025/09/0638c5791dca24a6850bfe38e954098d.jpg,https://aurayou2.lot-lot.com/image/32/2025/09/0638c5791dca24a6850bfe38e954098d.jpg|https://aurayou2.lot-lot.com/image/32/2025/09/1f8988905b6a4a40fba958268b3da613.jpg|https://aurayou2.lot-lot.com/image/32/2025/09/9dfec46816f647a8ecf0826aa6b43d4d.jpg|https://aurayou2.lot-lot.com/image/32/2025/09/7a2678fe37051493d416bf1e5168328f.jpg|https://aurayou2.lot-lot.com/image/32/2025/09/6eef3400b5dd8f82243e139f9f71e970.jpg|https://aurayou2.lot-lot.com/image/32/2025/09/8a8c49e4c6d7092f86478cd39c0b4b6b.jpg,▫️▪️草莓晶手串 - 尺寸：草莓晶约11mm、蜜蜡福袋、绿松石配件,831|832|833|834|845|848|849|850|851|852|854|855|862|885|1054|2180
169,9683,狮子座｜气场觉醒手串BAC1299,306.00,https://aurayou2.lot-lot.com/image/32/2025/08/4dd5b80a9ae939aa6352b64907e512b0.jpg,https://aurayou2.lot-lot.com/image/32/2025/08/4dd5b80a9ae939aa6352b64907e512b0.jpg|https://aurayou2.lot-lot.com/image/32/2025/08/1b85c1d51b237c7766be72060099b5c8.jpg|https://aurayou2.lot-lot.com/image/32/2025/08/70111d6ecd43dfdcc0aa7efce322c99c.jpg|https://aurayou2.lot-lot.com/image/32/2025/08/d0f44b96c78b2b0dd8902987cd3dd65c.jpg|https://aurayou2.lot-lot.com/image/32/2025/08/d38ae137c714b192559426d55b036096.jpg|https://aurayou2.lot-lot.com/image/32/2025/08/cae448e0be98485659629bcfbd451c9f.jpg,▫️▪️**【狮子座｜气场觉醒手串】** &nbsp; &nbsp;草莓晶 &nbsp;粉水晶 &nbsp;黄塔晶 &nbsp;金虎眼 &nbsp;紫水晶 尺寸：小珠6-8m、大珠9-10m,831|832|833|834|845|846|847|848|849|850|851|852|854|858|885|1054|2058|2173
170,9679,白羊座｜热情开运手串BAC1295,306.00,https://aurayou2.lot-lot.com/image/32/2025/08/9c55d5d3c5e2c8f912d907e87fa140ad.jpg,https://aurayou2.lot-lot.com/image/32/2025/08/9c55d5d3c5e2c8f912d907e87fa140ad.jpg|https://aurayou2.lot-lot.com/image/32/2025/08/aad49d3f5a11c8167af8d1885e7e395b.jpg|https://aurayou2.lot-lot.com/image/32/2025/08/f737d8e7ff68c4751286ceaeebe532be.jpg|https://aurayou2.lot-lot.com/image/32/2025/08/3aa2d62efd09fd66bcfef712e537e24e.jpg|https://aurayou2.lot-lot.com/image/32/2025/08/fe65da2651203fb84bbf207a6e557db9.jpg|https://aurayou2.lot-lot.com/image/32/2025/08/da041e02e31c5dc4ebfd2877026488bf.jpg,▫️▪️【白羊座｜热情开运手串】 - 粉水晶&nbsp; 紫水晶&nbsp; 草莓晶&nbsp; 黄塔晶&nbsp; 海蓝宝&nbsp; 蓝月光&nbsp; 南红玛瑙&nbsp; - 尺寸：小珠6-8m、大珠9-10m,831|832|833|834|845|846|847|848|849|850|852|854|858|885|1054|2058|2173
171,8626,蔷薇石草莓晶手串BAC581x,100.00,https://aurayou2.lot-lot.com/image/32/2025/07/b7657ec4441ba324f38a617b43457358.jpg,https://aurayou2.lot-lot.com/image/32/2025/07/b7657ec4441ba324f38a617b43457358.jpg|https://aurayou2.lot-lot.com/image/32/2025/07/b28b7e840532bd71c15d35462018bd34.jpg|https://aurayou2.lot-lot.com/image/32/2025/07/c1135c40281b2b2a2feb50faf3ff9606.jpg|https://aurayou2.lot-lot.com/image/32/2025/07/5f279ec08ece2ac24b992c2be9687f41.jpg|https://aurayou2.lot-lot.com/image/32/2025/07/04768389cb06060c89db3e82251946df.jpg|https://aurayou2.lot-lot.com/image/32/2025/07/ecb6ed2d09dc9370f6191029c9b56f92.jpg,▫️▪️蔷薇石草莓晶手串 - 材质&尺寸：蔷薇石约6.5mm，草莓晶约6.5mm，草莓晶约8.5-9mm,831|832|833|834|848|849|852|853|858|863|865|885|888|1054|1690
172,8625,草莓晶白水晶狐狐手串BAC250x,228.00,https://aurayou2.lot-lot.com/image/32/2025/07/b8fffaa71bf4b2f16d75b08281e05895.jpg,https://aurayou2.lot-lot.com/image/32/2025/07/b8fffaa71bf4b2f16d75b08281e05895.jpg|https://aurayou2.lot-lot.com/image/32/2025/07/e2c14864eb1dfe8ebfacad2e79ebc8e5.jpg|https://aurayou2.lot-lot.com/image/32/2025/07/94fd428ea5568d21dcc4180281f75008.jpg|https://aurayou2.lot-lot.com/image/32/2025/07/e608a9c56abd8f4c9b88be4d6fe002ff.jpg|https://aurayou2.lot-lot.com/image/32/2025/07/e9674b390e96ebb8bd75f9704406fe1c.jpg|https://aurayou2.lot-lot.com/image/32/2025/07/733cb62966e1e41a535c73935fbf659c.jpg,▫️▪️草莓晶白水晶狐狐手串 - 材质&尺寸：草莓晶12mm、白水晶狐狐30*24mm，白水晶刻面10mm,831|832|833|834|847|848|849|851|852|853|857|862|866|885|1054|1690
173,7983,紫水晶草莓晶白水晶手串BAC421x,158.00,https://aurayou2.lot-lot.com/image/32/2025/05/5f71ea61f9efbbca48bc223b1f1f780a.jpg,https://aurayou2.lot-lot.com/image/32/2025/05/5f71ea61f9efbbca48bc223b1f1f780a.jpg|https://aurayou2.lot-lot.com/image/32/2025/05/c1c958ee90e67a2dd8836a7467739e03.jpg|https://aurayou2.lot-lot.com/image/32/2025/05/0f522589d6cf937a54660e6d9ffe14ac.jpg|https://aurayou2.lot-lot.com/image/32/2025/05/12d1c899cf1b79c98bca540858667eaa.jpg|https://aurayou2.lot-lot.com/image/32/2025/05/da390c8ebaf11946111368c7590cdd37.jpg|https://aurayou2.lot-lot.com/image/32/2025/05/c6ef7c04666d9f01d6034a63af8c86c5.jpg,▫️▪️紫水晶草莓晶白水晶手串 - 材质&尺寸：草莓晶、紫水晶、白水晶均9mm,831|832|833|834|846|847|848|849|850|851|852|853|858|863|885|901|1054|1227
174,7970,草莓晶白水晶手串BAC382x,120.00,https://aurayou2.lot-lot.com/image/32/2025/05/a2c3f6a71ea282293533ef732dbfef39.jpg,https://aurayou2.lot-lot.com/image/32/2025/05/a2c3f6a71ea282293533ef732dbfef39.jpg|https://aurayou2.lot-lot.com/image/32/2025/05/cb889611bcb0cc3a1c0cec9b16da57c5.jpg|https://aurayou2.lot-lot.com/image/32/2025/05/79602b984299e412ab00860c383387d6.jpg|https://aurayou2.lot-lot.com/image/32/2025/05/fe2d18fccba96b62cdfdec4f23e4a430.jpg|https://aurayou2.lot-lot.com/image/32/2025/05/9b4f06157da9fed4d9f7282c34a508a3.jpg|https://aurayou2.lot-lot.com/image/32/2025/05/ae3b8c09fff103df4b1743abfe1c3443.jpg,▫️▪️草莓晶白水晶手串 - 材质&尺寸：草莓晶约6-6.5mm，草莓晶顶珠10mm，白水晶约5.5-6mm,831|832|833|834|846|848|849|851|852|853|855|863|865|885|1054|1226
175,7913,白水晶草莓晶狐狐手串BAC315x,156.00,https://aurayou2.lot-lot.com/image/32/2025/05/3394edba0b798bedf25c2020b80a99cf.jpg,https://aurayou2.lot-lot.com/image/32/2025/05/3394edba0b798bedf25c2020b80a99cf.jpg|https://aurayou2.lot-lot.com/image/32/2025/05/5f8c75ffa424a4995cb3b045687c3484.jpg|https://aurayou2.lot-lot.com/image/32/2025/05/0a6f913cb258b2a5e64bcc415f361aa4.jpg|https://aurayou2.lot-lot.com/image/32/2025/05/f5bd0248c27b6e349abc3df0e8e617e3.jpg|https://aurayou2.lot-lot.com/image/32/2025/05/59ed9285fa8972f377cdb404039759c6.jpg|https://aurayou2.lot-lot.com/image/32/2025/05/9d66df17f887d9812878e09fcd378358.jpg,▫️▪️白水晶草莓晶狐狐手串 - 材质&尺寸：草莓晶9.5mm，白水晶刻面10mm，草莓晶狐狐21*15mm,831|832|833|834|846|848|849|851|852|853|857|862|866|885|1054|1212
176,6414,草莓晶黑金骨干手串BAC1032,295.00,https://aurayou2.lot-lot.com/image/32/2025/01/267b5cec1e3ba7573a6db8b720c9c620.jpg,https://aurayou2.lot-lot.com/image/32/2025/01/267b5cec1e3ba7573a6db8b720c9c620.jpg|https://aurayou2.lot-lot.com/image/32/2025/01/c3271b0f00c21528922f0d2f959cbfb0.jpg|https://aurayou2.lot-lot.com/image/32/2025/01/4ae3a99d4918d6e1d207e46ea0d096da.jpg|https://aurayou2.lot-lot.com/image/32/2025/01/c7f7ec25ceca5f243873ea0576fd7ca5.jpg|https://aurayou2.lot-lot.com/image/32/2025/01/66cbb1ee5767c2c7cb2b847442de336e.jpg|https://aurayou2.lot-lot.com/image/32/2025/01/e6042f12ea0ed1898f80d0117af4c465.jpg,▫️▪️草莓晶黑金骨干手串 - 材质：草莓晶、黑金骨干 尺寸：9mm/11mm,831|832|833|834|848|849|851|852|857|858|863|865|885
177,5861,草莓晶手串BAC846,450.00,https://aurayou2.lot-lot.com/image/32/2025/01/6a97eebf7da81abfacc899fecddd67f3.jpg,https://aurayou2.lot-lot.com/image/32/2025/01/6a97eebf7da81abfacc899fecddd67f3.jpg|https://aurayou2.lot-lot.com/image/32/2025/01/bf6788fd285fcce88b320f7b8fe3f2fd.jpg|https://aurayou2.lot-lot.com/image/32/2025/01/3b47acfa1b19822b1a379f8bf0d1f8c8.jpg|https://aurayou2.lot-lot.com/image/32/2025/01/a3575b8a8267913ae13eaa4f6e068913.jpg|https://aurayou2.lot-lot.com/image/32/2025/01/b1804c318b1181352b6176ffec8f4826.jpg|https://aurayou2.lot-lot.com/image/32/2025/01/37986a069619ac9389e014e0bb253eb1.jpg,▫️▪️草莓晶手串 - 材质：草莓晶 尺寸：16mm,831|832|833|834|848|849|852|855|859|861|885
178,5860,草莓晶黑发晶手串BAC845,162.00,https://aurayou2.lot-lot.com/image/32/2025/04/776548ca1a3e28bb444b23c0a0c9f189.jpg,https://aurayou2.lot-lot.com/image/32/2025/04/776548ca1a3e28bb444b23c0a0c9f189.jpg|https://aurayou2.lot-lot.com/image/32/2025/04/a5d634a80aeac41cf0002c514d2f1ddd.jpg|https://aurayou2.lot-lot.com/image/32/2025/04/4fd0d2134115d054e1abbf93b742059f.jpg|https://aurayou2.lot-lot.com/image/32/2025/04/68d62b35b6b46e3d9c61d9eee984595f.jpg|https://aurayou2.lot-lot.com/image/32/2025/04/42816fec844647b9a36aab522140d55e.jpg|https://aurayou2.lot-lot.com/image/32/2025/04/9dfd758a50bf5cf4e6af96a963ea7613.jpg,▫️▪️草莓晶黑发晶手串 - 材质：草莓晶、黑发晶、珍珠、砗磲 尺寸：8mm,831|832|833|834|845|846|848|849|850|851|852|853|857|860|863|885
179,5859,草莓晶紫水晶多圈手串BAC844,249.00,https://aurayou2.lot-lot.com/image/32/2025/01/bc4c2fc42c3a9118b0b7c299678f9034.jpg,https://aurayou2.lot-lot.com/image/32/2025/01/bc4c2fc42c3a9118b0b7c299678f9034.jpg|https://aurayou2.lot-lot.com/image/32/2025/01/83ae09c763ebe56cf276ca664951890b.jpg|https://aurayou2.lot-lot.com/image/32/2025/01/7deef290e11d2d2172475f8740b63935.jpg|https://aurayou2.lot-lot.com/image/32/2025/01/f5b10afb6bbccaced4c18fe6228df670.jpg|https://aurayou2.lot-lot.com/image/32/2025/01/d7c3a33b76c39ab6e135cfd8e0f67c44.jpg|https://aurayou2.lot-lot.com/image/32/2025/01/c2171a1cd5620bb6f7eaffc996235896.jpg,▫️▪️草莓晶紫水晶多圈手串 - 材质：草莓晶、紫水晶、紫阿塞 尺寸：8mm/14mm,831|832|833|834|846|847|848|849|850|852|855|858|863|865|885|901
180,5858,草莓晶紫水晶黄胶花太阳石手串BAC843,125.00,https://aurayou2.lot-lot.com/image/32/2025/01/1c1acc7d5141bfb653470c8c382636f1.jpg,https://aurayou2.lot-lot.com/image/32/2025/01/1c1acc7d5141bfb653470c8c382636f1.jpg|https://aurayou2.lot-lot.com/image/32/2025/01/4a07f5e0002d0de1dacecd907811439a.jpg|https://aurayou2.lot-lot.com/image/32/2025/01/faafe647d2939c3d718926f5fc65578f.jpg|https://aurayou2.lot-lot.com/image/32/2025/01/38e7b2f3fe7ec179223334ac33fd3c06.jpg|https://aurayou2.lot-lot.com/image/32/2025/01/7f26fe662a3c1b59ae06892b41f914d8.jpg|https://aurayou2.lot-lot.com/image/32/2025/01/6c82a971ce8185eb9e0286283613f58f.jpg,▫️▪️草莓晶紫水晶黄胶花太阳石手串 - 材质：草莓晶、紫水晶、黄胶花、太阳石 尺寸：8-9mm,831|832|833|834|845|846|848|849|850|852|854|857|860|863|885|901
181,5857,草莓晶白幽灵白水晶狐狐手串BAC842,252.00,https://aurayou2.lot-lot.com/image/32/2025/01/9d07eb839ca778ac2dc89301b505adb8.jpg,https://aurayou2.lot-lot.com/image/32/2025/01/9d07eb839ca778ac2dc89301b505adb8.jpg|https://aurayou2.lot-lot.com/image/32/2025/01/d04e720be9f305508335e70101af6368.jpg|https://aurayou2.lot-lot.com/image/32/2025/01/4096fd04f44224c22bace87ec81f48a4.jpg|https://aurayou2.lot-lot.com/image/32/2025/01/f57e84a7a306f7bce10b83592649eb58.jpg|https://aurayou2.lot-lot.com/image/32/2025/01/88cf75ee9a9f962bca4cc8e411416c5b.jpg|https://aurayou2.lot-lot.com/image/32/2025/01/9183d0f0e167e11536028df4473a4551.jpg,▫️▪️草莓晶白幽灵白水晶狐狐手串 - 材质：草莓晶、白幽灵、白水晶 尺寸：14-15mm,831|832|833|834|845|846|847|848|849|851|852|853|854|857|861|866|885|915
182,9687,射手座｜自由开运手串BAC1303,306.00,https://aurayou2.lot-lot.com/image/32/2025/08/c84d1ac88b7aa0d498d7a387840f27cc.jpg,https://aurayou2.lot-lot.com/image/32/2025/08/c84d1ac88b7aa0d498d7a387840f27cc.jpg|https://aurayou2.lot-lot.com/image/32/2025/08/9ec4ee035533521edc6bf524e7cd9e87.jpg|https://aurayou2.lot-lot.com/image/32/2025/08/5026867cc6cea5a6d4d7ee8a6cd62726.jpg|https://aurayou2.lot-lot.com/image/32/2025/08/d573701131892dad0af6f6f740566772.jpg|https://aurayou2.lot-lot.com/image/32/2025/08/1e39c1b288e3eeed545f8fa49428814b.jpg|https://aurayou2.lot-lot.com/image/32/2025/08/920230579ee774e660eb637071f1bab9.jpg,▫️▪️**【射手座｜自由开运手串】** &nbsp; 樱花玛瑙 蔷薇石 草莓晶 黄塔晶 粉水晶 蓝玛瑙 金虎眼 黄水晶随型 海蓝宝 尺寸：小珠6-8m、大珠9-10m,831|832|833|834|845|846|847|848|849|850|851|852|853|854|858|887|1054|2058|2173
183,5855,樱花玛瑙粉晶牌手串BAC840,140.00,https://aurayou2.lot-lot.com/image/32/2025/01/c99db6083d86813d27f10aae53fb0344.jpg,https://aurayou2.lot-lot.com/image/32/2025/01/c99db6083d86813d27f10aae53fb0344.jpg|https://aurayou2.lot-lot.com/image/32/2025/01/f71a76ee47e91c2be1b9f30be9c291b8.jpg|https://aurayou2.lot-lot.com/image/32/2025/01/d1edec02226571c92ecde38a7cebe478.jpg|https://aurayou2.lot-lot.com/image/32/2025/01/8caf6e0537986a89a660fdeeba13682d.jpg|https://aurayou2.lot-lot.com/image/32/2025/01/cda2b7a53d2908be8a1928b2093dfa8c.jpg|https://aurayou2.lot-lot.com/image/32/2025/01/4bb4d9845ee7d48835ac4bf73427421b.jpg,▫️▪️樱花玛瑙粉晶牌手串 - 材质：樱花玛瑙、粉水晶 尺寸：8mm,831|832|833|834|848|849|850|852|857|860|863|887
184,9732,蔷薇石白水晶手串BAC1328,116.00,https://aurayou2.lot-lot.com/image/32/2025/09/a616c5a80c40bc5dde31c15aa243d7de.jpg,https://aurayou2.lot-lot.com/image/32/2025/09/a616c5a80c40bc5dde31c15aa243d7de.jpg|https://aurayou2.lot-lot.com/image/32/2025/09/59d9592950e83f77e6ed981ccb875f98.jpg|https://aurayou2.lot-lot.com/image/32/2025/09/eef74f4eeb91b69e87b7b37295c366dd.jpg|https://aurayou2.lot-lot.com/image/32/2025/09/0b2e1b8769feff61d4623fa432feabad.jpg|https://aurayou2.lot-lot.com/image/32/2025/09/f47e0e6deaa094165ae487f4ed442360.jpg|https://aurayou2.lot-lot.com/image/32/2025/09/a1aa073722ec5ec7b2681d3afdacaaea.jpg,▫️▪️蔷薇石白水晶手串 - 尺寸：蔷薇石10.5mm、白水晶9.5mm,831|832|833|834|847|848|849|851|852|853|857|862|888|1054|2180
185,5866,蔷薇石白水晶手串BAC851,118.00,https://aurayou2.lot-lot.com/image/32/2025/01/2df4435660aaeb0c9ded128f207cb41b.jpg,https://aurayou2.lot-lot.com/image/32/2025/01/2df4435660aaeb0c9ded128f207cb41b.jpg|https://aurayou2.lot-lot.com/image/32/2025/01/4a392b2f613cf4f5706c4abfb4aaa216.jpg|https://aurayou2.lot-lot.com/image/32/2025/01/a8e7ef4ef5a20273d1d9e5a46b9f6cbd.jpg|https://aurayou2.lot-lot.com/image/32/2025/01/5ee0baba37bf6ae4f2c96be467b6eb31.jpg|https://aurayou2.lot-lot.com/image/32/2025/01/bc81f4ef59f7bbab16b01b4c332efbf6.jpg|https://aurayou2.lot-lot.com/image/32/2025/01/4ac5076e816c964e93e0279390a82605.jpg,▫️▪️蔷薇石白水晶手串 - 材质：蔷薇石、白水晶 尺寸：8mm,831|832|833|834|847|848|849|851|852|853|857|860|863|888|915
186,5865,蔷薇石绿松石黄水晶花朵手串BAC850,170.00,https://aurayou2.lot-lot.com/image/32/2025/01/ce8979664171db342eac70cb3f28a108.jpg,https://aurayou2.lot-lot.com/image/32/2025/01/ce8979664171db342eac70cb3f28a108.jpg|https://aurayou2.lot-lot.com/image/32/2025/01/3b41f8d39651c4e69066266cb87b2d11.jpg|https://aurayou2.lot-lot.com/image/32/2025/01/77ed53554f3c0f7a10e39c6f3365c826.jpg|https://aurayou2.lot-lot.com/image/32/2025/01/1d2de7176bc218b409ef30bc6471b6b9.jpg|https://aurayou2.lot-lot.com/image/32/2025/01/9c9adbe8f2d5dbe8d472c91e17d457f1.jpg|https://aurayou2.lot-lot.com/image/32/2025/01/042dded381d8d9542eee9c87cb663e2c.jpg,▫️▪️蔷薇石绿松石黄水晶花朵手串 - 材质：蔷薇石、绿松石、黄水晶 尺寸：7mm,831|832|833|834|845|846|848|849|850|852|853|854|857|860|863|866|888
187,5864,蔷薇石黄胶花白月光手串BAC849,230.00,https://aurayou2.lot-lot.com/image/32/2025/01/8b55995fcb14fb3b68301015358eb4f4.jpg,https://aurayou2.lot-lot.com/image/32/2025/01/8b55995fcb14fb3b68301015358eb4f4.jpg|https://aurayou2.lot-lot.com/image/32/2025/01/db8025c8f4c2434a77113f7b14a701ae.jpg|https://aurayou2.lot-lot.com/image/32/2025/01/67adf4f4140bd31c5055583d52a1ebbe.jpg|https://aurayou2.lot-lot.com/image/32/2025/01/63d221344258c615cb3f087fa01cf411.jpg|https://aurayou2.lot-lot.com/image/32/2025/01/7c7591bfd8115aee496fc771a631f750.jpg|https://aurayou2.lot-lot.com/image/32/2025/01/321c4354895edd0e93a31da87b71d27e.jpg,▫️▪️蔷薇石黄胶花白月光手串 - 材质：蔷薇石、黄胶花、白月光 尺寸：11mm/13mm/10mm,831|832|833|834|845|846|848|849|850|852|853|854|855|857|858|862|888
188,5862,蔷薇石金曜石手串BAC847,106.00,https://aurayou2.lot-lot.com/image/32/2025/01/d5b9fe1b233cba44e0aa0e3266798544.jpg,https://aurayou2.lot-lot.com/image/32/2025/01/d5b9fe1b233cba44e0aa0e3266798544.jpg|https://aurayou2.lot-lot.com/image/32/2025/01/09d2ffe3d57ede6b954a76c1db4ddac2.jpg|https://aurayou2.lot-lot.com/image/32/2025/01/f39b792d0b49d9d52b4a64aaab82114d.jpg|https://aurayou2.lot-lot.com/image/32/2025/01/9102e8583fea4ef5bb338bed6d59232d.jpg|https://aurayou2.lot-lot.com/image/32/2025/01/9736409aa9ef29f2c35939617eeaaaf8.jpg|https://aurayou2.lot-lot.com/image/32/2025/01/4388e1d6947c1377228013093ec7d354.jpg,▫️▪️蔷薇石金曜石手串 - 材质：蔷薇石、金曜石、白水晶 尺寸：8mm/10mm,831|832|833|834|845|848|849|850|851|852|855|858|859|860|863|888|911
189,9729,招财白水晶狐狐手串BAC1099,192.00,https://aurayou2.lot-lot.com/image/32/2025/09/00dbfd73181bbe37717aeb7c26733017.jpg,https://aurayou2.lot-lot.com/image/32/2025/09/00dbfd73181bbe37717aeb7c26733017.jpg|https://aurayou2.lot-lot.com/image/32/2025/09/0a9036d794d73a48dfcbd99656e63679.jpg|https://aurayou2.lot-lot.com/image/32/2025/09/4918743191c7c095134fb824c6aa526d.jpg|https://aurayou2.lot-lot.com/image/32/2025/09/2fb27092f827fbc5f1fc237f3a8c743f.jpg|https://aurayou2.lot-lot.com/image/32/2025/09/2cd07fb4b1b6520c51ee576b8d60cc01.jpg|https://aurayou2.lot-lot.com/image/32/2025/09/3861aaac394e4863c2022097a01b9428.jpg,▫️▪️招财白水晶狐狐手串 - 尺寸：白水晶10.5mm、黄水晶11mm、黄塔晶10mm、绿幽灵9mm、黄水晶6mm、黄水晶狐狸,831|832|833|834|845|846|847|849|850|851|852|853|854|855|862|866|892|1054|2180
190,8934,绿幽灵红胶花魔盒BAC1179,238.00,https://aurayou2.lot-lot.com/image/32/2025/08/610cffb3d4a502aa033e0ff269df4b54.jpg,https://aurayou2.lot-lot.com/image/32/2025/08/610cffb3d4a502aa033e0ff269df4b54.jpg|https://aurayou2.lot-lot.com/image/32/2025/08/831871dbe22605f8483a5a284ff2bc1a.jpg|https://aurayou2.lot-lot.com/image/32/2025/08/fe31eaeeace3118a501cedb6256cf507.jpg|https://aurayou2.lot-lot.com/image/32/2025/08/7dcdc1e34db105b54a1673ccf71e414f.jpg|https://aurayou2.lot-lot.com/image/32/2025/08/9110fb5acbd570cbb241eb063845d1bd.jpg|https://aurayou2.lot-lot.com/image/32/2025/08/d23bf3fd96b766f3e8901fa5d3d334a2.jpg,▫️▪️绿幽灵红胶花魔盒 &nbsp; - 材质&尺寸：绿幽灵12mm，红胶花12mm，兔毛随型9.9*13.5mm，胶花魔盒16.8*21.5mm,831|832|833|834|845|846|850|851|852|854|858|862|867|892|1054|1802
191,8691,绿幽灵海蓝宝绿发晶手串BAC1182x,275.00,https://aurayou2.lot-lot.com/image/32/2025/07/0236e4c96568615b30ff45551ffc2b10.jpg,https://aurayou2.lot-lot.com/image/32/2025/07/0236e4c96568615b30ff45551ffc2b10.jpg|https://aurayou2.lot-lot.com/image/32/2025/07/b00c251b2e99c373979b1b3a68ba7418.jpg|https://aurayou2.lot-lot.com/image/32/2025/07/5619dc9a4fdd68c29308fe3a212546dd.jpg|https://aurayou2.lot-lot.com/image/32/2025/07/e4013264e824c466e16dd1b32b6e778f.jpg|https://aurayou2.lot-lot.com/image/32/2025/07/a5e1f9ac20118ca445bef5261d713b12.jpg,"▫️▪️绿幽灵海蓝宝绿发晶手串 - 材质&尺寸：绿幽灵12.5mm,海蓝宝12mm,绿发晶9.5mm,粉水晶11mm,白水晶跑环6mm",831|832|833|834|845|846|847|848|849|850|852|853|858|862|867|892|1054|1799
192,8629,绿幽灵手串BAC383x,396.00,https://aurayou2.lot-lot.com/image/32/2025/07/832f42f4527e575d39e1cca9760b9341.jpg,https://aurayou2.lot-lot.com/image/32/2025/07/832f42f4527e575d39e1cca9760b9341.jpg|https://aurayou2.lot-lot.com/image/32/2025/07/1b99545e183067c5b1ff010b59641c06.jpg|https://aurayou2.lot-lot.com/image/32/2025/07/79a9952202fdba4358787ddd0c090817.jpg|https://aurayou2.lot-lot.com/image/32/2025/07/ae56f452235e3df4e0d8b1b47d6b9c26.jpg|https://aurayou2.lot-lot.com/image/32/2025/07/efe59e5bc700ee7f74b31ce26d78d00a.jpg|https://aurayou2.lot-lot.com/image/32/2025/07/8f85daf1bbf65543d87773a33db083e2.jpg,▫️▪️绿幽灵手串 - 材质&尺寸：绿幽灵约11-11.5mm，925银配件,831|832|833|834|845|846|850|852|858|862|892|1054|1690
193,8554,绿幽灵手串BAC124x,215.00,https://aurayou2.lot-lot.com/image/32/2025/06/804dccdf52a774d82a31a4c3512c3733.jpg,https://aurayou2.lot-lot.com/image/32/2025/06/804dccdf52a774d82a31a4c3512c3733.jpg|https://aurayou2.lot-lot.com/image/32/2025/06/e06a0f559ea8f2c54b4d760307cf12dc.jpg|https://aurayou2.lot-lot.com/image/32/2025/06/3d0eae90ada27f09274212b9f2f7c692.jpg|https://aurayou2.lot-lot.com/image/32/2025/06/0dd691169ee8d3532d77f7e7097a9197.jpg|https://aurayou2.lot-lot.com/image/32/2025/06/807c74f07910731a2b808c049afe96f6.jpg|https://aurayou2.lot-lot.com/image/32/2025/06/6981446af341b2b57db16c7ae68fb4ff.jpg,▫️▪️绿幽灵手串 - 材质&尺寸：绿幽灵约11-11.5mm,831|832|833|834|845|846|850|852|858|862|892|1054|1686
194,8477,绿幽灵随形牌手串BAC487x,350.00,https://aurayou2.lot-lot.com/image/32/2025/06/31ff552c696a77d63a72cdadae1487fe.jpg,https://aurayou2.lot-lot.com/image/32/2025/06/31ff552c696a77d63a72cdadae1487fe.jpg|https://aurayou2.lot-lot.com/image/32/2025/06/530f98f59036cafb32cff7bf5465d20a.jpg|https://aurayou2.lot-lot.com/image/32/2025/06/55ede1575ecb4431c84bc9a2ece2378d.jpg|https://aurayou2.lot-lot.com/image/32/2025/06/0d2371ba38fdf167a6197ee43e8fa8f6.jpg|https://aurayou2.lot-lot.com/image/32/2025/06/865dda7096dd9e91a1f227687705b045.jpg|https://aurayou2.lot-lot.com/image/32/2025/06/5c896c06fc939741ffc78cc187d602aa.jpg,▫️▪️绿幽灵随形牌手串 - 材质&尺寸：绿幽灵约7-7.5mm、绿幽灵随形牌、925银配件,831|832|833|834|845|846|850|852|858|865|892|1054|1685
195,8346,绿幽灵手串BAC621x,85.00,https://aurayou2.lot-lot.com/image/32/2025/06/c05f4773862facd1e24ee2f71475c7ff.jpg,https://aurayou2.lot-lot.com/image/32/2025/06/c05f4773862facd1e24ee2f71475c7ff.jpg|https://aurayou2.lot-lot.com/image/32/2025/06/696888797d725f2b386bd09af0116a37.jpg|https://aurayou2.lot-lot.com/image/32/2025/06/47a9f0d175f9c709e2743c4cfc091f5b.jpg|https://aurayou2.lot-lot.com/image/32/2025/06/8099b2f6d0ec8c942b0566244c10e94d.jpg|https://aurayou2.lot-lot.com/image/32/2025/06/eb37958f463c8b22d27044b555a2aeb6.jpg|https://aurayou2.lot-lot.com/image/32/2025/06/8d7eb5376177c8188a10fedee1a878f7.jpg,▫️▪️绿幽灵手串 - 材质&尺寸：绿幽灵约9-9.5mm,831|832|833|834|845|846|850|852|858|863|892|1054|1679
196,6576,绿幽灵手串BAC979,138.00,https://aurayou2.lot-lot.com/image/32/2025/02/8403cc1e5c15640728bfccf360f36959.jpg,https://aurayou2.lot-lot.com/image/32/2025/02/8403cc1e5c15640728bfccf360f36959.jpg|https://aurayou2.lot-lot.com/image/32/2025/02/119460d24fae0662f96dcf1ef07383f1.jpg|https://aurayou2.lot-lot.com/image/32/2025/02/a4f8cafbf261e05cb8fdb044f0e34d5c.jpg|https://aurayou2.lot-lot.com/image/32/2025/02/6d8607d07a56c8112ea4f31a6e8ca962.jpg|https://aurayou2.lot-lot.com/image/32/2025/02/e1b3cb6675eeb5be0ee3b0b4b66f5a14.jpg|https://aurayou2.lot-lot.com/image/32/2025/02/74f76821bf4c8c356130fe483e41d0ce.jpg,▫️▪️绿幽灵手串 - 材质：绿幽灵 尺寸：8mm,831|832|833|834|845|846|850|852|855|858|860|863|892
197,6574,绿幽灵檀木手串BAC977,90.00,https://aurayou2.lot-lot.com/image/32/2025/02/ecb1826756af957fa16daeca95f83d8c.jpg,https://aurayou2.lot-lot.com/image/32/2025/02/ecb1826756af957fa16daeca95f83d8c.jpg|https://aurayou2.lot-lot.com/image/32/2025/02/b2ebebfeefdc921fba2e6df0b92244d9.jpg|https://aurayou2.lot-lot.com/image/32/2025/02/d0f52d36dd105392649047f2b7164063.jpg|https://aurayou2.lot-lot.com/image/32/2025/02/672718154d910a5c2dc2f1cdc5928fb8.jpg|https://aurayou2.lot-lot.com/image/32/2025/02/ab54dcd46cd23d44b957a70a65ab3735.jpg|https://aurayou2.lot-lot.com/image/32/2025/02/aa58706c85e666215a88ae0c15379721.jpg,▫️▪️绿幽灵檀木手串 - 材质：绿幽灵，檀木珠 尺寸：8mm,831|832|833|834|845|846|850|852|858|860|863|892|971
198,6428,绿幽灵闪灵太阳石双尖手串BAC908,135.00,https://aurayou2.lot-lot.com/image/32/2025/01/868307529fa3803b0817f38aa9094a1d.jpg,https://aurayou2.lot-lot.com/image/32/2025/01/868307529fa3803b0817f38aa9094a1d.jpg|https://aurayou2.lot-lot.com/image/32/2025/01/addd24c3a9cf04d5c2b7a53ed1f42009.jpg|https://aurayou2.lot-lot.com/image/32/2025/01/757a0a59537e780a4bd56bfaafa90286.jpg|https://aurayou2.lot-lot.com/image/32/2025/01/821eb299c0e317b8a8d5f37132d57e0b.jpg|https://aurayou2.lot-lot.com/image/32/2025/01/9f14a0cdfcc0978ab5dd3ea615076b51.jpg|https://aurayou2.lot-lot.com/image/32/2025/01/398b77e2e2f894a75a7bf92a3560a075.jpg,▫️▪️绿幽灵闪灵太阳石双尖手串 - 材质：绿幽灵、闪灵、太阳石、绿幽灵双尖 尺寸：11mm,831|832|833|834|845|846|849|850|851|852|854|858|860|862|892
199,6427,绿幽灵黑金超黑发晶白阿塞手串BAC907,192.00,https://aurayou2.lot-lot.com/image/32/2025/01/e4c2accec1102584d5e894fbf6cf840c.jpg,https://aurayou2.lot-lot.com/image/32/2025/01/e4c2accec1102584d5e894fbf6cf840c.jpg|https://aurayou2.lot-lot.com/image/32/2025/01/c2a1d6a161aadd34ab897469cd6bca93.jpg|https://aurayou2.lot-lot.com/image/32/2025/01/e6884fdf942d2a52aded25af7e4ae81b.jpg|https://aurayou2.lot-lot.com/image/32/2025/01/8c3416d40c8548504cf361d998da67c1.jpg|https://aurayou2.lot-lot.com/image/32/2025/01/16a44f9ddd33a7a63d5b45c324f5fcee.jpg|https://aurayou2.lot-lot.com/image/32/2025/01/3bd69dd604249fb3b49af79a2892bcff.jpg,▫️▪️绿幽灵黑金超黑发晶白阿塞手串 - 材质：绿幽灵、黑金超、黑发晶、白阿塞 尺寸：12-13mm,831|832|833|834|845|846|847|850|851|852|853|858|860|862|892
200,6423,绿幽灵白水晶玫瑰手串BAC903,580.00,https://aurayou2.lot-lot.com/image/32/2025/01/504bf7b0adf146d4ed12a6059579e3a2.jpg,https://aurayou2.lot-lot.com/image/32/2025/01/504bf7b0adf146d4ed12a6059579e3a2.jpg|https://aurayou2.lot-lot.com/image/32/2025/01/b933e7a0155ec9ab6599d4439ba13bc8.jpg|https://aurayou2.lot-lot.com/image/32/2025/01/1992815f7b6ae054d0eb8e5a8a470268.jpg|https://aurayou2.lot-lot.com/image/32/2025/01/14ea7e4d799b8ff0e9dd62d0dc942031.jpg|https://aurayou2.lot-lot.com/image/32/2025/01/b0ccbcb080b714052f92f4c657edba99.jpg|https://aurayou2.lot-lot.com/image/32/2025/01/dc02c563c101b80caed1e1476b681cc9.jpg,▫️▪️绿幽灵白水晶玫瑰手串 - 材质：绿幽灵、白水晶玫瑰、白玛瑙跑环 尺寸：13mm,831|832|833|834|845|846|847|850|851|852|853|858|862|866|892|915
201,5792,绿幽灵白水晶双尖手串BAC767,185.00,https://aurayou2.lot-lot.com/image/32/2025/01/d87be5768aa5656eb3713aa46aa5e86b.jpg,https://aurayou2.lot-lot.com/image/32/2025/01/d87be5768aa5656eb3713aa46aa5e86b.jpg|https://aurayou2.lot-lot.com/image/32/2025/01/7fbf1966f56926825d1c8c35066e5269.jpg|https://aurayou2.lot-lot.com/image/32/2025/01/2bd4f61bde10887eac36733ed8dc3340.jpg|https://aurayou2.lot-lot.com/image/32/2025/01/8c641bab12174b5d5e689306e81f3cca.jpg|https://aurayou2.lot-lot.com/image/32/2025/01/a05708a8335570d5560ddd00fe6fd9f4.jpg|https://aurayou2.lot-lot.com/image/32/2025/01/add0784c6dcb1218c5787a6361d1e8ec.jpg,▫️▪️绿幽灵白水晶双尖手串 - 材质：绿幽灵、白水晶 尺寸：9mm,831|832|833|834|845|846|847|850|851|852|853|855|858|860|863|892
202,5791,绿幽灵白水晶手串BAC766,176.00,https://aurayou2.lot-lot.com/image/32/2025/01/d1549d3beac949f8951b73606a9fc31c.jpg,https://aurayou2.lot-lot.com/image/32/2025/01/d1549d3beac949f8951b73606a9fc31c.jpg|https://aurayou2.lot-lot.com/image/32/2025/01/a72b2ca195d6b48d73f2bd23b79f4971.jpg|https://aurayou2.lot-lot.com/image/32/2025/01/8ea255459d60c3edffdd5ad9737c9fb4.jpg|https://aurayou2.lot-lot.com/image/32/2025/01/684f8e19f14e3d78683703ea167ab93f.jpg|https://aurayou2.lot-lot.com/image/32/2025/01/85397e810e06035ca4913420224edaf9.jpg|https://aurayou2.lot-lot.com/image/32/2025/01/d948f65a9a211a88be16bf920a848efa.jpg,▫️▪️绿幽灵白水晶手串 - 材质：绿幽灵、白水晶、发晶 尺寸：10mm,831|832|833|834|845|846|847|850|851|852|853|858|860|862|892
203,8933,葡萄石蔷薇石绿幽灵多圈手串BAC1190x,192.00,https://aurayou2.lot-lot.com/image/32/2025/07/79c5ad4fe32c7d7e5bb5a2986b422f61.jpg,https://aurayou2.lot-lot.com/image/32/2025/07/79c5ad4fe32c7d7e5bb5a2986b422f61.jpg|https://aurayou2.lot-lot.com/image/32/2025/07/65cd25eab63e1f478d4d5b9f9e4c771c.jpg|https://aurayou2.lot-lot.com/image/32/2025/07/dc1bb7a206ae72c7a2d4e6f077a81314.jpg|https://aurayou2.lot-lot.com/image/32/2025/07/01ac8a0647912cc847d6eab48458b67c.jpg|https://aurayou2.lot-lot.com/image/32/2025/07/2ec08a2727f8ed884587d121e6d89e35.jpg|https://aurayou2.lot-lot.com/image/32/2025/07/77625213a4e32f980b1bb4e4c8723ebe.jpg,▫️▪️葡萄石蔷薇石绿幽灵多圈手串 - 材质&尺寸：葡萄石约6.5mm，蔷薇石约8.5mm，11mm，绿幽灵约12mm,831|832|833|834|845|846|848|849|850|852|853|854|858|863|865|894|1054|1802
204,8694,葡萄石海蓝宝绿幽灵蓝晶手串BAC1173x,215.00,https://aurayou2.lot-lot.com/image/32/2025/07/09096cde0503a551e617e44dcbee83e3.jpg,https://aurayou2.lot-lot.com/image/32/2025/07/09096cde0503a551e617e44dcbee83e3.jpg|https://aurayou2.lot-lot.com/image/32/2025/07/8a11068fc94f5623aa160006bd48b39d.jpg|https://aurayou2.lot-lot.com/image/32/2025/07/ca65dd71f01d56afae91bd0a00170dae.jpg|https://aurayou2.lot-lot.com/image/32/2025/07/d2c801f3b4e51a965780aabb9a217e82.jpg|https://aurayou2.lot-lot.com/image/32/2025/07/f0d8b5f2fdbe5a07a8d1f290af01d044.jpg|https://aurayou2.lot-lot.com/image/32/2025/07/b9b750f35c702af2d510d0da76a79cd7.jpg,"▫️▪️葡萄石海蓝宝绿幽灵蓝晶手串 - 材质&尺寸：葡萄石7mm,海蓝宝7.5mm,绿幽灵12mm,蓝晶11.5mm",831|832|833|834|845|846|847|849|850|852|853|854|858|863|865|894|895|1054|1799
205,8553,葡萄石白水晶手串BAC535x,192.00,https://aurayou2.lot-lot.com/image/32/2025/06/2d8c2f0f52b65ebd7bfd14b718da2691.jpg,https://aurayou2.lot-lot.com/image/32/2025/06/2d8c2f0f52b65ebd7bfd14b718da2691.jpg|https://aurayou2.lot-lot.com/image/32/2025/06/05b2f7d27e292b174622b600088eba40.jpg|https://aurayou2.lot-lot.com/image/32/2025/06/182125ca06012bdca1952fad97589fdc.jpg|https://aurayou2.lot-lot.com/image/32/2025/06/318a943cbe5aa9182c6b02779491bdc9.jpg|https://aurayou2.lot-lot.com/image/32/2025/06/f2daf087a563b51e4954bd2ccdd98fdd.jpg|https://aurayou2.lot-lot.com/image/32/2025/06/b78a41a6f325cf0354f5f8a221266e51.jpg,▫️▪️葡萄石白水晶手串 - 材质&尺寸：葡萄石10mm，白水晶9.5-10mm，白水晶随形,831|832|833|834|845|847|851|852|853|854|857|862|894|1054|1686
206,5851,紫粉海蓝宝绿水晶随形手串BAC836,139.00,https://aurayou2.lot-lot.com/image/32/2025/01/d5e9a9380aa894549fc3503ec59db9cd.jpg,https://aurayou2.lot-lot.com/image/32/2025/01/d5e9a9380aa894549fc3503ec59db9cd.jpg|https://aurayou2.lot-lot.com/image/32/2025/01/e5e990a8de16233e78e51650467dfeb2.jpg|https://aurayou2.lot-lot.com/image/32/2025/01/e23981c78d54a49eec16979e874ab7d9.jpg|https://aurayou2.lot-lot.com/image/32/2025/01/e36fcfb508c4b037f0c5c5f37768ae21.jpg|https://aurayou2.lot-lot.com/image/32/2025/01/fd5ed3ad8b01902994d4e045f256120c.jpg|https://aurayou2.lot-lot.com/image/32/2025/01/58d9f9e5d105eecf1ffb0a138ab71438.jpg,▫️▪️紫粉海蓝宝绿水晶随形手串 - 材质：紫粉晶、海蓝宝、绿水晶 尺寸：9mm,831|832|833|834|845|846|847|848|849|850|852|853|855|860|863|895|930
207,5769,绿水晶手串BAC744,249.00,https://aurayou2.lot-lot.com/image/32/2025/01/f0f992b37f2fae8738caed6bbde6a817.jpg,https://aurayou2.lot-lot.com/image/32/2025/01/f0f992b37f2fae8738caed6bbde6a817.jpg|https://aurayou2.lot-lot.com/image/32/2025/01/9d20d57d70ef3201aab4f66ebb30aba7.jpg|https://aurayou2.lot-lot.com/image/32/2025/01/9fe34812e75d9aa123c78ab9bbd2eba6.jpg|https://aurayou2.lot-lot.com/image/32/2025/01/e527bfae4a050ba98cd17310d6f642cc.jpg|https://aurayou2.lot-lot.com/image/32/2025/01/68becbda20bf0492298a7d6fd03b576a.jpg|https://aurayou2.lot-lot.com/image/32/2025/01/fa035e6937c91409d1b77ecd8d0dc137.jpg,▫️▪️绿水晶手串 - 材质：绿水晶 尺寸：11mm,831|832|833|834|845|846|847|849|850|853|855|857|862|930
208,8307,绿萤石手串BAC582x,146.00,https://aurayou2.lot-lot.com/image/32/2025/06/2b626bfd307ae43abdad8747fbc9098c.jpg,https://aurayou2.lot-lot.com/image/32/2025/06/2b626bfd307ae43abdad8747fbc9098c.jpg|https://aurayou2.lot-lot.com/image/32/2025/06/b90bb2f1d4e14116609e142aeb7dd71b.jpg|https://aurayou2.lot-lot.com/image/32/2025/06/807e796269c43993aa4991bbfe0df312.jpg|https://aurayou2.lot-lot.com/image/32/2025/06/fefc9531e59a74a04e3ced3bb4094629.jpg|https://aurayou2.lot-lot.com/image/32/2025/06/d46647d44d79fc7b8ec0dc754b451832.jpg|https://aurayou2.lot-lot.com/image/32/2025/06/ac9f0b3ff5bc3714799f18b1cec1d4b9.jpg,▫️▪️绿萤石手串 - 材质&尺寸：绿萤石9.5mm，贝珠6mm,831|832|833|834|846|847|848|849|850|851|852|853|857|863|890|1054|1623
209,6932,绿萤石蓝月光黄水晶手串BAC975,188.00,https://aurayou2.lot-lot.com/image/32/2025/03/92e8004f4b2a4b6b59255b7edd9fea43.jpg,https://aurayou2.lot-lot.com/image/32/2025/03/92e8004f4b2a4b6b59255b7edd9fea43.jpg|https://aurayou2.lot-lot.com/image/32/2025/03/43beed79a5a5f32757f5a0295ed104a6.jpg|https://aurayou2.lot-lot.com/image/32/2025/03/dea2b13e2436626b14343eb58535f35f.jpg|https://aurayou2.lot-lot.com/image/32/2025/03/89e0557319b4d7b2e1e3511c6256d4dd.jpg|https://aurayou2.lot-lot.com/image/32/2025/03/c1d14408d76d3ec9fdb7062515085e40.jpg|https://aurayou2.lot-lot.com/image/32/2025/03/08cfea9e6d32bc0752e66335d2c17179.jpg,▫️▪️绿萤石蓝月光黄水晶手串 - 材质：绿萤石，黄水晶，蓝月光 尺寸：10mm,831|832|833|834|845|846|847|848|849|851|852|853|854|857|862|890
210,6745,绿萤石粉晶白阿塞手串BAC974,188.00,https://aurayou2.lot-lot.com/image/32/2025/02/530b14ef41a1e23157b02e5e603e633a.jpg,https://aurayou2.lot-lot.com/image/32/2025/02/530b14ef41a1e23157b02e5e603e633a.jpg|https://aurayou2.lot-lot.com/image/32/2025/02/e8ad3262279e84e60b1ad623977386de.jpg|https://aurayou2.lot-lot.com/image/32/2025/02/470ed925d108f01f7166f6788041959e.jpg|https://aurayou2.lot-lot.com/image/32/2025/02/1899990f8b513df639933521bd078d28.jpg|https://aurayou2.lot-lot.com/image/32/2025/02/af246a8090537823029ac42f3d3d1485.jpg|https://aurayou2.lot-lot.com/image/32/2025/02/f28e3bcf28a6d32081f292325763d16c.jpg,▫️▪️绿萤石粉晶白阿塞手串 - 材质：粉水晶，绿萤石，珍珠，白阿塞 尺寸：10mm、11mm,831|832|833|834|846|847|848|849|850|851|852|853|857|862|890|1054|1055
211,5773,绿萤石手串BAC748,170.00,https://aurayou2.lot-lot.com/image/32/2025/01/379b6f19c9981def66cdc0881353ff39.jpg,https://aurayou2.lot-lot.com/image/32/2025/01/379b6f19c9981def66cdc0881353ff39.jpg|https://aurayou2.lot-lot.com/image/32/2025/01/d07ae13f38b55bb83457385213a672d6.jpg|https://aurayou2.lot-lot.com/image/32/2025/01/8c7c90a8e876b0a06f8232a13ba26957.jpg|https://aurayou2.lot-lot.com/image/32/2025/01/bf2a694a61997ba99f24abc83b55ff3a.jpg|https://aurayou2.lot-lot.com/image/32/2025/01/204a19aced6f516b7551dcea462032da.jpg|https://aurayou2.lot-lot.com/image/32/2025/01/f85cf11e56a13647747035d694fea12e.jpg,▫️▪️绿萤石手串 - 材质：绿萤石 尺寸：10mm,831|832|833|834|846|847|851|852|853|855|857|860|862|890
212,5771,绿萤石手串BAC746,182.00,https://aurayou2.lot-lot.com/image/32/2025/01/b7bc14342d85c30bbade7700b0f269e8.jpg,https://aurayou2.lot-lot.com/image/32/2025/01/b7bc14342d85c30bbade7700b0f269e8.jpg|https://aurayou2.lot-lot.com/image/32/2025/01/455a4ef0363f5bcaebed210bc89b85c0.jpg|https://aurayou2.lot-lot.com/image/32/2025/01/0bda36d3ffec3454636921a7f0f5ecb2.jpg|https://aurayou2.lot-lot.com/image/32/2025/01/6e75878f3e55645a520e2304d84a4303.jpg|https://aurayou2.lot-lot.com/image/32/2025/01/720f36805d0b5dca0e5e576d2acd5116.jpg|https://aurayou2.lot-lot.com/image/32/2025/01/101cdad5a1123a77f741e8f50e4e29ff.jpg,▫️▪️绿萤石手串 - 材质：绿萤石 尺寸：10mm,831|832|833|834|846|847|851|852|853|855|857|860|862|890
213,5770,绿萤石白水晶方糖手串BAC745,188.00,https://aurayou2.lot-lot.com/image/32/2025/01/5aa7546c914d3b34dc595211b9099d12.jpg,https://aurayou2.lot-lot.com/image/32/2025/01/5aa7546c914d3b34dc595211b9099d12.jpg|https://aurayou2.lot-lot.com/image/32/2025/01/114bc9a0662d23b5d2817bf4aced70c6.jpg|https://aurayou2.lot-lot.com/image/32/2025/01/c481e0ea17a2daa311f9b31e2096eb94.jpg|https://aurayou2.lot-lot.com/image/32/2025/01/8a605ccaf082fff3974eac3774a2ae25.jpg|https://aurayou2.lot-lot.com/image/32/2025/01/8e6a63fcad25d0ff97b06d3a8498bd4a.jpg|https://aurayou2.lot-lot.com/image/32/2025/01/adec67081d44311025e4386b7f2890f4.jpg,▫️▪️绿萤石白水晶方糖手串 - 材质：绿萤石、白水晶 尺寸：10mm,831|832|833|834|846|847|851|852|853|855|860|862|890
214,5703,绿萤石黄水晶手串BAC666,256.00,https://aurayou2.lot-lot.com/image/32/2025/01/4c3ea69940da2af26268847a9e69b87f.jpg,https://aurayou2.lot-lot.com/image/32/2025/01/4c3ea69940da2af26268847a9e69b87f.jpg|https://aurayou2.lot-lot.com/image/32/2025/01/ad404e2511f42f782a50a336d4646c08.jpg|https://aurayou2.lot-lot.com/image/32/2025/01/92c80bf3fdae0929350792d3d247f332.jpg|https://aurayou2.lot-lot.com/image/32/2025/01/28f3065b341feb2a1d38db7e5ba672d1.jpg|https://aurayou2.lot-lot.com/image/32/2025/01/2669922c2809b0290101ee5ef9ea7285.jpg|https://aurayou2.lot-lot.com/image/32/2025/01/3586a231e37dde5a965164f14d64a623.jpg,▫️▪️绿萤石黄水晶手串 - 材质：绿萤石、黄水晶、粉水晶 尺寸：13mm,831|832|833|834|845|846|847|848|849|851|852|853|857|858|862|890
215,8628,绿发晶蓝月光手串BAC088x,192.00,https://aurayou2.lot-lot.com/image/32/2025/07/dbf4191947e16464ee966b1c5314dc84.jpg,https://aurayou2.lot-lot.com/image/32/2025/07/dbf4191947e16464ee966b1c5314dc84.jpg|https://aurayou2.lot-lot.com/image/32/2025/07/bd188e692c5343ae5e65199427f6e08e.jpg|https://aurayou2.lot-lot.com/image/32/2025/07/d8f1242f6ccc0af81d4388a19cc3e3f5.jpg|https://aurayou2.lot-lot.com/image/32/2025/07/7c3fba4152fbe81c651c74dfbc340e98.jpg|https://aurayou2.lot-lot.com/image/32/2025/07/fbf5d63562ae3aa3dca150193e23b12b.jpg|https://aurayou2.lot-lot.com/image/32/2025/07/ec4569e851a48ad1e597eab948b478f1.jpg,▫️▪️绿发晶蓝月光手串 - 材质&尺寸：绿发晶约9mm，蓝月光约11mm,831|832|833|834|848|850|852|858|863|1054|1690|1691
216,9737,岫玉白幽灵白水晶方糖手串BAC1326,120.00,https://aurayou2.lot-lot.com/image/32/2025/09/389a952acc151ef555bc07da14d35ac4.jpg,https://aurayou2.lot-lot.com/image/32/2025/09/389a952acc151ef555bc07da14d35ac4.jpg|https://aurayou2.lot-lot.com/image/32/2025/09/1242d0be9fb9fa15bae608df12396b79.jpg|https://aurayou2.lot-lot.com/image/32/2025/09/0c750a2f85d1af2982ed294e8f91becc.jpg|https://aurayou2.lot-lot.com/image/32/2025/09/e4ec7a866cb672425bbb2ec87aff416e.jpg|https://aurayou2.lot-lot.com/image/32/2025/09/906b522ed1ba6b2f2365951697cb1888.jpg|https://aurayou2.lot-lot.com/image/32/2025/09/1cc915f1154b2ddd70fd8738e7a33cb5.jpg,▫️▪️岫玉白幽灵白水晶方糖手串 - 尺寸：岫玉12.5mm、白幽灵12mm、白水晶方糖,831|832|833|834|845|846|847|849|850|851|852|853|858|862|889|1054|2180
217,9482,岫玉蔷薇石魔盒手串BAC1174,212.00,https://aurayou2.lot-lot.com/image/32/2025/08/d155149cbe58ea5f37917770f3341ee9.jpg,https://aurayou2.lot-lot.com/image/32/2025/08/d155149cbe58ea5f37917770f3341ee9.jpg|https://aurayou2.lot-lot.com/image/32/2025/08/856bf2597b8eb0e673ae95b0c51aaaf6.jpg|https://aurayou2.lot-lot.com/image/32/2025/08/741b456106b41625abf4634d1bbe25d1.jpg|https://aurayou2.lot-lot.com/image/32/2025/08/0c4b0c337ea25169f5ade18fd1552fe7.jpg|https://aurayou2.lot-lot.com/image/32/2025/08/678a591129d4e3c645538133f2914747.jpg|https://aurayou2.lot-lot.com/image/32/2025/08/4415e325f44b0df9c6c22aa7ce84f638.jpg,▫️▪️岫玉蔷薇石魔盒手串 - 材质&尺寸：岫玉13mm，蔷薇石10.5mm，玛瑙4mm,831|832|833|834|848|849|850|851|852|853|857|862|867|889|1054|2061
218,6577,岫玉粉晶狐狸牌手串BAC981,206.00,https://aurayou2.lot-lot.com/image/32/2025/04/8a65d06c7191e1913886b9912e0c01f3.jpg,https://aurayou2.lot-lot.com/image/32/2025/04/8a65d06c7191e1913886b9912e0c01f3.jpg|https://aurayou2.lot-lot.com/image/32/2025/04/b274ca180e6161738a48b25c93f6a21f.jpg|https://aurayou2.lot-lot.com/image/32/2025/04/ebf9dfc7a4f6fc566d2357dea394495b.jpg|https://aurayou2.lot-lot.com/image/32/2025/04/f32d26cab5db47ef93cc04b7af8776e6.jpg|https://aurayou2.lot-lot.com/image/32/2025/04/72c723d5e055d9238eaf5ba726f0c3d3.jpg|https://aurayou2.lot-lot.com/image/32/2025/04/1f3c6af7950c177096f7efee2c4311fa.jpg,▫️▪️岫玉粉晶狐狸牌手串 - 材质：岫玉，粉水晶，白幽灵，粉晶狐狸牌 尺寸：13mm,831|832|833|834|845|846|848|849|850|851|852|853|857|862|866|889
219,6419,岫玉白幽灵手串BAC1037,245.00,https://aurayou2.lot-lot.com/image/32/2025/01/7c6bb4f452b0965098985e6f26e0f43b.jpg,https://aurayou2.lot-lot.com/image/32/2025/01/7c6bb4f452b0965098985e6f26e0f43b.jpg|https://aurayou2.lot-lot.com/image/32/2025/01/4c6daca782eef858ed60232b4da50a72.jpg|https://aurayou2.lot-lot.com/image/32/2025/01/f8310e89ce47b7e34ec2149e6b073915.jpg|https://aurayou2.lot-lot.com/image/32/2025/01/a98e0d01a850b067c91ea4b8f070fb64.jpg|https://aurayou2.lot-lot.com/image/32/2025/01/ece3ef2e978b3e316955d4d62d112637.jpg|https://aurayou2.lot-lot.com/image/32/2025/01/214b841ee00374e5183c375f1e360834.jpg,▫️▪️岫玉白幽灵手串 - 材质：岫玉、白幽灵、白水晶跑环 尺寸：12-13mm,831|832|833|834|845|846|849|850|851|852|853|856|857|858|862|866|889
220,5778,岫玉多宝双圈手串BAC753,305.00,https://aurayou2.lot-lot.com/image/32/2025/01/57e14f6031dfb2f5545971dd6e51a6ac.jpg,https://aurayou2.lot-lot.com/image/32/2025/01/57e14f6031dfb2f5545971dd6e51a6ac.jpg|https://aurayou2.lot-lot.com/image/32/2025/01/b297b95ad0823afab97ce4319f42b68c.jpg|https://aurayou2.lot-lot.com/image/32/2025/01/6b2fbf4e52ced9c10157675f2c1faf7d.jpg|https://aurayou2.lot-lot.com/image/32/2025/01/533662f6560996bb3cc8db845ac7887c.jpg|https://aurayou2.lot-lot.com/image/32/2025/01/5867b922b14857391b05f64b58cd7823.jpg|https://aurayou2.lot-lot.com/image/32/2025/01/2e8da5a6eea708f7611880fe365b9904.jpg,▫️▪️岫玉多宝双圈手串 - 材质：岫玉、粉水晶、海蓝宝、蓝月光、白水晶 尺寸：11mm,831|832|833|834|847|848|849|850|851|852|853|856|857|858|862|865|889
221,5777,岫玉粉水晶白水晶星星花朵手串BAC752,185.00,https://aurayou2.lot-lot.com/image/32/2025/01/0b8b13bbc04a9b82e8a0deb9283b0e98.jpg,https://aurayou2.lot-lot.com/image/32/2025/01/0b8b13bbc04a9b82e8a0deb9283b0e98.jpg|https://aurayou2.lot-lot.com/image/32/2025/01/07ed65ba760d9daf218c31fb264b6153.jpg|https://aurayou2.lot-lot.com/image/32/2025/01/4c660e3c511e75866c2ede2fcd561d5f.jpg|https://aurayou2.lot-lot.com/image/32/2025/01/6e2e55442a40433f48d0cc9905c55fca.jpg|https://aurayou2.lot-lot.com/image/32/2025/01/8b3ecf41c7b1a7cbd44e8d73f404cb06.jpg|https://aurayou2.lot-lot.com/image/32/2025/01/be9be78bfa44de8c02ba4c9cf7458a55.jpg,▫️▪️岫玉粉水晶白水晶星星花朵手串 - 材质：岫玉、粉水晶、白水晶 尺寸：10mm,831|832|833|834|847|848|849|850|851|852|853|856|857|858|860|862|866|889
222,7606,天河石白水晶九尾狐手串BAC972,149.00,https://aurayou2.lot-lot.com/image/32/2025/03/9a77a258a2df8ee0db3b53f0f4eff337.jpg,https://aurayou2.lot-lot.com/image/32/2025/03/9a77a258a2df8ee0db3b53f0f4eff337.jpg|https://aurayou2.lot-lot.com/image/32/2025/03/a31328eb36f2f953273d0ccc9a07807a.jpg|https://aurayou2.lot-lot.com/image/32/2025/03/21c4c4481550b73f02e68e00d329732a.jpg|https://aurayou2.lot-lot.com/image/32/2025/03/a410c63e605ff76a3b5eac1908f21932.jpg|https://aurayou2.lot-lot.com/image/32/2025/03/7eacd3a357d48d75856ae4ed4e3eeee8.jpg|https://aurayou2.lot-lot.com/image/32/2025/03/9daf61544be238f5eac6d83b4db5558f.jpg,▫️▪️天河石白水晶九尾狐手串 - 材质：天河石，蓝月光，黄塔晶，白水晶九尾狐 尺寸：10mm,831|832|833|834|845|846|847|848|849|850|851|852|853|854|858|862|866|932|1054|1186
223,6741,天河石海蓝宝合金竹节手串BAC973,170.00,https://aurayou2.lot-lot.com/image/32/2025/02/22eb769aca6acf4ba6baa5befa1ae114.jpg,https://aurayou2.lot-lot.com/image/32/2025/02/22eb769aca6acf4ba6baa5befa1ae114.jpg|https://aurayou2.lot-lot.com/image/32/2025/02/c8ed0b9cdcda4fda3c7bfb21703c50e5.jpg|https://aurayou2.lot-lot.com/image/32/2025/02/c01cba55273254fd9a39a01a17317e0c.jpg|https://aurayou2.lot-lot.com/image/32/2025/02/abaf949e4917e3b6c6ada936d4a803a4.jpg|https://aurayou2.lot-lot.com/image/32/2025/02/95952613cb0441f87b05910132422822.jpg|https://aurayou2.lot-lot.com/image/32/2025/02/3ea3ddf6d2cdf2cd52d0bc25eb6b6c09.jpg,▫️▪️天河石海蓝宝合金竹节手串 - 材质：天河石，海蓝宝，合金竹节 尺寸：10mm,831|832|833|834|845|846|847|849|850|852|854|858|862|932|1054|1055
224,5783,天河石白水晶方糖手串BAC758,182.00,https://aurayou2.lot-lot.com/image/32/2025/01/098a276c735594245e60a726cfc5694f.jpg,https://aurayou2.lot-lot.com/image/32/2025/01/098a276c735594245e60a726cfc5694f.jpg|https://aurayou2.lot-lot.com/image/32/2025/01/3ae9ebfba5d81ef424b7140e4feb268a.jpg|https://aurayou2.lot-lot.com/image/32/2025/01/657fe5ae6a4de467339ba9e326796a3b.jpg|https://aurayou2.lot-lot.com/image/32/2025/01/477ef57b499ac1030400b4b9263aadb5.jpg|https://aurayou2.lot-lot.com/image/32/2025/01/595b0e8ee86fe506ceacc8aea03cf902.jpg|https://aurayou2.lot-lot.com/image/32/2025/01/57dca26e0b3e7483cf685d9bf59817df.jpg,▫️▪️天河石白水晶方糖手串 - 材质：天河石、白水晶 尺寸：12mm,831|832|833|834|845|846|849|850|852|853|854|855|858|860|862|932
225,9690,双鱼座｜柔光疗愈手串BAC1306,396.00,https://aurayou2.lot-lot.com/image/32/2025/08/76d1f23b0c8ee8d5fd8d0e5b679def19.jpg,https://aurayou2.lot-lot.com/image/32/2025/08/76d1f23b0c8ee8d5fd8d0e5b679def19.jpg|https://aurayou2.lot-lot.com/image/32/2025/08/d8e8dab1412a1f8a4b884736b9dca2f0.jpg|https://aurayou2.lot-lot.com/image/32/2025/08/737f99ae97609ca9632bfc5e1f1fdb55.jpg|https://aurayou2.lot-lot.com/image/32/2025/08/f0edbc477dfb9bbc5aae31f6c67c098d.jpg|https://aurayou2.lot-lot.com/image/32/2025/08/0c26852baa69d8be6a367be25c8a03de.jpg|https://aurayou2.lot-lot.com/image/32/2025/08/46324f222d87b749f6154ab7538532c2.jpg,▫️▪️【双鱼座｜柔光疗愈手串】 &nbsp; 海蓝宝 白水晶 粉水晶 金虎眼 白水晶 黄水晶随型 尺寸：小珠6-8m、大珠9-10m,831|832|833|834|845|846|847|848|849|851|852|853|854|858|895|1054|2058|2173
226,8698,【高货】五行喜金水手串BAC1264,688.00,https://aurayou2.lot-lot.com/image/32/2025/07/978879cbdb211ca595c4315229c38ed4.jpg,https://aurayou2.lot-lot.com/image/32/2025/07/978879cbdb211ca595c4315229c38ed4.jpg|https://aurayou2.lot-lot.com/image/32/2025/07/8662c158e2a4c7354998edd149c6d109.jpg|https://aurayou2.lot-lot.com/image/32/2025/07/707df682dc3a97dcb036b0be0100dda9.jpg|https://aurayou2.lot-lot.com/image/32/2025/07/878db03e396d9fc0eeb089b4ef5e1eec.jpg|https://aurayou2.lot-lot.com/image/32/2025/07/74d53964d02a3bafc27f8dc3a52bec54.jpg|https://aurayou2.lot-lot.com/image/32/2025/07/319f1260dfb758b8963e0cd4598be4e4.jpg,▫️▪️【高货】五行喜金水手串 - 材质&尺寸：海蓝宝12-12.5mm，海蓝宝14.5mm，黑发晶12mm，绿幽灵12mm，白水晶12mm，白水晶貔貅8.5*14mm，珍珠3.5-4mm,831|832|833|834|847|848|849|851|852|853|854|858|862|895|909|1054|1206|1799
227,8475,海蓝宝灰月光魔盒手串BAC469x,212.00,https://aurayou2.lot-lot.com/image/32/2025/06/e73cfc0761476e3fe7671ee4e98c3510.jpg,https://aurayou2.lot-lot.com/image/32/2025/06/e73cfc0761476e3fe7671ee4e98c3510.jpg|https://aurayou2.lot-lot.com/image/32/2025/06/fc7ee26a81bfcedb4a7aa5de1eac174c.jpg|https://aurayou2.lot-lot.com/image/32/2025/06/75e79dd757d6bd55a7065c56ff50cb4b.jpg|https://aurayou2.lot-lot.com/image/32/2025/06/4e6fe9a751d7a454796a1e5fe813c1d6.jpg|https://aurayou2.lot-lot.com/image/32/2025/06/b7e2a560c918c443d2028de1769ea49f.jpg|https://aurayou2.lot-lot.com/image/32/2025/06/2835b44ed5ace54434be6818db6d4fa6.jpg,▫️▪️海蓝宝灰月光魔盒手串 - 材质&尺寸：海蓝宝9.5mm，灰月光9mm，海蓝宝魔盒约16*13mm,831|832|833|834|845|846|847|848|849|850|852|854|855|862|867|895|1054|1685
228,8309,粉水晶海蓝宝白水晶手串BAC525x,155.00,https://aurayou2.lot-lot.com/image/32/2025/06/1eafdfd914060eb182edea8cfafdd6d9.jpg,https://aurayou2.lot-lot.com/image/32/2025/06/1eafdfd914060eb182edea8cfafdd6d9.jpg|https://aurayou2.lot-lot.com/image/32/2025/06/42af954f6873deb59df5a661c090a0a7.jpg|https://aurayou2.lot-lot.com/image/32/2025/06/436df63afda7c8156dcf9e92100d8312.jpg|https://aurayou2.lot-lot.com/image/32/2025/06/7a53dca65a96997bfa3f620e2474d84f.jpg|https://aurayou2.lot-lot.com/image/32/2025/06/fc129ad2386e6a57664c87c2ba3a9956.jpg|https://aurayou2.lot-lot.com/image/32/2025/06/758c1127fb8fd32abaa58ba13fddd986.jpg,▫️▪️粉水晶海蓝宝白水晶手串 - 材质&尺寸：粉水晶11mm，海蓝宝11mm，白水晶11.5mm,831|832|833|834|846|848|849|851|852|853|857|862|895|1054|1623
229,8103,白幽灵海蓝宝魔盒手串BAC797x,192.00,https://aurayou2.lot-lot.com/image/32/2025/06/af4886c9bdf5b9c1e123f1207cdb7842.jpg,https://aurayou2.lot-lot.com/image/32/2025/06/af4886c9bdf5b9c1e123f1207cdb7842.jpg|https://aurayou2.lot-lot.com/image/32/2025/06/4f08002112d23ed7e72675701b41efaa.jpg|https://aurayou2.lot-lot.com/image/32/2025/06/482ac99f4e2459a094544acb0659b421.jpg|https://aurayou2.lot-lot.com/image/32/2025/06/b6f2207e89cf802736e8e9318b56f544.jpg|https://aurayou2.lot-lot.com/image/32/2025/06/2cd359991fedae45e1011a8e95543dea.jpg|https://aurayou2.lot-lot.com/image/32/2025/06/d467655c264efbdbdc71f73a982b1308.jpg,▫️▪️白幽灵海蓝宝魔盒手串 - 材质&尺寸：白幽灵10-11mm，海蓝宝10-11mm，海蓝宝魔盒,831|832|833|834|845|846|847|849|852|853|855|862|895|917|1054|1622
230,6742,海蓝宝白水晶手串BAC894,428.00,https://aurayou2.lot-lot.com/image/32/2025/02/a25d1084b5d97c0309607e9dd0e6177d.jpg,https://aurayou2.lot-lot.com/image/32/2025/02/a25d1084b5d97c0309607e9dd0e6177d.jpg|https://aurayou2.lot-lot.com/image/32/2025/02/e8f2e2bf3a18eac1491057206af5201d.jpg|https://aurayou2.lot-lot.com/image/32/2025/02/aa4f96f912cf239ea2c8c72cfa9ceb92.jpg|https://aurayou2.lot-lot.com/image/32/2025/02/31448341322c710cd6344033a5d26ccb.jpg|https://aurayou2.lot-lot.com/image/32/2025/02/9d5cdfea780c816ead02ca7b76197599.jpg|https://aurayou2.lot-lot.com/image/32/2025/02/7788abdd44ef21fdda668d1495b001c9.jpg,▫️▪️海蓝宝白水晶手串 - 材质：海蓝宝，白水晶 尺寸：11mm、顶珠15mm,831|832|833|834|847|849|851|852|853|855|862|895|1054|1055
231,5785,海蓝宝竹节手串BAC760,272.00,https://aurayou2.lot-lot.com/image/32/2025/01/6c216128920a39dbd8f48137d8eff880.jpg,https://aurayou2.lot-lot.com/image/32/2025/01/6c216128920a39dbd8f48137d8eff880.jpg|https://aurayou2.lot-lot.com/image/32/2025/01/4a8042aaba89d39e7c90405ebf8a9e48.jpg|https://aurayou2.lot-lot.com/image/32/2025/01/7a3180acb9801493ee4def8105c27896.jpg|https://aurayou2.lot-lot.com/image/32/2025/01/841c326d097a8fb3747b0398b6ee79c4.jpg|https://aurayou2.lot-lot.com/image/32/2025/01/2e1f1693193a7b310989ff4326a7f04f.jpg|https://aurayou2.lot-lot.com/image/32/2025/01/87458309553115e0118bccd2db7521e7.jpg,▫️▪️海蓝宝竹节手串 - 材质：海蓝宝 尺寸：5.5mm,831|832|833|834|847|849|852|855|858|863|865|895
232,5673,蓝晶魔盒海蓝宝鱼尾手串BAC649,566.00,https://aurayou2.lot-lot.com/image/32/2025/01/2c8d5741c27b526f12c98059fe892632.jpg,https://aurayou2.lot-lot.com/image/32/2025/01/2c8d5741c27b526f12c98059fe892632.jpg|https://aurayou2.lot-lot.com/image/32/2025/01/f7d2ce440b07c91b5f070a9fb9d22118.jpg|https://aurayou2.lot-lot.com/image/32/2025/01/fc602c889c604d382369ff695596b5c8.jpg|https://aurayou2.lot-lot.com/image/32/2025/01/5cf91ccfb1ca4c7d215a41c6efe6ea17.jpg|https://aurayou2.lot-lot.com/image/32/2025/01/e6558983d2817c035f8d27108bee69ac.jpg|https://aurayou2.lot-lot.com/image/32/2025/01/519ef7c2e4204bd9c51987d96d56783e.jpg,▫️▪️蓝晶魔盒海蓝宝鱼尾手串 - 材质：海蓝宝、蓝晶石 尺寸：13mm,831|832|833|834|846|847|849|852|855|857|858|862|867|895
233,6970,蓝晶黄胶花魔盒手串BAC901,570.00,https://aurayou2.lot-lot.com/image/32/2025/04/d41e7f83cf5ec80718595a6776f6472d.jpg,https://aurayou2.lot-lot.com/image/32/2025/04/d41e7f83cf5ec80718595a6776f6472d.jpg|https://aurayou2.lot-lot.com/image/32/2025/04/95aa1b768685b0c9c38b30a5b0eea45a.jpg|https://aurayou2.lot-lot.com/image/32/2025/04/08f3a9ea069bcd7d1488f1c5ce89730a.jpg|https://aurayou2.lot-lot.com/image/32/2025/04/6022465601606367a9b688cca4516d10.jpg|https://aurayou2.lot-lot.com/image/32/2025/04/0c9eeddc64f8e32d18fbab4b5e133c7b.jpg|https://aurayou2.lot-lot.com/image/32/2025/04/7491a91008b1b2407b3a836854e16b38.jpg,▫️▪️蓝晶黄胶花魔盒手串 - 材质：蓝晶，黄胶花，珍珠 尺寸：13mm,831|832|833|834|845|846|847|849|851|852|854|857|862|897
234,6571,蓝晶黄虎眼手串BAC895,278.00,https://aurayou2.lot-lot.com/image/32/2025/02/abd1d6cf35d7015c53d6f9c149cf25cf.jpg,https://aurayou2.lot-lot.com/image/32/2025/02/abd1d6cf35d7015c53d6f9c149cf25cf.jpg|https://aurayou2.lot-lot.com/image/32/2025/02/92cb4486d34dc9ed600f4438a0dab66b.jpg|https://aurayou2.lot-lot.com/image/32/2025/02/57883ae3f1ad42c1eef679c7fa9b0de9.jpg|https://aurayou2.lot-lot.com/image/32/2025/02/3bb46df0e9314e44043b22b2e5f45009.jpg|https://aurayou2.lot-lot.com/image/32/2025/02/ad90b39a2741f735bd1fe89cd9575c38.jpg|https://aurayou2.lot-lot.com/image/32/2025/02/a83b7ccd7ae502fcae11a546be5ae145.jpg,▫️▪️蓝晶黄虎眼手串 - 材质：黄虎眼，蓝晶 尺寸：8mm,831|832|833|834|845|846|847|849|851|852|855|863|897
235,9684,处女座｜清醒守护手串BAC1300,306.00,https://aurayou2.lot-lot.com/image/32/2025/08/13000bc5634ba913bfc0f37c96e69b63.jpg,https://aurayou2.lot-lot.com/image/32/2025/08/13000bc5634ba913bfc0f37c96e69b63.jpg|https://aurayou2.lot-lot.com/image/32/2025/08/fcc21dec18be758757e66a36bb86650e.jpg|https://aurayou2.lot-lot.com/image/32/2025/08/3a6b52f56162592f69771953cc04bac4.jpg|https://aurayou2.lot-lot.com/image/32/2025/08/106e465f6e983abd754c7785252d8656.jpg|https://aurayou2.lot-lot.com/image/32/2025/08/28963356ae89a4911d4c90963317d6ad.jpg|https://aurayou2.lot-lot.com/image/32/2025/08/85584f240431d9541a21a38f5ec62bf8.jpg,▫️▪️**【处女座｜清醒守护手串】** &nbsp; 白水晶 蓝月光 金虎眼 海蓝宝 紫水晶 蓝晶 尺寸：小珠6-8m、大珠9-10m,831|832|833|834|845|846|847|848|849|850|851|852|853|858|920|1054|2058|2173
236,9681,双子座｜机敏开运手串BAC1297,306.00,https://aurayou2.lot-lot.com/image/32/2025/08/473543537f032d72dc13345cada42339.jpg,https://aurayou2.lot-lot.com/image/32/2025/08/473543537f032d72dc13345cada42339.jpg|https://aurayou2.lot-lot.com/image/32/2025/08/f183020a716883e53494842cd288678f.jpg|https://aurayou2.lot-lot.com/image/32/2025/08/e02035e971592ec785adbc0e30e1f272.jpg|https://aurayou2.lot-lot.com/image/32/2025/08/dedbf76195b17aaf1024b2bd71dc5a5b.jpg|https://aurayou2.lot-lot.com/image/32/2025/08/6cceaead4df075946213955fc879a075.jpg|https://aurayou2.lot-lot.com/image/32/2025/08/e3850bdcb87b002ebfdabf7f0ffd225a.jpg,▫️▪️**【双子座｜机敏开运手串】** &nbsp; 蓝月光 紫锂辉 拉长石 白水晶 海蓝宝 珍珠 紫水晶 尺寸：小珠6-8m、大珠9-10m,831|832|833|834|846|847|848|849|850|851|852|853|854|858|920|1054|2058|2173
237,8833,月光石粉水晶海蓝宝手串BAC391x,300.00,https://aurayou2.lot-lot.com/image/32/2025/07/9912615bb66df8dd6a7e7d196f9e0c4b.jpg,https://aurayou2.lot-lot.com/image/32/2025/07/9912615bb66df8dd6a7e7d196f9e0c4b.jpg|https://aurayou2.lot-lot.com/image/32/2025/07/66279f8dcc4b4d4937c96f13dee51145.jpg|https://aurayou2.lot-lot.com/image/32/2025/07/b4503afc6dac55a1155b477f13a5c06d.jpg|https://aurayou2.lot-lot.com/image/32/2025/07/b00261a92f9432d874ab9fe67b7ee470.jpg|https://aurayou2.lot-lot.com/image/32/2025/07/07bb5e9b913af22b05db5bc47ac7b051.jpg|https://aurayou2.lot-lot.com/image/32/2025/07/adb10f8001289a1192e210ca00ba5523.jpg,"▫️▪️月光石粉水晶海蓝宝手串 - 材质&尺寸：月光石12mm，粉水晶11mm, 粉水晶随型16.5*11.5mm，海蓝宝跑环10.6*4.5mm，白水晶双尖15*9mm",831|832|833|834|847|848|849|850|851|852|853|857|862|920|1054|1801
238,8013,蓝月光海蓝宝手串BAC538x,282.00,https://aurayou2.lot-lot.com/image/32/2025/05/0e024660fbbfb38835a589e3b2d56c55.jpg,https://aurayou2.lot-lot.com/image/32/2025/05/0e024660fbbfb38835a589e3b2d56c55.jpg|https://aurayou2.lot-lot.com/image/32/2025/05/14e98cbf06226eae571128c6271f7c02.jpg|https://aurayou2.lot-lot.com/image/32/2025/05/4dce929838b59df2c85247261c0ac3af.jpg|https://aurayou2.lot-lot.com/image/32/2025/05/a1cfd2f6d41f202671d556bfaa499906.jpg|https://aurayou2.lot-lot.com/image/32/2025/05/56a2e0c32cc42f38ec8f6b0b9b37a74a.jpg|https://aurayou2.lot-lot.com/image/32/2025/05/e25dd69eab1ef158ac7cf17f8e032008.jpg,▫️▪️蓝月光海蓝宝手串 - 材质&尺寸：蓝月光约10mm，海蓝宝约11mm,831|832|833|834|847|848|849|850|852|855|862|920|1054|1527
239,7835,蓝月光海蓝宝手串BAC796x,148.00,https://aurayou2.lot-lot.com/image/32/2025/04/9f40777a50605b391113515eb0fafc48.jpg,https://aurayou2.lot-lot.com/image/32/2025/04/9f40777a50605b391113515eb0fafc48.jpg|https://aurayou2.lot-lot.com/image/32/2025/04/059e6f1baebe5b4e941c8edaf9b7750d.jpg|https://aurayou2.lot-lot.com/image/32/2025/04/a27f2364d735e88691726df2e2bfa6ee.jpg|https://aurayou2.lot-lot.com/image/32/2025/04/669b48a28758ff26eb73fda3a5623657.jpg|https://aurayou2.lot-lot.com/image/32/2025/04/f82afac2273e7463eea3267e13c525c3.jpg|https://aurayou2.lot-lot.com/image/32/2025/04/ec5dbe5448657f07c74285cef110ece9.jpg,▫️▪️蓝月光海蓝宝手串 - 材质&尺寸：蓝月光10mm，海蓝宝7.5mm,831|832|833|834|847|848|849|850|852|855|862|920|1054|1209
240,7657,金曜石蓝月光手串BAC1007,80.00,https://aurayou2.lot-lot.com/image/32/2025/04/2ec0a7e54453b0e633be92e22435cb99.jpg,https://aurayou2.lot-lot.com/image/32/2025/04/2ec0a7e54453b0e633be92e22435cb99.jpg|https://aurayou2.lot-lot.com/image/32/2025/04/7448e11cab94ab5f42a696df81a432d8.jpg|https://aurayou2.lot-lot.com/image/32/2025/04/50072e88252cae70ea4a359b62bf6eb0.jpg|https://aurayou2.lot-lot.com/image/32/2025/04/ba5df30e911cdd2de2d1db985d88a7b4.jpg|https://aurayou2.lot-lot.com/image/32/2025/04/242d25232e5770d5d05775090dbd944c.jpg|https://aurayou2.lot-lot.com/image/32/2025/04/a6dab3e3881bad1cac6288d8ac70b046.jpg,▫️▪️金曜石蓝月光手串 - 材质：金曜石，蓝月光 尺寸：8mm、10mm,831|832|833|834|845|848|849|850|851|852|857|860|863|911|920|1054|1188
241,6936,蓝月光粉晶手串BAC984,112.00,https://aurayou2.lot-lot.com/image/32/2025/03/6427be57965b8c7f25c0ec2d2416d5c6.jpg,https://aurayou2.lot-lot.com/image/32/2025/03/6427be57965b8c7f25c0ec2d2416d5c6.jpg|https://aurayou2.lot-lot.com/image/32/2025/03/c67b02c2317d052632e8ce801dcc62b9.jpg|https://aurayou2.lot-lot.com/image/32/2025/03/cba10d67aed2b05039a7db1d2be02868.jpg|https://aurayou2.lot-lot.com/image/32/2025/03/6fba4529cda7f56693a26cdc49ec23f9.jpg|https://aurayou2.lot-lot.com/image/32/2025/03/83a2bceedea5b3b9c8af89789e69c909.jpg|https://aurayou2.lot-lot.com/image/32/2025/03/6c342ec0a529a5f3ce302971d724c1e0.jpg,▫️▪️蓝月光粉晶手串 - 材质：蓝月光，粉水晶，白水晶刻面 尺寸：8mm,831|832|833|834|847|848|849|850|851|852|853|857|863|920|1054|1063
242,5812,蓝月光紫水晶手串BAC789,145.00,https://aurayou2.lot-lot.com/image/32/2025/01/c0c6e36d252162cf5a0723a54766574f.jpg,https://aurayou2.lot-lot.com/image/32/2025/01/c0c6e36d252162cf5a0723a54766574f.jpg|https://aurayou2.lot-lot.com/image/32/2025/01/390f51fbf73e153a45d87421e1f36021.jpg|https://aurayou2.lot-lot.com/image/32/2025/01/40188578db62d1ad789d0bfa93ca06b9.jpg|https://aurayou2.lot-lot.com/image/32/2025/01/00997f4ae9f2a527dc2ea63606a06553.jpg|https://aurayou2.lot-lot.com/image/32/2025/01/ba06bdaf4d45975434b6f2dabc2477ca.jpg|https://aurayou2.lot-lot.com/image/32/2025/01/8e3737dca962f2a4770203ed1dcf51b1.jpg,▫️▪️蓝月光紫水晶手串 - 材质：蓝月光、紫水晶 尺寸：9mm,831|832|833|834|846|847|848|849|850|852|855|857|860|863|920
243,5809,蓝月光白幽灵手串BAC785,139.00,https://aurayou2.lot-lot.com/image/32/2025/08/c40c4d5810879c0ca0cd620336d23bb1.jpg,https://aurayou2.lot-lot.com/image/32/2025/08/c40c4d5810879c0ca0cd620336d23bb1.jpg|https://aurayou2.lot-lot.com/image/32/2025/08/404289e6546244bca6528824e72a9860.jpg|https://aurayou2.lot-lot.com/image/32/2025/08/ef8eb01fc3eb7a3cef11299fa8cbc894.jpg|https://aurayou2.lot-lot.com/image/32/2025/08/fce38ef16e6e0a94e1b070e118378fe3.jpg|https://aurayou2.lot-lot.com/image/32/2025/08/9ae2b862237c78557a9efd440aaf41d4.jpg|https://aurayou2.lot-lot.com/image/32/2025/08/bd5953b3f70b9436be4a208f45999c88.jpg,▫️▪️蓝月光白幽灵手串 - 材质：蓝月光、白幽灵 尺寸：10mm,831|832|833|834|845|846|848|849|850|852|853|855|860|862|917|920
244,5808,蓝月光灰月光手串BAC784,185.00,https://aurayou2.lot-lot.com/image/32/2025/01/33e9173298effa46857ae2fd7ed4593a.jpg,https://aurayou2.lot-lot.com/image/32/2025/01/33e9173298effa46857ae2fd7ed4593a.jpg|https://aurayou2.lot-lot.com/image/32/2025/01/6ef9c7a90bc11d0421d38290bada151c.jpg|https://aurayou2.lot-lot.com/image/32/2025/01/ae64428f413073a5508ad4f9a298480a.jpg|https://aurayou2.lot-lot.com/image/32/2025/01/f45093f1e9695537d57507c260695c85.jpg|https://aurayou2.lot-lot.com/image/32/2025/01/db8c495c568a78e202f9e5e7093b2066.jpg|https://aurayou2.lot-lot.com/image/32/2025/01/328e91dcba02f419830149ed03afc6f8.jpg,▫️▪️蓝月光灰月光手串 - 材质：蓝月光、灰月光 尺寸：11mm,831|832|833|834|848|849|850|852|855|860|862|920
245,5806,蓝月光贝珠黄水晶星星手串BAC782,206.00,https://aurayou2.lot-lot.com/image/32/2025/01/1f0e8e58e7a274762918ddbdeee6a70e.jpg,https://aurayou2.lot-lot.com/image/32/2025/01/1f0e8e58e7a274762918ddbdeee6a70e.jpg|https://aurayou2.lot-lot.com/image/32/2025/01/df4d7fe614db52a94494f1371ae509de.jpg|https://aurayou2.lot-lot.com/image/32/2025/01/d1ac862026aa046f1b161b93c354fc24.jpg|https://aurayou2.lot-lot.com/image/32/2025/01/2b169b8d71aebccbe87d128b612689c8.jpg|https://aurayou2.lot-lot.com/image/32/2025/01/4f2d32493f3d931831b495719656d411.jpg|https://aurayou2.lot-lot.com/image/32/2025/01/857c0a431ccb9602baafe03d8a4b5eba.jpg,▫️▪️蓝月光贝珠黄水晶星星手串 - 材质：蓝月光、黄水晶、贝珠 尺寸：10mm,831|832|833|834|845|846|848|849|850|852|854|857|862|866|920
246,5804,蓝月光贝珠手串BAC780,185.00,https://aurayou2.lot-lot.com/image/32/2025/08/fa2d2014f78184869011fff1266a3831.jpg,https://aurayou2.lot-lot.com/image/32/2025/08/fa2d2014f78184869011fff1266a3831.jpg|https://aurayou2.lot-lot.com/image/32/2025/08/9808109111d3989dbbe61595a3317173.jpg|https://aurayou2.lot-lot.com/image/32/2025/08/13a35b698702808c6bc1de87f51939fa.jpg|https://aurayou2.lot-lot.com/image/32/2025/08/e9fbd353461c4276d3f8a8dc1da3d538.jpg|https://aurayou2.lot-lot.com/image/32/2025/08/836eb6a6b4ce42a7d84dbbdd48681539.jpg|https://aurayou2.lot-lot.com/image/32/2025/08/24744779548a0f7129e2b0a490ec0297.jpg,▫️▪️蓝月光贝珠手串 - 材质：蓝月光、贝珠 尺寸：10mm,831|832|833|834|848|849|850|852|855|857|860|862|920
247,5803,蓝月光黄塔晶黄水晶星星手串BAC779,212.00,https://aurayou2.lot-lot.com/image/32/2025/01/e82a024b97e9742f7c0978d1550f4a7c.jpg,https://aurayou2.lot-lot.com/image/32/2025/01/e82a024b97e9742f7c0978d1550f4a7c.jpg|https://aurayou2.lot-lot.com/image/32/2025/01/ea23b66c2024b55b8b6744cd9d859e01.jpg|https://aurayou2.lot-lot.com/image/32/2025/01/c64aee56481514977c0cdb61b93af230.jpg|https://aurayou2.lot-lot.com/image/32/2025/01/fc20b7a3e04a1adbe4b4d3fe2a64c62c.jpg|https://aurayou2.lot-lot.com/image/32/2025/01/003bd8943538a12e2ddfaa516030c58d.jpg|https://aurayou2.lot-lot.com/image/32/2025/01/f61009f69c85c9d1b9d7a7f07a64a132.jpg,▫️▪️蓝月光黄塔晶黄水晶星星手串 - 材质：蓝月光、黄塔晶、黄水晶 尺寸：10-11mm,831|832|833|834|845|846|848|849|850|852|854|857|860|862|866|920
248,7625,灰月光白幽灵手串BAC1020,150.00,https://aurayou2.lot-lot.com/image/32/2025/03/bd025e9b28ebdc7baf90a5d6675fc64d.jpg,https://aurayou2.lot-lot.com/image/32/2025/03/bd025e9b28ebdc7baf90a5d6675fc64d.jpg|https://aurayou2.lot-lot.com/image/32/2025/03/c5a44b0a696b6fe4a31317e082a58b56.jpg|https://aurayou2.lot-lot.com/image/32/2025/03/5186e9c00042652a7a1a72f19f8ead15.jpg|https://aurayou2.lot-lot.com/image/32/2025/03/64d2552d92def0c5e7d5b8c9b341a903.jpg|https://aurayou2.lot-lot.com/image/32/2025/03/7e192ab230f55e3ebcf9ba2cd395382f.jpg|https://aurayou2.lot-lot.com/image/32/2025/03/996cec890a69e1a719d98191b432d074.jpg,▫️▪️灰月光白幽灵手串 - 材质：灰月光，白幽灵 尺寸：10mm,831|832|833|834|845|846|849|851|852|853|855|862|900|1054|1187
249,6429,拉长石银曜石白水晶手串BAC909,145.00,https://aurayou2.lot-lot.com/image/32/2025/01/241a509b13b437476cb4b0279fbb7613.jpg,https://aurayou2.lot-lot.com/image/32/2025/01/241a509b13b437476cb4b0279fbb7613.jpg|https://aurayou2.lot-lot.com/image/32/2025/01/139a71288c6798a08ef015a4d8e48998.jpg|https://aurayou2.lot-lot.com/image/32/2025/01/161f094ba1830b2714e8d24d6da02e3d.jpg|https://aurayou2.lot-lot.com/image/32/2025/01/051fcfa48b3f56a9e86027edc03e785d.jpg|https://aurayou2.lot-lot.com/image/32/2025/01/1bfa5059996c616a459b26a90d844af1.jpg|https://aurayou2.lot-lot.com/image/32/2025/01/1ff3afa692a5954ca6290cee00f31def.jpg,▫️▪️拉长石银曜石白水晶手串 - 材质：拉长石、银曜石、白水晶 尺寸：11-12mm,831|832|833|834|845|847|849|850|851|852|853|854|858|860|862|900
250,8928,紫水晶手串BAC1308,155.00,https://aurayou2.lot-lot.com/image/32/2025/07/36061787a74010cb6c43e347c6dbb019.jpg,https://aurayou2.lot-lot.com/image/32/2025/07/36061787a74010cb6c43e347c6dbb019.jpg|https://aurayou2.lot-lot.com/image/32/2025/07/5eadfce05e55d45b43dda749a403305c.jpg|https://aurayou2.lot-lot.com/image/32/2025/07/7b9d07c8e2b2e218c33fbceaa313b8b8.jpg|https://aurayou2.lot-lot.com/image/32/2025/07/77e241e00a2afe82fa5f4a4fb9bcfe87.jpg|https://aurayou2.lot-lot.com/image/32/2025/07/ada6a34ccfb69b624e470d0743b87678.jpg|https://aurayou2.lot-lot.com/image/32/2025/07/aa36c5094b917b31c9a433796aa4e931.jpg,▫️▪️紫水晶手串 - 缓解压力｜改善睡眠｜稳定情绪｜增强动力 - 材质&尺寸：紫晶约8.5mm,831|832|833|834|846|847|849|850|852|855|863|901|1054|1802
251,8835,紫水晶紫锂云母黄塔晶黑金超手串BAC1181x,182.00,https://aurayou2.lot-lot.com/image/32/2025/07/bdb9400dd08239694dc346232feb8f5d.jpg,https://aurayou2.lot-lot.com/image/32/2025/07/bdb9400dd08239694dc346232feb8f5d.jpg|https://aurayou2.lot-lot.com/image/32/2025/07/a4be88aec25426fb003e63090c1c3495.jpg|https://aurayou2.lot-lot.com/image/32/2025/07/8d7840f3b190d8fa3d0db3bdf24cfe79.jpg|https://aurayou2.lot-lot.com/image/32/2025/07/8ac79ed7d602770570a11e2a358b3669.jpg|https://aurayou2.lot-lot.com/image/32/2025/07/6a45072b09f5545c70d219618d2dd7ed.jpg|https://aurayou2.lot-lot.com/image/32/2025/07/ad7932b0585ae709b92ada145aa04827.jpg,"▫️▪️紫水晶紫锂云母黄塔晶黑金超手串 - 材质&尺寸：紫水晶11.5mm,紫锂云母12mm,黄塔晶11.5mm, 黑金超随型11.8*23.2mm",831|832|833|834|845|846|847|849|850|851|852|854|858|862|901|1054|1801
252,8474,紫水晶手串BAC705x,228.00,https://aurayou2.lot-lot.com/image/32/2025/06/fbe4d9f16193475437de254580120c3d.jpg,https://aurayou2.lot-lot.com/image/32/2025/06/fbe4d9f16193475437de254580120c3d.jpg|https://aurayou2.lot-lot.com/image/32/2025/06/5eb465d6e4b93712e885646cb00b935c.jpg|https://aurayou2.lot-lot.com/image/32/2025/06/410e3a49eb3ff2fe8e5da05609de2883.jpg|https://aurayou2.lot-lot.com/image/32/2025/06/255536d3e7ba7c804ed9234ac81650b6.jpg|https://aurayou2.lot-lot.com/image/32/2025/06/95a17b1e1679429cc952fd3b9ec69e31.jpg|https://aurayou2.lot-lot.com/image/32/2025/06/1bb57cfa53694081c0f1bc06a1f4fe60.jpg,▫️▪️紫水晶手串 - 材质&尺寸：紫水晶10m（顶珠14m）,831|832|833|834|846|847|849|850|852|859|862|901|1054|1685
253,8471,紫水晶金发晶粉水晶手串BAC1078,258.00,https://aurayou2.lot-lot.com/image/32/2025/08/7001641e062f1210165352bff3cd409a.jpg,https://aurayou2.lot-lot.com/image/32/2025/08/7001641e062f1210165352bff3cd409a.jpg|https://aurayou2.lot-lot.com/image/32/2025/08/c9a8ab6653190bba2733158438040c3d.jpg|https://aurayou2.lot-lot.com/image/32/2025/08/a969d407597fbeac01a65747e6d97282.jpg|https://aurayou2.lot-lot.com/image/32/2025/08/eeaff12150cd390de331e3976615cd09.jpg|https://aurayou2.lot-lot.com/image/32/2025/08/6af975d11340ee6a841a926f6812e956.jpg|https://aurayou2.lot-lot.com/image/32/2025/08/fb099529f06e73fe48cb651c8ec80813.jpg,▫️▪️紫水晶金发晶粉水晶手串 - 材质&尺寸：紫水晶13.5mm，金发晶13.5mm，粉晶15.5-16mm，贝珠,831|832|833|834|845|846|847|848|849|850|852|854|857|861|901|1054|1685
254,8343,薰衣草紫水晶白水晶狐狐手串BAC586x,146.00,https://aurayou2.lot-lot.com/image/32/2025/06/4c537293afd09037d5e99e9cf8b53336.jpg,https://aurayou2.lot-lot.com/image/32/2025/06/4c537293afd09037d5e99e9cf8b53336.jpg|https://aurayou2.lot-lot.com/image/32/2025/06/28a21b1ade983296d7fdeba8fca3964d.jpg|https://aurayou2.lot-lot.com/image/32/2025/06/d0d7a5a2fa4346e6b63e47508e3a8b21.jpg|https://aurayou2.lot-lot.com/image/32/2025/06/5f69f6503973d527eadfe4393729a671.jpg|https://aurayou2.lot-lot.com/image/32/2025/06/552bf0c9ea982e4c6e5cb836a3465603.jpg|https://aurayou2.lot-lot.com/image/32/2025/06/44b67344e6c19c02df1589c3076b2c2d.jpg,▫️▪️薰衣草紫水晶白水晶狐狐手串 - 材质&尺寸：薰衣草紫晶11.5mm，白水晶6.5mm，白水晶九尾狐21*21mm,831|832|833|834|846|847|849|850|851|852|853|857|862|866|901|1054|1679
255,8304,紫水晶蓝珀貔貅手串BAC418x,198.00,https://aurayou2.lot-lot.com/image/32/2025/06/8eca619281334cb91a531ac43fc98825.jpg,https://aurayou2.lot-lot.com/image/32/2025/06/8eca619281334cb91a531ac43fc98825.jpg|https://aurayou2.lot-lot.com/image/32/2025/06/b490b2df41816eab1c4f6536fcae5517.jpg|https://aurayou2.lot-lot.com/image/32/2025/06/60785248e6f6d0db60c5a50145311126.jpg|https://aurayou2.lot-lot.com/image/32/2025/06/301e8409d6c6f15604a3893e015e4c17.jpg|https://aurayou2.lot-lot.com/image/32/2025/06/85cb21ee733516d01c95acb7d8472821.jpg|https://aurayou2.lot-lot.com/image/32/2025/06/1f15ec4ad573e126b5f4eeed4eed65c1.jpg,▫️▪️紫水晶黄水晶貔貅手串 - 材质&尺寸：紫晶6.5mm，蓝珀6.5mm，盐源玛瑙貔貅,831|832|833|834|845|846|847|849|850|852|854|855|863|865|901|1054|1623
256,8096,紫水晶白幽灵手串BAC1089,290.00,https://aurayou2.lot-lot.com/image/32/2025/06/9a42a539b2dec30c29ddda2a91e46cee.jpg,https://aurayou2.lot-lot.com/image/32/2025/06/9a42a539b2dec30c29ddda2a91e46cee.jpg|https://aurayou2.lot-lot.com/image/32/2025/06/bc5711a46fdd2448a4f1e7ff576d2d34.jpg|https://aurayou2.lot-lot.com/image/32/2025/06/4099d96ee5e14f74f8b0182651c567db.jpg|https://aurayou2.lot-lot.com/image/32/2025/06/34d04c5493040e61c17a1f0353857980.jpg|https://aurayou2.lot-lot.com/image/32/2025/06/8b24bf4e9a665dfbf3c0cfae9cfeea70.jpg|https://aurayou2.lot-lot.com/image/32/2025/06/b907f0edea8bf704004b7a97f5d9b272.jpg,▫️▪️紫水晶蓝月光手串 &nbsp; 材质&尺寸：紫晶16+mm，白幽灵16+mm,831|832|833|834|846|847|848|849|850|852|859|861|901|1054|1622
257,8016,紫水晶手串BAC1066x,200.00,https://aurayou2.lot-lot.com/image/32/2025/05/b8c769d74ee78bd728019b43a66c5965.jpg,https://aurayou2.lot-lot.com/image/32/2025/05/b8c769d74ee78bd728019b43a66c5965.jpg|https://aurayou2.lot-lot.com/image/32/2025/05/c3dc1c09fb250f59afa219e39c8d1303.jpg|https://aurayou2.lot-lot.com/image/32/2025/05/19eea28d8cc8b74c91596f772959052d.jpg|https://aurayou2.lot-lot.com/image/32/2025/05/399cf01784809dbd0f1880d0882361d3.jpg|https://aurayou2.lot-lot.com/image/32/2025/05/15981aa092ca0490c8932b7338a2930b.jpg|https://aurayou2.lot-lot.com/image/32/2025/05/d1412ec68dbca0421d05bdb055e47fe7.jpg,▫️▪️紫水晶手串 &nbsp; 材质&尺寸：紫水晶10.5mm,831|832|833|834|846|847|849|850|852|855|862|901|1054|1527
258,7972,紫水晶扎吉拉姆手串BAC706x,150.00,https://aurayou2.lot-lot.com/image/32/2025/05/e8a03534e1e2affb7b392f21fac3bdc9.jpg,https://aurayou2.lot-lot.com/image/32/2025/05/e8a03534e1e2affb7b392f21fac3bdc9.jpg|https://aurayou2.lot-lot.com/image/32/2025/05/6da20c5f3382fec89244f403c73b27ac.jpg|https://aurayou2.lot-lot.com/image/32/2025/05/c2638ddfe2d432c200d700211c245748.jpg|https://aurayou2.lot-lot.com/image/32/2025/05/8348f15bfc37f646b493f7d0a18c54d6.jpg|https://aurayou2.lot-lot.com/image/32/2025/05/6b01711372e1e28794ad1bc726d130e2.jpg|https://aurayou2.lot-lot.com/image/32/2025/05/d3f91dfecd5c41c4fc5b69faed5f5783.jpg,▫️▪️紫水晶扎吉拉姆手串 - 材质&尺寸：紫晶10mm，紫晶扎基约14.5mm,831|832|833|834|846|847|849|850|852|860|862|901|1054|1226
259,7914,紫水晶魔盒手串BAC588x,130.00,https://aurayou2.lot-lot.com/image/32/2025/05/5c99b945d3203930d1838bc9ea49b15b.jpg,https://aurayou2.lot-lot.com/image/32/2025/05/5c99b945d3203930d1838bc9ea49b15b.jpg|https://aurayou2.lot-lot.com/image/32/2025/05/8635d23292e16664ed1e8e766a812a33.jpg|https://aurayou2.lot-lot.com/image/32/2025/05/889e292d539e8ce64b2702be2c56e9e6.jpg|https://aurayou2.lot-lot.com/image/32/2025/05/85db4b32d1e3770dabf01ed93a01fcf4.jpg|https://aurayou2.lot-lot.com/image/32/2025/05/439ae0eff9d7fb337c06a4dce0f2dfbf.jpg|https://aurayou2.lot-lot.com/image/32/2025/05/2521307fd220a6ee56e02c2abb22c0fe.jpg,▫️▪️紫水晶魔盒手串 - 材质&尺寸：紫水晶11mm，紫晶魔盒约20*16mm,831|832|833|834|846|847|849|850|852|859|862|901|1054|1212
260,7789,紫水晶茶水晶手串BAC1079,199.00,https://aurayou2.lot-lot.com/image/32/2025/04/a76132ec14ba7a302c0ec1375b5bd1ea.jpg,https://aurayou2.lot-lot.com/image/32/2025/04/a76132ec14ba7a302c0ec1375b5bd1ea.jpg|https://aurayou2.lot-lot.com/image/32/2025/04/bdb7c74a358d6a192c76cbd7e0cae04a.jpg|https://aurayou2.lot-lot.com/image/32/2025/04/3c4e4ebe1ebb6ecbf944a28ac9c1190d.jpg|https://aurayou2.lot-lot.com/image/32/2025/04/c3e21107f7e0a8f8c97fb35ef2e9b410.jpg|https://aurayou2.lot-lot.com/image/32/2025/04/dea730e8fca3a45b2a157e941465e792.jpg|https://aurayou2.lot-lot.com/image/32/2025/04/2a9ee0c9c7acecc9b7a42f3ebcc06d57.jpg,▫️▪️紫水晶茶水晶手串 - 材质&尺寸：紫晶8mm+，紫晶12mm，茶水晶9mm+，粉晶6mm，紫水晶随形，朱砂玫瑰花,831|832|833|834|846|847|848|849|850|852|859|863|865|901|925|1054|1208
261,6939,红胶花黄塔晶紫云母黄水晶狐狸手串BAC999,183.00,https://aurayou2.lot-lot.com/image/32/2025/03/77e0a2c4e81a2b41f1da1f138ce877e7.jpg,https://aurayou2.lot-lot.com/image/32/2025/03/77e0a2c4e81a2b41f1da1f138ce877e7.jpg|https://aurayou2.lot-lot.com/image/32/2025/03/25abf1b13ae1d7188f2cfe014e2bef06.jpg|https://aurayou2.lot-lot.com/image/32/2025/03/473ef3563c653d32f44be354d6c9f0de.jpg|https://aurayou2.lot-lot.com/image/32/2025/03/51966bce3b1c05f5ba42fedbed8bed89.jpg|https://aurayou2.lot-lot.com/image/32/2025/03/17884cf3ef633699d6eb6adcf17ee574.jpg|https://aurayou2.lot-lot.com/image/32/2025/03/dcf8993175733ce558f43982bdcad2cf.jpg,▫️▪️红胶花黄塔晶紫云母黄水晶狐狸手串 - 材质：红胶花，黄塔晶，紫晶，黄虎眼，紫云母，彩幽灵，太阳石，黄水晶狐仙 尺寸：12mm,831|832|833|834|845|846|847|849|850|851|852|854|855|862|866|901|1054|1063|1526
262,6478,紫水晶白水晶貔貅手串BAC875,139.00,https://aurayou2.lot-lot.com/image/32/2025/01/20e42099334ffc3b6d9ffb15a4a59b1f.jpg,https://aurayou2.lot-lot.com/image/32/2025/01/20e42099334ffc3b6d9ffb15a4a59b1f.jpg|https://aurayou2.lot-lot.com/image/32/2025/01/fc8843d5537ff1215669c6d3c3479d9b.jpg|https://aurayou2.lot-lot.com/image/32/2025/01/6fde9c9e9e65fdb5057dc386696794e6.jpg|https://aurayou2.lot-lot.com/image/32/2025/01/5ddf27665370c70a6d307c3eb79d9dbf.jpg|https://aurayou2.lot-lot.com/image/32/2025/01/9f1eceefe63e59a0f5904cdbb044debf.jpg|https://aurayou2.lot-lot.com/image/32/2025/01/3185d31a4aa202b9f4d2c912df0f77cd.jpg,▫️▪️紫水晶白水晶貔貅手串 - 材质：紫水晶、白水晶 尺寸：8-9mm,831|832|833|834|845|846|847|849|850|851|852|860|863|866|901|915
263,6477,紫水晶白水晶金发晶手串BAC876,176.00,https://aurayou2.lot-lot.com/image/32/2025/01/15e1d1b4525e1dec4df09b1e9370399e.jpg,https://aurayou2.lot-lot.com/image/32/2025/01/15e1d1b4525e1dec4df09b1e9370399e.jpg|https://aurayou2.lot-lot.com/image/32/2025/01/f70d3dffd1b95d199942b2950d65383c.jpg|https://aurayou2.lot-lot.com/image/32/2025/01/f57c465463d937d696fcff08d8adc2e8.jpg|https://aurayou2.lot-lot.com/image/32/2025/01/551926a65f64a877c8f637ffd9c95c41.jpg|https://aurayou2.lot-lot.com/image/32/2025/01/7a8cd1bc7e9a425dde3ac5f30460bc8b.jpg|https://aurayou2.lot-lot.com/image/32/2025/01/94084fa083c498731f1e2db11095ded1.jpg,▫️▪️紫水晶白水晶金发晶手串 - 材质：紫水晶、白水晶、金发晶 尺寸：9mm,831|832|833|834|845|846|847|849|850|851|852|854|855|860|863|901
264,6476,紫水晶手串BAC873,200.00,https://aurayou2.lot-lot.com/image/32/2025/01/5da9115d7ac18d1a54bb2f4dd5d92c28.jpg,https://aurayou2.lot-lot.com/image/32/2025/01/5da9115d7ac18d1a54bb2f4dd5d92c28.jpg|https://aurayou2.lot-lot.com/image/32/2025/01/ace7689017ed35c03177ef3f4e727733.jpg|https://aurayou2.lot-lot.com/image/32/2025/01/07199a87b7450e73f929fd50b47c6719.jpg|https://aurayou2.lot-lot.com/image/32/2025/01/32419f7764a301a374c4af9b4cedd4e2.jpg|https://aurayou2.lot-lot.com/image/32/2025/01/67661332e2ea2820ec28dcbe780b48ec.jpg|https://aurayou2.lot-lot.com/image/32/2025/01/d9402dda1f19d54d5968b0c0356c98da.jpg,▫️▪️紫水晶手串 - 材质：紫水晶 尺寸：9mm,831|832|833|834|846|847|849|850|852|855|860|863|901
265,6475,紫水晶紫云母白水晶方块手串BAC877,176.00,https://aurayou2.lot-lot.com/image/32/2025/01/d5d68514d7701112692ce15c809d0637.jpg,https://aurayou2.lot-lot.com/image/32/2025/01/d5d68514d7701112692ce15c809d0637.jpg|https://aurayou2.lot-lot.com/image/32/2025/01/06b958e065ca4552b48286d9e63a1c4e.jpg|https://aurayou2.lot-lot.com/image/32/2025/01/0fc0043a07167f527a6bdec5152d77ac.jpg|https://aurayou2.lot-lot.com/image/32/2025/01/cb23c6950ca725f809523f1f4e54e281.jpg|https://aurayou2.lot-lot.com/image/32/2025/01/53607886ae2a8cb333a30716e708824b.jpg|https://aurayou2.lot-lot.com/image/32/2025/01/b746ba6d9db99ec63ba44f3c0ad76ed7.jpg,▫️▪️紫水晶紫云母白水晶方块手串 - 材质：紫水晶、紫云母、白水晶 尺寸：8mm,831|832|833|834|845|846|847|849|850|851|852|855|860|863|901
266,6474,紫水晶白水晶双尖手串BAC872,98.00,https://aurayou2.lot-lot.com/image/32/2025/01/85f8871cadf2e24a86db68b805593cad.jpg,https://aurayou2.lot-lot.com/image/32/2025/01/85f8871cadf2e24a86db68b805593cad.jpg|https://aurayou2.lot-lot.com/image/32/2025/01/38148b8f9845eefcdc961374c41e4fd6.jpg|https://aurayou2.lot-lot.com/image/32/2025/01/bf56a33ff69710f711864bc21b3761c0.jpg|https://aurayou2.lot-lot.com/image/32/2025/01/ffecfcddbe0533f18e7449af7759bf1f.jpg|https://aurayou2.lot-lot.com/image/32/2025/01/7f60daca78cb371422e28acd129de2c0.jpg|https://aurayou2.lot-lot.com/image/32/2025/01/49de7c9fa9676b739fa1cfd3b2da0e46.jpg,▫️▪️紫水晶白水晶双尖手串 - 材质：紫水晶、白水晶、珍珠 尺寸：8mm,831|832|833|834|846|847|848|849|850|851|852|853|858|860|863|867|901
267,6473,紫水晶白水晶海蓝宝魔盒多圈BAC878,276.00,https://aurayou2.lot-lot.com/image/32/2025/01/137a11890020321bd2064fa0698346f9.jpg,https://aurayou2.lot-lot.com/image/32/2025/01/137a11890020321bd2064fa0698346f9.jpg|https://aurayou2.lot-lot.com/image/32/2025/01/0b6f5158d9ea392c9470bed3d013d3ba.jpg|https://aurayou2.lot-lot.com/image/32/2025/01/eec9184fae33aedf3c1cd5c3249eab24.jpg|https://aurayou2.lot-lot.com/image/32/2025/01/fc84fc9eb5bb5da8a94b8a47f6b1a83c.jpg|https://aurayou2.lot-lot.com/image/32/2025/01/5ee47797292101828b0167f53d8b695a.jpg|https://aurayou2.lot-lot.com/image/32/2025/01/e3135254a3fc9d6bf960640d6441bcd3.jpg,▫️▪️紫水晶白水晶海蓝宝魔盒多圈 - 材质：紫水晶、白水晶、海蓝宝魔盒 尺寸：6-7mm,831|832|833|834|846|847|849|850|851|852|855|858|863|865|867|901
268,6472,紫水晶贝珠手串BAC871,100.00,https://aurayou2.lot-lot.com/image/32/2025/01/1f86daf2d8c22fad7a5878da935deb3e.jpg,https://aurayou2.lot-lot.com/image/32/2025/01/1f86daf2d8c22fad7a5878da935deb3e.jpg|https://aurayou2.lot-lot.com/image/32/2025/01/8ffa6571b235d63aebc061522ade25b9.jpg|https://aurayou2.lot-lot.com/image/32/2025/01/dc3c8e4df8d7ddfd70e8d7f9b8f76331.jpg|https://aurayou2.lot-lot.com/image/32/2025/01/28bc397f584082e86ccab7cde4083ea5.jpg|https://aurayou2.lot-lot.com/image/32/2025/01/99abe9cdc20fca2837878ba23360ff7a.jpg|https://aurayou2.lot-lot.com/image/32/2025/01/f6964958e1954f73de5c09b1fd920a0b.jpg,▫️▪️紫水晶贝珠手串 - 材质：紫水晶、贝珠 尺寸：8mm,831|832|833|834|846|847|848|849|850|852|853|857|860|862|901
269,6468,紫水晶手牌BAC868,128.00,https://aurayou2.lot-lot.com/image/32/2025/01/1798d02a9b953fd786b970692f6695b0.jpg,https://aurayou2.lot-lot.com/image/32/2025/01/1798d02a9b953fd786b970692f6695b0.jpg|https://aurayou2.lot-lot.com/image/32/2025/01/2b79bedc85588106ea3a801c8663e9f1.jpg|https://aurayou2.lot-lot.com/image/32/2025/01/9b0c954247f30a569c4eeca269e4db76.jpg|https://aurayou2.lot-lot.com/image/32/2025/01/3ff394123e0f6356633b5dd96b331b62.jpg|https://aurayou2.lot-lot.com/image/32/2025/01/70fdafb0eae46e6dc47abf7fcb97a128.jpg|https://aurayou2.lot-lot.com/image/32/2025/01/3f358f32a2eb186290ca7508e5ebc9bc.jpg,▫️▪️紫水晶手牌 - 材质：紫水晶 尺寸：12*15mm/6mm,831|832|833|834|846|847|849|850|852|855|857|860|868|901
270,6466,紫水晶白幽灵白水晶方块手串BAC867,158.00,https://aurayou2.lot-lot.com/image/32/2025/01/828218fcaabd7bedb063296e929fac2e.jpg,https://aurayou2.lot-lot.com/image/32/2025/01/828218fcaabd7bedb063296e929fac2e.jpg|https://aurayou2.lot-lot.com/image/32/2025/01/1960ed3e6bada3ea04e9e035da595fbf.jpg|https://aurayou2.lot-lot.com/image/32/2025/01/f6ecb230c89f91857ba64fc1fad3c818.jpg|https://aurayou2.lot-lot.com/image/32/2025/01/e60c197da2a02d8dbaaefcfd669243a4.jpg|https://aurayou2.lot-lot.com/image/32/2025/01/c6c2e90b22ecd51e9dd452cbe4cff20f.jpg|https://aurayou2.lot-lot.com/image/32/2025/01/f854df2e27cead76e1d599c79028effc.jpg,▫️▪️紫水晶白幽灵白水晶方块手串 - 材质：紫水晶、白幽灵、白水晶 尺寸：9mm,831|832|833|834|845|846|847|849|850|851|852|853|860|863|901
271,6464,紫水晶手串BAC866,110.00,https://aurayou2.lot-lot.com/image/32/2025/01/53dea3f5735eda201ed0ddab409bd2f6.jpg,https://aurayou2.lot-lot.com/image/32/2025/01/53dea3f5735eda201ed0ddab409bd2f6.jpg|https://aurayou2.lot-lot.com/image/32/2025/01/1419a99f3a9cc16838453fceec2ea5bd.jpg|https://aurayou2.lot-lot.com/image/32/2025/01/a7f61eab8ca12cb76ad714bd6ef86219.jpg|https://aurayou2.lot-lot.com/image/32/2025/01/28c3f15008f591c548f916b0a4f4b33e.jpg|https://aurayou2.lot-lot.com/image/32/2025/01/246d81a79401333372753862f6ed4cc9.jpg|https://aurayou2.lot-lot.com/image/32/2025/01/eedcdf7580f8a537a140dc187fe29c50.jpg,▫️▪️紫水晶手串 - 材质：紫水晶 尺寸：9mm,831|832|833|834|846|847|849|850|852|855|860|863|901
272,6462,紫水晶手串BAC865,145.00,https://aurayou2.lot-lot.com/image/32/2025/01/07d70b1d110af24d6de25396b829b50d.jpg,https://aurayou2.lot-lot.com/image/32/2025/01/07d70b1d110af24d6de25396b829b50d.jpg|https://aurayou2.lot-lot.com/image/32/2025/01/37602c11eebe8cf6959a41b00a2914f6.jpg|https://aurayou2.lot-lot.com/image/32/2025/01/c74b049dea7b7e08ac47df4a8aa0a7c7.jpg|https://aurayou2.lot-lot.com/image/32/2025/01/2c7607d7d4927358f8d91a1c5b97dbe0.jpg|https://aurayou2.lot-lot.com/image/32/2025/01/169ed68a02baa69915c554ae51f5ed05.jpg|https://aurayou2.lot-lot.com/image/32/2025/01/eb0eb3e33fe5f5cbd7ce732aed7b279d.jpg,▫️▪️紫水晶手串 - 材质：薰衣草紫、梦幻紫、紫晶魔盒 尺寸：9mm,831|832|833|834|846|847|849|850|852|860|863|867|901
273,6459,紫水晶白月光手串BAC864,85.00,https://aurayou2.lot-lot.com/image/32/2025/01/57b0ee1b06bdeadd7b6f6f759dab5cb4.jpg,https://aurayou2.lot-lot.com/image/32/2025/01/57b0ee1b06bdeadd7b6f6f759dab5cb4.jpg|https://aurayou2.lot-lot.com/image/32/2025/01/f6fbcb9af961f69866c840290c909a73.jpg|https://aurayou2.lot-lot.com/image/32/2025/01/26e5a7a1fd6cb89a0f68096f28668e15.jpg|https://aurayou2.lot-lot.com/image/32/2025/01/2a0f5d29364f0f4d6500915cebad6b56.jpg|https://aurayou2.lot-lot.com/image/32/2025/01/a633acd17ebfa6f04ab6f53f82a97cd3.jpg|https://aurayou2.lot-lot.com/image/32/2025/01/335fa62040b50ec3d7865f00861bc68e.jpg,▫️▪️紫水晶白月光手串 - 材质：薰衣草紫水晶、白月光 尺寸：8mm,831|832|833|834|846|847|848|849|850|852|853|856|860|863|901
274,6457,紫水晶白水晶手串BAC862,155.00,https://aurayou2.lot-lot.com/image/32/2025/01/7d6acf08be99d6670deaa9d101f8a436.jpg,https://aurayou2.lot-lot.com/image/32/2025/01/7d6acf08be99d6670deaa9d101f8a436.jpg|https://aurayou2.lot-lot.com/image/32/2025/01/85aa6bc31fe0afaaf74bef9a43c55d80.jpg|https://aurayou2.lot-lot.com/image/32/2025/01/d7130835cc628f8cf482eb462b814b5e.jpg|https://aurayou2.lot-lot.com/image/32/2025/01/3f96860070ced808342838811daaf198.jpg|https://aurayou2.lot-lot.com/image/32/2025/01/2f56127307023c8f6c1034b2add50971.jpg|https://aurayou2.lot-lot.com/image/32/2025/01/78a3f6a785fee87f38cca8e5eb814162.jpg,▫️▪️紫水晶白水晶手串 - 材质：紫水晶、白水晶 尺寸：9mm,831|832|833|834|845|846|847|849|850|851|852|855|860|863|901
275,6456,紫水晶手串BAC861,212.00,https://aurayou2.lot-lot.com/image/32/2025/01/7a951f62bb3af2d5ae344c7ef4efba97.jpg,https://aurayou2.lot-lot.com/image/32/2025/01/7a951f62bb3af2d5ae344c7ef4efba97.jpg|https://aurayou2.lot-lot.com/image/32/2025/01/9ac81b118b06572e1b4dbefe7d769c4f.jpg|https://aurayou2.lot-lot.com/image/32/2025/01/c5278e0530f22b3d75412406afcb48db.jpg|https://aurayou2.lot-lot.com/image/32/2025/01/0fd2218dca11652797b25ccdc8a3bed1.jpg|https://aurayou2.lot-lot.com/image/32/2025/01/b707da75b0db1935a01b66b34cbbeda9.jpg|https://aurayou2.lot-lot.com/image/32/2025/01/df75dc3396ef8e4859709b5d3e892709.jpg,▫️▪️紫水晶手串 - 材质：紫水晶 尺寸：12mm,831|832|833|834|846|847|849|850|852|855|860|862|901
276,6455,紫水晶粉水晶手串BAC860,249.00,https://aurayou2.lot-lot.com/image/32/2025/01/330dba686aa214e97d9410e0afedd1f6.jpg,https://aurayou2.lot-lot.com/image/32/2025/01/330dba686aa214e97d9410e0afedd1f6.jpg|https://aurayou2.lot-lot.com/image/32/2025/01/917150683c42c9c692c3336f89fd9772.jpg|https://aurayou2.lot-lot.com/image/32/2025/01/ea2ea54724cc8d47243eba0e44a64e1d.jpg|https://aurayou2.lot-lot.com/image/32/2025/01/ed0b52e4e6de9a1707f0efa014a7095d.jpg|https://aurayou2.lot-lot.com/image/32/2025/01/1f771eb5337b93f2fd268bbde4e3cb45.jpg|https://aurayou2.lot-lot.com/image/32/2025/01/dfbb4c95dd983e5357955d46e8420272.jpg,▫️▪️紫水晶粉水晶手串 - 材质：紫水晶、粉水晶 尺寸：13.5mm,831|832|833|834|846|847|848|849|850|852|855|857|858|861|901
277,6451,紫色多宝粉晶九尾狐手串BAC856,208.00,https://aurayou2.lot-lot.com/image/32/2025/01/a9ed136ba8f5995c0587325619e2fab7.jpg,https://aurayou2.lot-lot.com/image/32/2025/01/a9ed136ba8f5995c0587325619e2fab7.jpg|https://aurayou2.lot-lot.com/image/32/2025/01/a1a0b6bd5e14ee98d5dbd8db26763364.jpg|https://aurayou2.lot-lot.com/image/32/2025/01/c11d5641f9caebdf72478fb75514d362.jpg|https://aurayou2.lot-lot.com/image/32/2025/01/0f124f90adf1c12fd4a92f416e28e4d6.jpg|https://aurayou2.lot-lot.com/image/32/2025/01/65d198a05d0637d7e57cb139561d4058.jpg|https://aurayou2.lot-lot.com/image/32/2025/01/d219dd00dcea044ed6feda3341fd3fa9.jpg,▫️▪️紫色多宝粉晶九尾狐手串 - 材质：紫水晶、紫幽灵、紫云母、紫锂云母、红胶花、粉晶狐 尺寸：11-12mm,831|832|833|834|845|846|848|849|850|852|854|859|860|862|866|901|907
278,6449,紫水晶白水晶红玛瑙手串BAC854,115.00,https://aurayou2.lot-lot.com/image/32/2025/01/d29c883199fb68ba35c56565feba2f45.jpg,https://aurayou2.lot-lot.com/image/32/2025/01/d29c883199fb68ba35c56565feba2f45.jpg|https://aurayou2.lot-lot.com/image/32/2025/01/f3834e6024570ce5c0a4bca714e29981.jpg|https://aurayou2.lot-lot.com/image/32/2025/01/4fe49d756d6712c206fe95d51e0389ad.jpg|https://aurayou2.lot-lot.com/image/32/2025/01/70b2284465ef2d2731b9d50a96a817da.jpg|https://aurayou2.lot-lot.com/image/32/2025/01/541a0035a4b0a92c2c3c39c106372ba6.jpg|https://aurayou2.lot-lot.com/image/32/2025/01/2b90224a6e21b8909aace3ac7b04b03b.jpg,▫️▪️紫水晶白水晶红玛瑙手串 - 材质：紫水晶、白水晶、红玛瑙 尺寸：8.5mm,831|832|833|834|846|847|849|850|852|860|863|901|915
279,6448,紫阿塞黄水晶白水晶手串BAC853,265.00,https://aurayou2.lot-lot.com/image/32/2025/01/bdb3db99dae2bcfba2b455bd09dd5a16.jpg,https://aurayou2.lot-lot.com/image/32/2025/01/bdb3db99dae2bcfba2b455bd09dd5a16.jpg|https://aurayou2.lot-lot.com/image/32/2025/01/3bfe8c98809364b810be16f75762e38f.jpg|https://aurayou2.lot-lot.com/image/32/2025/01/0e3c2fe049fde5d1c07ee56a14131917.jpg|https://aurayou2.lot-lot.com/image/32/2025/01/3214fbd22b6e533dad49ef4f4de975f3.jpg|https://aurayou2.lot-lot.com/image/32/2025/01/4d69ff41074a7e227b1f08af621f31dc.jpg|https://aurayou2.lot-lot.com/image/32/2025/01/488d124e9a10e56de4700ff3b66d7793.jpg,▫️▪️紫阿塞黄水晶白水晶手串 - 吸引财运｜提升智慧与记忆力｜缓解压力｜净化磁场 - 材质：紫阿塞、黄水晶、白水晶 尺寸：13.5mm 货号：BAC853,831|832|833|834|845|846|847|849|850|852|854|855|861|901
280,5687,紫水晶黄水晶狐牌手串BAC663,290.00,https://aurayou2.lot-lot.com/image/32/2025/01/59562d4e386dac9e7d3d33da92690928.jpg,https://aurayou2.lot-lot.com/image/32/2025/01/59562d4e386dac9e7d3d33da92690928.jpg|https://aurayou2.lot-lot.com/image/32/2025/01/bf7ca4b5b1d624dd15d1b5a80c354554.jpg|https://aurayou2.lot-lot.com/image/32/2025/01/9a9e8e7ec5bb4e094b013726eb59194d.jpg|https://aurayou2.lot-lot.com/image/32/2025/01/1ae7742c48a569e7adc5c53fa721a33d.jpg|https://aurayou2.lot-lot.com/image/32/2025/01/c2c65d42cfbd780680ff1d544deb6450.jpg|https://aurayou2.lot-lot.com/image/32/2025/01/57114971cf5546b42bda6e5d5f2db02c.jpg,▫️▪️紫水晶黄水晶狐牌手串 - 材质：黄水晶、紫水晶 尺寸：13mm,831|832|833|834|845|846|847|849|850|852|854|857|862|866|901
281,9451,白羊座守护系列手串BAC1283,275.00,https://aurayou2.lot-lot.com/image/32/2025/08/612a11f8c4113d1d492fc020c71a6401.jpg,https://aurayou2.lot-lot.com/image/32/2025/08/612a11f8c4113d1d492fc020c71a6401.jpg|https://aurayou2.lot-lot.com/image/32/2025/08/028a6c67638813279c575dbb7c1d25b7.jpg|https://aurayou2.lot-lot.com/image/32/2025/08/966dffc2c8ea1b30fd79514e1e291f3a.jpg|https://aurayou2.lot-lot.com/image/32/2025/08/1477a54c585fc8c62f5c53cc6ea28ee8.jpg|https://aurayou2.lot-lot.com/image/32/2025/08/f211b348312082231f0743d7fcd534c3.jpg|https://aurayou2.lot-lot.com/image/32/2025/08/6df0b00b29b2036874cbecf854004bad.jpg,"▫️▪️白羊座守护系列手串 - 材质&尺寸：紫锂辉-深色10mm,紫锂辉-浅色10mm,岫玉10mm,星座银隔珠",831|832|833|834|850|851|852|854|855|903|1054|2058|2059
282,8834,拉丝紫锂辉葡萄石手串BAC1281,756.00,https://aurayou2.lot-lot.com/image/32/2025/07/6b7d33700ecd5025de743568419880d0.jpg,https://aurayou2.lot-lot.com/image/32/2025/07/6b7d33700ecd5025de743568419880d0.jpg|https://aurayou2.lot-lot.com/image/32/2025/07/39db71c5878627684b4059e281be51d7.jpg|https://aurayou2.lot-lot.com/image/32/2025/07/02b5810ff031b5b74aa08d54b470712f.jpg|https://aurayou2.lot-lot.com/image/32/2025/07/c22ceec5094d859b23ae956fdce62eb7.jpg|https://aurayou2.lot-lot.com/image/32/2025/07/e7269beafb955139de9513c9d1a80f84.jpg|https://aurayou2.lot-lot.com/image/32/2025/07/1035221e57f975c6c78616b5a32200cd.jpg,▫️▪️拉丝紫锂辉葡萄石手串 - 材质&尺寸：拉丝紫锂辉11-11.5mm、葡萄石10-10.5mm,831|832|833|834|845|852|853|854|855|862|903|1054|1801
283,6463,紫锂辉手串BAC882,225.00,https://aurayou2.lot-lot.com/image/32/2025/01/037d0578830726e9ca61492cf6a7cffc.jpg,https://aurayou2.lot-lot.com/image/32/2025/01/037d0578830726e9ca61492cf6a7cffc.jpg|https://aurayou2.lot-lot.com/image/32/2025/01/679f91d37817c4e59da5ad3f552580d6.jpg|https://aurayou2.lot-lot.com/image/32/2025/01/aa317a7f2a0b1916f6119098064247f2.jpg|https://aurayou2.lot-lot.com/image/32/2025/01/6df3f8432797749c4fbfd9513f744ad4.jpg|https://aurayou2.lot-lot.com/image/32/2025/01/f1456b402d3b9162cf2f99d6d21f02f8.jpg|https://aurayou2.lot-lot.com/image/32/2025/01/eb8685da8980a07ac16d242ebaee463b.jpg,▫️▪️紫锂辉手串 - 材质：紫锂辉 尺寸：12mm,831|832|833|834|852|854|855|857|862|903
284,5713,紫锂辉手串BAC676,255.00,https://aurayou2.lot-lot.com/image/32/2025/01/d507f18b1fbbd253fa709ed21f1fbeb6.jpg,https://aurayou2.lot-lot.com/image/32/2025/01/d507f18b1fbbd253fa709ed21f1fbeb6.jpg|https://aurayou2.lot-lot.com/image/32/2025/01/ef5c5fce7a787fe77de14eb0a935f8b7.jpg|https://aurayou2.lot-lot.com/image/32/2025/01/8f321ea7f839769d42729d548d6bb3b4.jpg|https://aurayou2.lot-lot.com/image/32/2025/01/2ebb2b51a65fe3481e0112d8aeb3e7ba.jpg|https://aurayou2.lot-lot.com/image/32/2025/01/6d4605c6541563915330a77c542d9c11.jpg|https://aurayou2.lot-lot.com/image/32/2025/01/14003e1b6b8d7c55c3f54eaa2e06b69b.jpg,▫️▪️紫锂辉手串 - 材质：紫锂辉 尺寸：13mm,831|832|833|834|852|854|859|862|903
285,7978,紫锂云母手串BAC1095,255.00,https://aurayou2.lot-lot.com/image/32/2025/05/e9bdf1032456b7c7a7963cf5ea2109f4.jpg,https://aurayou2.lot-lot.com/image/32/2025/05/e9bdf1032456b7c7a7963cf5ea2109f4.jpg|https://aurayou2.lot-lot.com/image/32/2025/05/029d06afdc674e09675ac6d240e54e2a.jpg|https://aurayou2.lot-lot.com/image/32/2025/05/95ad63f4d38c36736dcc92c2787a87ff.jpg|https://aurayou2.lot-lot.com/image/32/2025/05/995ac1a1b4c14a39c884f30a8801950a.jpg|https://aurayou2.lot-lot.com/image/32/2025/05/47b5e4785f8ebcc02ede018ea972cd2c.jpg|https://aurayou2.lot-lot.com/image/32/2025/05/5b9944fe5972e9f3edb005e1ea1a307c.jpg,▫️▪️紫锂云母手串 - 材质：紫锂云母 尺寸：12mm,831|832|833|834|849|852|859|862|904|1054|1227
286,8929,超七紫水晶金发晶手串BAC1309,260.00,https://aurayou2.lot-lot.com/image/32/2025/07/3cd9ee8e751890c204f540a465883c0c.jpg,https://aurayou2.lot-lot.com/image/32/2025/07/3cd9ee8e751890c204f540a465883c0c.jpg|https://aurayou2.lot-lot.com/image/32/2025/07/f6a23daed74f55338baf664c7c5a10a7.jpg|https://aurayou2.lot-lot.com/image/32/2025/07/be30474435e21fe7ee41170a6179f9d7.jpg|https://aurayou2.lot-lot.com/image/32/2025/07/53f22aa1bdb16fb788b0ceb3077e65df.jpg|https://aurayou2.lot-lot.com/image/32/2025/07/1c8a95896a9c1983e8d121f9e1ca191b.jpg|https://aurayou2.lot-lot.com/image/32/2025/07/8c898763de128f557b6e75842ed81623.jpg,▫️▪️超七紫水晶金发晶手串 - 事业加持｜招财纳福｜领导力｜决断力｜能量之王｜缓解疲劳｜旺人缘 - &nbsp; 材质&尺寸：超七约8mm，紫晶约8mm，金发晶约7mm，紫晶随形约10*13mm，925银葫芦,831|832|833|834|845|846|847|848|849|850|852|854|855|863|972|1054|1802
287,6467,紫超七手串BAC880,195.00,https://aurayou2.lot-lot.com/image/32/2025/01/f5b3cd4861385eb3a84fd60b09242460.jpg,https://aurayou2.lot-lot.com/image/32/2025/01/f5b3cd4861385eb3a84fd60b09242460.jpg|https://aurayou2.lot-lot.com/image/32/2025/01/c8d1f63149ffe9c726c085382f235768.jpg|https://aurayou2.lot-lot.com/image/32/2025/01/c052fceb1a32bad5862d3e541c77a5b5.jpg|https://aurayou2.lot-lot.com/image/32/2025/01/c5c542e3cc82b548d1bad4537bf34693.jpg|https://aurayou2.lot-lot.com/image/32/2025/01/6958d742413dd0990848d3c4d20240c7.jpg|https://aurayou2.lot-lot.com/image/32/2025/01/c6e064076c6be5f8d9a06a55eac35a96.jpg,▫️▪️紫超七手串 - 材质：紫超七 尺寸：8mm,831|832|833|834|845|848|849|852|854|855|860|863|972
288,6471,紫兔毛白水晶手串BAC879,420.00,https://aurayou2.lot-lot.com/image/32/2025/04/b2932c80701e9b76079d16088d55c3be.jpg,https://aurayou2.lot-lot.com/image/32/2025/04/b2932c80701e9b76079d16088d55c3be.jpg|https://aurayou2.lot-lot.com/image/32/2025/04/0bc892aabf486aea7a78afb803902aac.jpg|https://aurayou2.lot-lot.com/image/32/2025/04/759f33a14d2d8dfae0b9190c5ba9cf49.jpg|https://aurayou2.lot-lot.com/image/32/2025/04/84156556c767bc8f1fd26294cb5c719c.jpg|https://aurayou2.lot-lot.com/image/32/2025/04/7c6fd1beb40d57732160369542a77f3f.jpg|https://aurayou2.lot-lot.com/image/32/2025/04/8d4635b6f9653ae68d7e91218c49d9e0.jpg,▫️▪️紫兔毛奶白晶手串 - 材质：紫兔毛、白水晶 尺寸：15mm/13mm,831|832|833|834|849|852|854|855|857|861|973
289,6470,紫兔毛紫水晶手牌BAC870,198.00,https://aurayou2.lot-lot.com/image/32/2025/01/095a9e7f1037e5923ba7124e4f2e2c18.jpg,https://aurayou2.lot-lot.com/image/32/2025/01/095a9e7f1037e5923ba7124e4f2e2c18.jpg|https://aurayou2.lot-lot.com/image/32/2025/01/bfcb76fe0d0b149a6c4434e5799829f4.jpg|https://aurayou2.lot-lot.com/image/32/2025/01/5aba986b328addedd3808a71fc8c7153.jpg|https://aurayou2.lot-lot.com/image/32/2025/01/55a021827e8e1073aca56db701f05b30.jpg|https://aurayou2.lot-lot.com/image/32/2025/01/9a34101cd0ee6513912992a2c765a902.jpg|https://aurayou2.lot-lot.com/image/32/2025/01/db740cf8f8ea3f556618f4ec444186ed.jpg,▫️▪️紫兔毛紫水晶手牌 - 材质：紫水晶、紫兔毛 尺寸：12*15mm/8mm/15mm,831|832|833|834|846|847|849|850|852|854|855|857|860|868|901|973
290,6458,紫兔毛手串BAC863,110.00,https://aurayou2.lot-lot.com/image/32/2025/01/31dc9e63f1aa528f445159acf7addcb4.jpg,https://aurayou2.lot-lot.com/image/32/2025/01/31dc9e63f1aa528f445159acf7addcb4.jpg|https://aurayou2.lot-lot.com/image/32/2025/01/bbf2b3a859309b736de9e1f82bb5640c.jpg|https://aurayou2.lot-lot.com/image/32/2025/01/6ed692f30ea2d926f75a3684ede57b66.jpg|https://aurayou2.lot-lot.com/image/32/2025/01/9dacd2c96368fcc53319754c22616b1c.jpg|https://aurayou2.lot-lot.com/image/32/2025/01/64d80a27b0696b25b85b4d91ee22b3de.jpg|https://aurayou2.lot-lot.com/image/32/2025/01/6f365d1b5a785b6edf89188fa9d8b337.jpg,▫️▪️紫兔毛手串 - 材质：紫兔毛 尺寸：9mm,831|832|833|834|845|846|849|852|854|855|857|860|863|907
291,7624,闪灵钻银曜石爱心手串BAC1019,198.00,https://aurayou2.lot-lot.com/image/32/2025/03/56bcf5da765ad9cc871df739cc842414.jpg,https://aurayou2.lot-lot.com/image/32/2025/03/56bcf5da765ad9cc871df739cc842414.jpg|https://aurayou2.lot-lot.com/image/32/2025/03/317bbdba7da21a2c0d119070e614fa1b.jpg|https://aurayou2.lot-lot.com/image/32/2025/03/798d201a20b1c5b3664545f3c6eff8c2.jpg|https://aurayou2.lot-lot.com/image/32/2025/03/1217cb79234ed591e1f00bb6f44dc9bc.jpg|https://aurayou2.lot-lot.com/image/32/2025/03/4a6dadb61f8a34cd969be9ea6ed7fd41.jpg|https://aurayou2.lot-lot.com/image/32/2025/03/eb639c545d9299d365161140286828ed.jpg,▫️▪️闪灵钻银曜石爱心手串 - 材质：闪灵钻，银曜石爱心 尺寸：11mm,831|832|833|834|845|847|849|850|851|852|853|854|859|862|866|908|1054|1187
292,5786,闪灵粉水晶黄水晶手串BAC761,206.00,https://aurayou2.lot-lot.com/image/32/2025/01/54ed6349c7c5eb875e6c17c99b437f80.jpg,https://aurayou2.lot-lot.com/image/32/2025/01/54ed6349c7c5eb875e6c17c99b437f80.jpg|https://aurayou2.lot-lot.com/image/32/2025/01/03852411e22af471104540acc2b8b979.jpg|https://aurayou2.lot-lot.com/image/32/2025/01/edb50de768d0e7b738f9a45cf92f1dc1.jpg|https://aurayou2.lot-lot.com/image/32/2025/01/1bd1faec40ca246b40f5a68a1d8b54bc.jpg|https://aurayou2.lot-lot.com/image/32/2025/01/4f2a0f4643ea60bfcb2dbe84614e93cc.jpg|https://aurayou2.lot-lot.com/image/32/2025/01/00066313c0034111cb2757a2b1052971.jpg,▫️▪️闪灵粉水晶黄水晶手串 - 材质：闪灵、粉水晶、黄水晶、白水晶 尺寸：10-12mm,831|832|833|834|845|846|847|848|849|850|851|852|853|854|855|858|860|862|908
293,5707,闪灵紫水晶手串BAC670,355.00,https://aurayou2.lot-lot.com/image/32/2025/01/f9de387ee8a4d0b7115d816d730b6bb5.jpg,https://aurayou2.lot-lot.com/image/32/2025/01/f9de387ee8a4d0b7115d816d730b6bb5.jpg|https://aurayou2.lot-lot.com/image/32/2025/01/bf6359b1354e1d07bc03dc31ae72cc38.jpg|https://aurayou2.lot-lot.com/image/32/2025/01/f1f923a28bf1050454b9d74e24a24778.jpg|https://aurayou2.lot-lot.com/image/32/2025/01/c77d94443fe9c8fc077c3119430a1a3e.jpg|https://aurayou2.lot-lot.com/image/32/2025/01/693f4563facc39d8abd545c2a8fa67e1.jpg|https://aurayou2.lot-lot.com/image/32/2025/01/83bee4e3053f4d59f2e73f3fb79a24bc.jpg,▫️▪️闪灵紫水晶手串 - 材质：闪灵、紫水晶 尺寸：16mm,831|832|833|834|847|850|851|852|853|859|861|908
294,7962,黑发晶海蓝宝手串BAC1086,308.00,https://aurayou2.lot-lot.com/image/32/2025/05/2b7cacac1f21995377cade23f25c9aad.jpg,https://aurayou2.lot-lot.com/image/32/2025/05/2b7cacac1f21995377cade23f25c9aad.jpg|https://aurayou2.lot-lot.com/image/32/2025/05/e546c7736e9d73a234469ffe5833c5ac.jpg|https://aurayou2.lot-lot.com/image/32/2025/05/ff4d729be219fa810ae83a99a8349e06.jpg|https://aurayou2.lot-lot.com/image/32/2025/05/1b4e10da0eb8a60042500273a3efd487.jpg|https://aurayou2.lot-lot.com/image/32/2025/05/7add7b85b5b1fab4d1d40888073cd7a9.jpg|https://aurayou2.lot-lot.com/image/32/2025/05/bab06d01233017209c351e00b45a921b.jpg,▫️▪️黑发晶海蓝宝手串 - 材质&尺寸：黑发晶11mm+，海蓝宝15mm+,831|832|833|834|845|846|847|849|850|851|852|853|859|862|909|1054|1226
295,7611,黑发晶紫云母紫晶手串BAC1018,182.00,https://aurayou2.lot-lot.com/image/32/2025/03/326f5942d9f43b893f69f376ebe2834c.jpg,https://aurayou2.lot-lot.com/image/32/2025/03/326f5942d9f43b893f69f376ebe2834c.jpg|https://aurayou2.lot-lot.com/image/32/2025/03/e1e29ec35fc46c45058269f22845658c.jpg|https://aurayou2.lot-lot.com/image/32/2025/03/4bb352df5adc27b31de5b225537da8d7.jpg|https://aurayou2.lot-lot.com/image/32/2025/03/8a03ad6b1d7bafa3eb772a15a96be09d.jpg|https://aurayou2.lot-lot.com/image/32/2025/03/20baa9abe57cce812dd2b941433ae9c5.jpg|https://aurayou2.lot-lot.com/image/32/2025/03/20d3ba559feb0a6747ad9fd89759a041.jpg,▫️▪️黑发晶紫云母紫晶手串 - 材质：黑发晶，紫水晶，紫云母 尺寸：8mm,831|832|833|834|845|846|847|849|850|851|852|854|859|862|863|909|1054|1186
296,8347,黑曜石透石膏手串BAC111x,95.00,https://aurayou2.lot-lot.com/image/32/2025/06/d6a3348b2747e2be11e0ca0a8eab39c0.jpg,https://aurayou2.lot-lot.com/image/32/2025/06/d6a3348b2747e2be11e0ca0a8eab39c0.jpg|https://aurayou2.lot-lot.com/image/32/2025/06/d0fdb48d836e049a673edeea76c73e35.jpg|https://aurayou2.lot-lot.com/image/32/2025/06/6309a30b779f216bf267f132913f8f7c.jpg|https://aurayou2.lot-lot.com/image/32/2025/06/adfc418d479c3369a27be395243524d7.jpg|https://aurayou2.lot-lot.com/image/32/2025/06/80581cc7757e48634beb05b14c403c54.jpg|https://aurayou2.lot-lot.com/image/32/2025/06/9a6b0a2817e1f642779b9284f389e1cd.jpg,▫️▪️黑曜石透石膏手串 - 材质&尺寸：黑曜石8.5mm，石膏8-8.5mm,831|832|833|834|845|849|850|851|854|860|865|927|1054|1679
297,7790,金曜石黑曜石蓝晶手串BAC1080,199.00,https://aurayou2.lot-lot.com/image/32/2025/04/623d93532aa2be91fe54281f5dc2e1c9.jpg,https://aurayou2.lot-lot.com/image/32/2025/04/623d93532aa2be91fe54281f5dc2e1c9.jpg|https://aurayou2.lot-lot.com/image/32/2025/04/ff72290c370a6580ce8c39ff88783527.jpg|https://aurayou2.lot-lot.com/image/32/2025/04/e2fb4929fae26c2e9877604b491a2aec.jpg|https://aurayou2.lot-lot.com/image/32/2025/04/5b5074b4162f56d3af425088b9cd427f.jpg|https://aurayou2.lot-lot.com/image/32/2025/04/f08e66bf1c3a61c07a676706aa02946b.jpg|https://aurayou2.lot-lot.com/image/32/2025/04/cd7f97d15a8d30b21b6ac99a70f5e6e2.jpg,▫️▪️金曜石黑曜石蓝晶手串 - 材质&尺寸：金曜石16mm，黑曜石20mm，蓝晶13.5-14mm,831|833|845|846|847|849|850|851|852|854|911|927|1054|1208
298,8308,银曜石灰月光多圈手串BAC163x,75.00,https://aurayou2.lot-lot.com/image/32/2025/06/81249729be47fa301c33c7801952ca5a.jpg,https://aurayou2.lot-lot.com/image/32/2025/06/81249729be47fa301c33c7801952ca5a.jpg|https://aurayou2.lot-lot.com/image/32/2025/06/25aafb365668efc446814b5417a802fb.jpg|https://aurayou2.lot-lot.com/image/32/2025/06/c1c0b07805dc7933a0fd437709988996.jpg|https://aurayou2.lot-lot.com/image/32/2025/06/e5bb65f0fef25f04009e40fb37e33668.jpg|https://aurayou2.lot-lot.com/image/32/2025/06/ba24d8b33b7031abc4aba7393c8e722e.jpg|https://aurayou2.lot-lot.com/image/32/2025/06/9113f3b70999c7ca09937a39af2cf2cf.jpg,▫️▪️银曜石灰月光多圈手串 - 材质&尺寸：银曜石6mm/8mm，灰月光8.5mm,831|832|833|834|845|849|850|851|852|854|860|863|865|912|1054|1623
299,7795,白水晶银曜石鹰眼石手串BAC620x,90.00,https://aurayou2.lot-lot.com/image/32/2025/04/c0f0d12c1551386cc45b7cca456e7784.jpg,https://aurayou2.lot-lot.com/image/32/2025/04/c0f0d12c1551386cc45b7cca456e7784.jpg|https://aurayou2.lot-lot.com/image/32/2025/04/3dafdf2f9065504c495ec6b366c6c48d.jpg|https://aurayou2.lot-lot.com/image/32/2025/04/47c945892d246c420225bb25e83e71ce.jpg|https://aurayou2.lot-lot.com/image/32/2025/04/def672347227514607f2b3394f8e2ce3.jpg|https://aurayou2.lot-lot.com/image/32/2025/04/d9b68b604a13f05405242055f6666e84.jpg|https://aurayou2.lot-lot.com/image/32/2025/04/c51d0e507601f21fcda601361c6639c6.jpg,▫️▪️白水晶银曜石鹰眼石手串 - 材质&尺寸：白水晶约6mm，银曜石约6mm，鹰眼石约8-8.5mm,831|832|833|834|845|847|849|850|851|852|853|854|860|865|912|915|1054|1208
300,7609,银曜石黑金超手串BAC1002,55.00,https://aurayou2.lot-lot.com/image/32/2025/03/cd7a29e0b94573a89b9bb6fcb543245c.jpg,https://aurayou2.lot-lot.com/image/32/2025/03/cd7a29e0b94573a89b9bb6fcb543245c.jpg|https://aurayou2.lot-lot.com/image/32/2025/03/bfb1aae8f7f3a3da99b53d8f026e8c2f.jpg|https://aurayou2.lot-lot.com/image/32/2025/03/5f1e4d8d0c1b9d05163dc360af97150f.jpg|https://aurayou2.lot-lot.com/image/32/2025/03/fba381d1ee6f1c2cc26b3f59df165153.jpg|https://aurayou2.lot-lot.com/image/32/2025/03/79a7ab8cb68916ee4f166bc6c6cf07dc.jpg|https://aurayou2.lot-lot.com/image/32/2025/03/5658f45a51c592ee552e9e31be16043a.jpg,▫️▪️银曜石黑金超手串 - 材质：银曜石，黑金超 尺寸：10mm、顶珠11mm,831|832|833|834|845|846|849|850|851|852|854|860|862|912|1054|1186
301,6940,银曜石黑发晶手串BAC1001,82.00,https://aurayou2.lot-lot.com/image/32/2025/03/5b6fb64c258c0d1b1f250a0d59fd9f04.jpg,https://aurayou2.lot-lot.com/image/32/2025/03/5b6fb64c258c0d1b1f250a0d59fd9f04.jpg|https://aurayou2.lot-lot.com/image/32/2025/03/de1f505fb1b0d7365612f7d868201b3e.jpg|https://aurayou2.lot-lot.com/image/32/2025/03/43859043953a5c93be5e5fa829ccd253.jpg|https://aurayou2.lot-lot.com/image/32/2025/03/0dc7ad19e7b9581071694320a2196aa5.jpg|https://aurayou2.lot-lot.com/image/32/2025/03/620d82a0e01b39f25be621725e63e30e.jpg|https://aurayou2.lot-lot.com/image/32/2025/03/7789fc79c13e6ec8493fe791f7c609ab.jpg,▫️▪️银曜石黑发晶手串 - 材质：银曜石，黑发晶 尺寸：12mm,831|832|833|834|845|846|849|850|851|853|854|858|862|912|1054|1063
302,6390,银曜石白水晶桶珠手串（男士）BAC339,138.00,https://aurayou2.lot-lot.com/image/32/2025/01/a806c3d2566b8dc959bc8e44c8d80e10.jpg,https://aurayou2.lot-lot.com/image/32/2025/01/a806c3d2566b8dc959bc8e44c8d80e10.jpg|https://aurayou2.lot-lot.com/image/32/2025/01/0edd345ed773319f22588717af9b5a0b.jpg|https://aurayou2.lot-lot.com/image/32/2025/01/91c96b79c54da38d2e7eb74234789f9e.jpg|https://aurayou2.lot-lot.com/image/32/2025/01/bf40d3fd56e8f8f54e29e67747503886.jpg|https://aurayou2.lot-lot.com/image/32/2025/01/d2e75e2ccf7b76888f6059ed95708c6b.jpg|https://aurayou2.lot-lot.com/image/32/2025/01/67567ca8dd079c072b57684893ecdb4d.jpg,▫️▪️ 银曜石白水晶桶珠手串（男士） - 材质：银曜石、白水晶桶珠 尺寸：12mm,831|834|870|912
303,6387,银曜石灰月光手串（男士）BAC628,85.00,https://aurayou2.lot-lot.com/image/32/2025/01/30e01991c7f3ff099627e1446d10a97d.jpg,https://aurayou2.lot-lot.com/image/32/2025/01/30e01991c7f3ff099627e1446d10a97d.jpg|https://aurayou2.lot-lot.com/image/32/2025/01/112b6ba6fc6e23fc4f87df71113b3ed2.jpg|https://aurayou2.lot-lot.com/image/32/2025/01/7e5534f26ad354cf8d2c2c4f1f4ad321.jpg|https://aurayou2.lot-lot.com/image/32/2025/01/5f7eab3720250b3fb204e13b96940d42.jpg|https://aurayou2.lot-lot.com/image/32/2025/01/6c0ed021c839037f80efb3ebbe7f2d40.jpg|https://aurayou2.lot-lot.com/image/32/2025/01/cb660bbb0266f96b57a7c623f183c9d7.jpg,▫️▪️ 银曜石灰月光手串（男士） - 材质：银曜石、灰月光 尺寸：12mm,831|834|870|912
304,6386,银曜石手串（男士）BAA-A002,60.00,https://aurayou2.lot-lot.com/image/32/2025/01/872b953a8757f9b2ee137a9af151ca53.jpg,https://aurayou2.lot-lot.com/image/32/2025/01/872b953a8757f9b2ee137a9af151ca53.jpg|https://aurayou2.lot-lot.com/image/32/2025/01/9bc1f731a139d0a1b1d4bde08333c529.jpg|https://aurayou2.lot-lot.com/image/32/2025/01/4d7d444229d3841f2f45fcfc9c53a767.jpg|https://aurayou2.lot-lot.com/image/32/2025/01/2b8dc7aaef703a78a7f915ea17ee2780.jpg|https://aurayou2.lot-lot.com/image/32/2025/01/284485d51386aaaba5c84b682c80a27a.jpg|https://aurayou2.lot-lot.com/image/32/2025/01/b816f7774e50f23dee0d48efe904fc68.jpg,▫️▪️ 银曜石手串（男士） - 材质：银曜石 尺寸：16mm,831|834|870|912
305,9735,金曜石貔貅手串BAC1105,146.00,https://aurayou2.lot-lot.com/image/32/2025/09/233a5cf796b0a8d1a784909309e6f646.jpg,https://aurayou2.lot-lot.com/image/32/2025/09/233a5cf796b0a8d1a784909309e6f646.jpg|https://aurayou2.lot-lot.com/image/32/2025/09/09a3cdff54115666c3592c491fc01da5.jpg|https://aurayou2.lot-lot.com/image/32/2025/09/478bf150dabdb3db01a9574669500473.jpg|https://aurayou2.lot-lot.com/image/32/2025/09/cebbd995749e310cc7f79c921358daea.jpg|https://aurayou2.lot-lot.com/image/32/2025/09/f0105eeddc1d33bea5ca7f0e91622491.jpg|https://aurayou2.lot-lot.com/image/32/2025/09/9f124971eb7804208dfb81e049b5cf63.jpg,▫️▪️金曜石貔貅手串 - 尺寸：金曜石15.5mm、黄虎眼14mm、金曜石貔貅,831|832|833|834|845|846|847|850|851|852|859|861|911|1054|2180
306,8097,金曜石银曜石猫爪手串BAC1096,78.00,https://aurayou2.lot-lot.com/image/32/2025/06/cd231210bf4c9d2e0364ba9d878287a1.jpg,https://aurayou2.lot-lot.com/image/32/2025/06/cd231210bf4c9d2e0364ba9d878287a1.jpg|https://aurayou2.lot-lot.com/image/32/2025/06/7f45b3a750bd3bc1fc323645a4c0cade.jpg|https://aurayou2.lot-lot.com/image/32/2025/06/78f3cf80ebcdc1871d8f25503221b221.jpg|https://aurayou2.lot-lot.com/image/32/2025/06/8d45c31f011d9c85b6097faa91030bd6.jpg|https://aurayou2.lot-lot.com/image/32/2025/06/7a14fa82dac6631b3d3188d467796458.jpg|https://aurayou2.lot-lot.com/image/32/2025/06/1edda050cbbfc56353f640275af4ec1b.jpg,▫️▪️金曜石银曜石猫爪手串 - 材质&尺寸：金曜石8.5mm/10mm、银曜石猫爪、白玛瑙,831|832|833|834|845|849|850|851|852|854|859|863|866|911|1054|1622
307,8009,金曜石银曜石手串BAC1088,100.00,https://aurayou2.lot-lot.com/image/32/2025/05/2b89c0e52a2d629531bfe913f20f96bf.jpg,https://aurayou2.lot-lot.com/image/32/2025/05/2b89c0e52a2d629531bfe913f20f96bf.jpg|https://aurayou2.lot-lot.com/image/32/2025/05/c09d76a664a433d9d630ce0c853b7877.jpg|https://aurayou2.lot-lot.com/image/32/2025/05/3a04d0f20591080e07ac50fbe5b28870.jpg|https://aurayou2.lot-lot.com/image/32/2025/05/3f4745713775e445bff6db0992570aa8.jpg|https://aurayou2.lot-lot.com/image/32/2025/05/2928b3a6e9711a0f8f7d9b5974be81af.jpg|https://aurayou2.lot-lot.com/image/32/2025/05/dff670ca84f69644e401870ac6e3acae.jpg,▫️▪️金曜石银曜石手串 - 材质&尺寸：金曜石14mm&银曜石16mm,831|832|833|834|845|849|850|851|852|854|859|861|911|1054|1527
308,7977,金曜石银曜石手串BAC1087,70.00,https://aurayou2.lot-lot.com/image/32/2025/05/5d63132e1dfd57fffb0779402a4e2059.jpg,https://aurayou2.lot-lot.com/image/32/2025/05/5d63132e1dfd57fffb0779402a4e2059.jpg|https://aurayou2.lot-lot.com/image/32/2025/05/707bc501acaab7825d7841f18f26963d.jpg|https://aurayou2.lot-lot.com/image/32/2025/05/79b020a345eb160710de0222638e3e85.jpg|https://aurayou2.lot-lot.com/image/32/2025/05/391b78f0422bda3e37bc8bd1a3154204.jpg|https://aurayou2.lot-lot.com/image/32/2025/05/37636e8394b94657c3f568cea0c444d5.jpg|https://aurayou2.lot-lot.com/image/32/2025/05/2e9ed609f18ed4583f9345ca0d636c6c.jpg,▫️▪️金曜石银曜石手串 材质：金曜石、银曜石爱心 尺寸：8.5mm,831|832|833|834|845|849|850|851|852|854|859|863|866|911|1054|1227
309,7622,金曜石单圈手串BAC1000,62.00,https://aurayou2.lot-lot.com/image/32/2025/03/ba8bcd3821a3c66fa5a0df469cf2cede.jpg,https://aurayou2.lot-lot.com/image/32/2025/03/ba8bcd3821a3c66fa5a0df469cf2cede.jpg|https://aurayou2.lot-lot.com/image/32/2025/03/62bc942f71c2f9ad43b8ed3860bf7cbf.jpg|https://aurayou2.lot-lot.com/image/32/2025/03/03643b845f3da2f1cfef61fe6c6e1795.jpg|https://aurayou2.lot-lot.com/image/32/2025/03/43cb210bdd7f4ae5d84a1114d526d0d9.jpg|https://aurayou2.lot-lot.com/image/32/2025/03/c8bfb46b414dbfd208456d9875c15d8d.jpg|https://aurayou2.lot-lot.com/image/32/2025/03/5bee92e6a6ea342ca84f4d74a28c9370.jpg,▫️▪️金曜石单圈手串 - 材质：金曜石 尺寸：10mm,831|832|833|834|845|849|850|851|852|860|862|911|1054|1187
310,6398,金曜石海蓝宝手串（男士）BAC496,100.00,https://aurayou2.lot-lot.com/image/32/2025/01/cacbf9dce5b1f42660f33e87cc261f25.jpg,https://aurayou2.lot-lot.com/image/32/2025/01/cacbf9dce5b1f42660f33e87cc261f25.jpg|https://aurayou2.lot-lot.com/image/32/2025/01/e127a889aaab84da3edc95cf57e9bde6.jpg|https://aurayou2.lot-lot.com/image/32/2025/01/affd7c4eea4387a2be8059c5402c85f3.jpg|https://aurayou2.lot-lot.com/image/32/2025/01/cfb6f3fdf65bb64a806359eb99828c00.jpg|https://aurayou2.lot-lot.com/image/32/2025/01/6f983ed928e4cb47c16050723677def3.jpg|https://aurayou2.lot-lot.com/image/32/2025/01/85dcc8e6f815e0d6d42fec54fdde7707.jpg,▫️▪️ 金曜石海蓝宝手串（男士） - 材质：金曜石、海蓝宝 尺寸：14mm,831|834|870|911
311,6389,金曜石黄水晶貔貅手串（男士）BAC230,90.00,https://aurayou2.lot-lot.com/image/32/2025/01/f4fda40d77eedb165a9d06596127c3d9.jpg,https://aurayou2.lot-lot.com/image/32/2025/01/f4fda40d77eedb165a9d06596127c3d9.jpg|https://aurayou2.lot-lot.com/image/32/2025/01/ac87754dc711d4401361fe4d156582f8.jpg|https://aurayou2.lot-lot.com/image/32/2025/01/f450dcaf213b65294e1c894b68cf0710.jpg|https://aurayou2.lot-lot.com/image/32/2025/01/d959a49fd0382d56f5011535a95ada90.jpg|https://aurayou2.lot-lot.com/image/32/2025/01/9a5dcbdce550c922f14e1120dfec6f6c.jpg|https://aurayou2.lot-lot.com/image/32/2025/01/cad39edd1e0d780e03dfdc448ab8b6fe.jpg,▫️▪️ 金曜石黄水晶貔貅手串（男士） - 材质：金曜石、黄水晶貔貅 尺寸：12mm,831|834|870|911
312,8630,金骨干黑金超手串BAC713x,182.00,https://aurayou2.lot-lot.com/image/32/2025/07/1d472e26462e528d870b9d3e42a07aab.jpg,https://aurayou2.lot-lot.com/image/32/2025/07/e14e787b48a0a6b85b8b4fbd0be63c2a.jpg|https://aurayou2.lot-lot.com/image/32/2025/07/f47e57f9a3d9de209fcc84687e2eef7b.jpg|https://aurayou2.lot-lot.com/image/32/2025/07/178dd077413772eedeb3c559916e30c7.jpg|https://aurayou2.lot-lot.com/image/32/2025/07/1e0d6e822a59b6c189081474777886c4.jpg|https://aurayou2.lot-lot.com/image/32/2025/07/110d0757efaa252d4b5ed038244acb26.jpg,▫️▪️金骨干黑金超手串 - 材质&尺寸：金骨干8.5-9mm，黑金超约11mm,831|832|833|834|845|846|851|852|855|863|976|1054|1690
313,7829,黑金骨干蓝晶石手串BAC1081,225.00,https://aurayou2.lot-lot.com/image/32/2025/04/1f1265fb74d60101465f7d3d2501d25d.jpg,https://aurayou2.lot-lot.com/image/32/2025/04/1f1265fb74d60101465f7d3d2501d25d.jpg|https://aurayou2.lot-lot.com/image/32/2025/04/c34e522019b998e00b7fc3628b9c6741.jpg|https://aurayou2.lot-lot.com/image/32/2025/04/c89916a97c7042c3d3a6bc32e0e0f792.jpg|https://aurayou2.lot-lot.com/image/32/2025/04/d84a56f66c69d8ca4ae763e7b79b2bef.jpg|https://aurayou2.lot-lot.com/image/32/2025/04/26582c45c261c9e0909f57f949383023.jpg|https://aurayou2.lot-lot.com/image/32/2025/04/132e443f005f54019a9f4119db792b35.jpg,▫️▪️黑金骨干蓝晶石手串 - 材质：黑金骨干、蓝晶石 尺寸：13-14mm,831|832|833|834|846|847|849|851|852|859|862|976|1054|1209
314,7655,金骨干银曜石兔子手串BAC1004,165.00,https://aurayou2.lot-lot.com/image/32/2025/04/26cfa504143dcc4d081a510365520ccb.jpg,https://aurayou2.lot-lot.com/image/32/2025/04/26cfa504143dcc4d081a510365520ccb.jpg|https://aurayou2.lot-lot.com/image/32/2025/04/5b7baaf8df38928da0d048ee8c14f791.jpg|https://aurayou2.lot-lot.com/image/32/2025/04/5dbde78be39a1663759091339528570f.jpg|https://aurayou2.lot-lot.com/image/32/2025/04/757fe4398e30f4b0389c18b12ee3dd30.jpg|https://aurayou2.lot-lot.com/image/32/2025/04/f31675db632133fe103d0255c1a6793b.jpg|https://aurayou2.lot-lot.com/image/32/2025/04/b33b9296a027d01999ff5aff3e0653cf.jpg,▫️▪️金骨干银曜石兔子手串 - 材质：金骨干，银曜石月兔 尺寸：11mm,831|832|833|834|845|849|850|851|852|854|859|860|862|866|976|1054|1188
315,7623,金骨干海蓝宝红胶花手串BAC1013,162.00,https://aurayou2.lot-lot.com/image/32/2025/03/d32a8968267b1a2926fb3b639d237cd8.jpg,https://aurayou2.lot-lot.com/image/32/2025/03/d32a8968267b1a2926fb3b639d237cd8.jpg|https://aurayou2.lot-lot.com/image/32/2025/03/07012f4faeeb5c5dd1f31c986d090c4a.jpg|https://aurayou2.lot-lot.com/image/32/2025/03/f1ec20428f7fe3f3a2846d68d63a7d87.jpg|https://aurayou2.lot-lot.com/image/32/2025/03/754eacfc07e04b6dfbf02415ee5186be.jpg|https://aurayou2.lot-lot.com/image/32/2025/03/85a4e015d7a541340a151a5ac2b47e5e.jpg|https://aurayou2.lot-lot.com/image/32/2025/03/c7ead6ea70fa33342c7d0506499408e8.jpg,▫️▪️金骨干海蓝宝红胶花手串 - 材质：金骨干，海蓝宝，红胶花 尺寸：9mm,831|832|833|834|847|849|850|851|852|854|858|863|976|1054|1187
316,7610,金骨干黄塔晶粉晶方糖手串BAC1009,246.00,https://aurayou2.lot-lot.com/image/32/2025/03/260810553ac64c075699ebdfccdd59f6.jpg,https://aurayou2.lot-lot.com/image/32/2025/03/260810553ac64c075699ebdfccdd59f6.jpg|https://aurayou2.lot-lot.com/image/32/2025/03/19e3cf22c83eeddbb59999c2cba880cd.jpg|https://aurayou2.lot-lot.com/image/32/2025/03/5f98cd89abf1e630da795422c63ef4c5.jpg|https://aurayou2.lot-lot.com/image/32/2025/03/ef82e324213b8dd0631b267c79e6b2e5.jpg|https://aurayou2.lot-lot.com/image/32/2025/03/8b81952cd6a839d3014c2cc0364a37dd.jpg|https://aurayou2.lot-lot.com/image/32/2025/03/b3d7f2f31b3e46017e8f445dd8c2fbcd.jpg,▫️▪️金骨干黄塔晶粉晶方糖手串 - 材质：金骨干，黄塔晶，粉晶方糖 尺寸：11mm,831|832|833|834|845|846|848|849|851|852|854|858|862|976|1054|1186
317,6941,金骨干单圈手串BAC1010,155.00,https://aurayou2.lot-lot.com/image/32/2025/03/2a6a0282beff8f552f42ee065c4d3aff.jpg,https://aurayou2.lot-lot.com/image/32/2025/03/2a6a0282beff8f552f42ee065c4d3aff.jpg|https://aurayou2.lot-lot.com/image/32/2025/03/23fbf1e57380946c0e4935290382fc4c.jpg|https://aurayou2.lot-lot.com/image/32/2025/03/59cc053d1e979f98e389490733c8f363.jpg|https://aurayou2.lot-lot.com/image/32/2025/03/b7707ca17968aad8b5f9eb248184d314.jpg|https://aurayou2.lot-lot.com/image/32/2025/03/8e302250f62a3503fc3ace5f39784f6b.jpg|https://aurayou2.lot-lot.com/image/32/2025/03/2cbde2ab184e7c0545bede970b917fbf.jpg,▫️▪️金骨干单圈手串 - 材质：金骨干 尺寸：10mm,831|832|833|834|851|852|858|862|976|1054|1063
318,6438,奶茶骨干手串BAC919,298.00,https://aurayou2.lot-lot.com/image/32/2025/01/316add7eb0989641b18eb8c326273e28.jpg,https://aurayou2.lot-lot.com/image/32/2025/01/316add7eb0989641b18eb8c326273e28.jpg|https://aurayou2.lot-lot.com/image/32/2025/01/2568ef5653ebac2d59300a624282bc0e.jpg|https://aurayou2.lot-lot.com/image/32/2025/01/1c4d3ae20aff56b7d134447aa67648c2.jpg|https://aurayou2.lot-lot.com/image/32/2025/01/800295b47b7fb3648943f573b251f3f5.jpg|https://aurayou2.lot-lot.com/image/32/2025/01/44eb68fb6ceab7f5e5ead6cea2765f16.jpg|https://aurayou2.lot-lot.com/image/32/2025/01/90f190a9f81f207f3325643fae35b755.jpg,▫️▪️奶茶骨干手串 - 材质：奶茶骨干 尺寸：13mm,831|832|833|834|846|851|852|858|862|976
319,9734,白水晶黄水晶手串BAC536,405.00,https://aurayou2.lot-lot.com/image/32/2025/09/4080e110e79c7b4c36203f1dc25711d0.jpg,https://aurayou2.lot-lot.com/image/32/2025/09/4080e110e79c7b4c36203f1dc25711d0.jpg|https://aurayou2.lot-lot.com/image/32/2025/09/2fbe8e50157e603aab57b5a70ecf2850.jpg|https://aurayou2.lot-lot.com/image/32/2025/09/6104483b12d43c1e8761aee1f45f0c91.jpg|https://aurayou2.lot-lot.com/image/32/2025/09/ce08a3015633f3c46fe15f9c91a9e2d8.jpg|https://aurayou2.lot-lot.com/image/32/2025/09/6468872ee0f5fb04f3df85fdea89f286.jpg|https://aurayou2.lot-lot.com/image/32/2025/09/a534586997f7441cffd90bda1ec67188.jpg,▫️▪️白水晶黄水晶手串 - 尺寸：白水晶13.5mm、黄水晶14mm、白水晶跑环4.5mm,831|832|833|834|845|846|847|849|851|852|853|854|855|861|915|1054|2180
320,9733,白水晶多圈手串BAC1254,350.00,https://aurayou2.lot-lot.com/image/32/2025/09/e54b8ea9f403cfefc7d14eef1c74d815.jpg,https://aurayou2.lot-lot.com/image/32/2025/09/e54b8ea9f403cfefc7d14eef1c74d815.jpg|https://aurayou2.lot-lot.com/image/32/2025/09/bac770591300c0465dc7fa499b46acc9.jpg|https://aurayou2.lot-lot.com/image/32/2025/09/56c7361ac1055df239ae35bd5e8d4e80.jpg|https://aurayou2.lot-lot.com/image/32/2025/09/b0964b48a446ea96845b228dec9e1cd0.jpg|https://aurayou2.lot-lot.com/image/32/2025/09/a38a068522c7215839f1ae30390c1ff5.jpg|https://aurayou2.lot-lot.com/image/32/2025/09/dc2c7f87adc49dbe0f06d9db9800ef1a.jpg,▫️▪️白水晶多圈手串 - 尺寸：白水晶6mm、南红玛瑙10mm/7mm、蜜蜡配件、绿松石貔貅、绿松石隔片,831|832|833|834|845|847|849|850|851|852|853|854|858|863|865|915|1054|2180
321,9685,天秤座｜平衡气场手串BAC1301,306.00,https://aurayou2.lot-lot.com/image/32/2025/08/cff17b7404636ca39eb375b0dce53fd1.jpg,https://aurayou2.lot-lot.com/image/32/2025/08/cff17b7404636ca39eb375b0dce53fd1.jpg|https://aurayou2.lot-lot.com/image/32/2025/08/b28ca21ce647372c99aef9a40fdffdbe.jpg|https://aurayou2.lot-lot.com/image/32/2025/08/6b35f38a4fa218c95fd389ffb3eb8a03.jpg|https://aurayou2.lot-lot.com/image/32/2025/08/4f1e903a6750ec639e4bbd2e9c2eb871.jpg|https://aurayou2.lot-lot.com/image/32/2025/08/3d357030ef5d5d31486c30a2c64b667d.jpg|https://aurayou2.lot-lot.com/image/32/2025/08/a7a5e7dcfd5e9a9afd748112434abb5c.jpg,▫️▪️**【天秤座｜平衡气场手串】** &nbsp; 粉水晶 紫水晶 金虎眼 草莓晶 海蓝宝 红胶花 白水晶梅尔卡巴 尺寸：小珠6-8m、大珠9-10m,831|832|833|834|845|846|847|848|849|850|851|852|853|854|858|915|1054|2058|2173
322,8832,白水晶紫水晶手串BAC1307,89.00,https://aurayou2.lot-lot.com/image/32/2025/07/8fda2efea27c786aaacf29b5971e0f9d.jpg,https://aurayou2.lot-lot.com/image/32/2025/07/8fda2efea27c786aaacf29b5971e0f9d.jpg|https://aurayou2.lot-lot.com/image/32/2025/07/df506241fc57bbce66011356aaca6058.jpg|https://aurayou2.lot-lot.com/image/32/2025/07/8354454000feccfe08fc4bf6918c0180.jpg|https://aurayou2.lot-lot.com/image/32/2025/07/276683cfeb0dfedeed7c43731a50034c.jpg|https://aurayou2.lot-lot.com/image/32/2025/07/fffc80ef6adb6785b9fd6db91b95b0a4.jpg|https://aurayou2.lot-lot.com/image/32/2025/07/40a7019dbf97aacc1f0a274ee765bd14.jpg,▫️▪️白水晶紫水晶手串 - 材质&尺寸：白水晶8mm， 紫水晶8mm,831|832|833|834|846|847|849|850|851|852|853|855|863|915|1054|1801
323,8831,白水晶海蓝宝多圈手串BAC1107x,182.00,https://aurayou2.lot-lot.com/image/32/2025/07/2224675715cab79dadb3c61a8b063b05.jpg,https://aurayou2.lot-lot.com/image/32/2025/07/2224675715cab79dadb3c61a8b063b05.jpg|https://aurayou2.lot-lot.com/image/32/2025/07/327b52f236c01015c71a58389d0c3b25.jpg|https://aurayou2.lot-lot.com/image/32/2025/07/4b7d25f3fc5483adbf7e0f4fe7e79346.jpg|https://aurayou2.lot-lot.com/image/32/2025/07/c98c9d8cbccedc54f7f45b11f9af3697.jpg|https://aurayou2.lot-lot.com/image/32/2025/07/3b0bd40e53ff5c6447984523fdb1417c.jpg|https://aurayou2.lot-lot.com/image/32/2025/07/ea410b0af86ab839accb634e7e799158.jpg,▫️▪️白水晶海蓝宝多圈手串 - 材质&尺寸：白水晶6.5mm，海蓝宝7mm， 海蓝宝顶珠11mm,831|832|833|834|847|849|851|852|853|855|863|865|915|1054|1801
324,8690,白水晶紫水晶手串BAC1103x,169.00,https://aurayou2.lot-lot.com/image/32/2025/07/feb130c7ab7edd3a9d6a4e44561b744c.jpg,https://aurayou2.lot-lot.com/image/32/2025/07/feb130c7ab7edd3a9d6a4e44561b744c.jpg|https://aurayou2.lot-lot.com/image/32/2025/07/32dfdc28eb11e8634dc47f5079315256.jpg|https://aurayou2.lot-lot.com/image/32/2025/07/4302c5fbe3b377f88b6f60bc0c627e50.jpg|https://aurayou2.lot-lot.com/image/32/2025/07/c187407d1417759e6bdac7ed60d11b24.jpg|https://aurayou2.lot-lot.com/image/32/2025/07/3e33edcb4421f9dd8fd26a120617021a.jpg|https://aurayou2.lot-lot.com/image/32/2025/07/680a55610a1a6d90b2781b28a5cdb9fd.jpg,"▫️▪️白水晶紫水晶手串 - 材质&尺寸：白水晶6mm,深紫10mm,浅紫9mm,贝珠5mm",831|832|833|834|846|847|849|850|851|852|853|855|863|865|915|1054|1799
325,8349,白水晶貔貅手串BAC709x,208.00,https://aurayou2.lot-lot.com/image/32/2025/06/b6e5074a16f32eb42d6e7b7e3ac089a0.jpg,https://aurayou2.lot-lot.com/image/32/2025/06/b6e5074a16f32eb42d6e7b7e3ac089a0.jpg|https://aurayou2.lot-lot.com/image/32/2025/06/84ea1dfbbc48c83c7d8ef0cdea0167c6.jpg|https://aurayou2.lot-lot.com/image/32/2025/06/f3d2a1f121eaaea36c6f7ef95c011fb7.jpg|https://aurayou2.lot-lot.com/image/32/2025/06/dbf0b7970ab29914169b8bbaa6368bc1.jpg|https://aurayou2.lot-lot.com/image/32/2025/06/c28baa5a3919f146fb43f8eec332ee0b.jpg|https://aurayou2.lot-lot.com/image/32/2025/06/e711bd28abf08f24d1843213bb1d5456.jpg,▫️▪️白水晶貔貅手串 - 材质&尺寸：白水晶约8.5mm，海蓝宝/紫水晶/黄水晶/粉水晶貔貅约15*10mm，黑金超貔貅约11.5mm,831|832|833|834|845|846|847|848|849|850|851|852|853|854|857|862|866|915|1054|1526|1679
326,7980,白水晶海蓝宝手串BAC338x,173.00,https://aurayou2.lot-lot.com/image/32/2025/05/fa05e1fa3695ab068ddc90a16a612ef7.jpg,https://aurayou2.lot-lot.com/image/32/2025/05/fa05e1fa3695ab068ddc90a16a612ef7.jpg|https://aurayou2.lot-lot.com/image/32/2025/05/462dd7e02ea09c978df16126a9fe1c74.jpg|https://aurayou2.lot-lot.com/image/32/2025/05/a09ac5413fd28ce5e0b78b7c6a331cc4.jpg|https://aurayou2.lot-lot.com/image/32/2025/05/3cc7ef6284a16bf78e4b657c3306452f.jpg|https://aurayou2.lot-lot.com/image/32/2025/05/e1a31790f731263fe654be0a3e8a054a.jpg|https://aurayou2.lot-lot.com/image/32/2025/05/717461ed7bed571e2278456e419ffc89.jpg,▫️▪️白水晶海蓝宝手串 - 材质&尺寸：白水晶约10mm，海蓝宝约12mm,831|832|833|834|847|849|851|852|853|855|862|915|1054|1227
327,7960,粉水晶白水晶白幽灵手串BAC1071,150.00,https://aurayou2.lot-lot.com/image/32/2025/05/ce13d66fa55e9b52f3bee9220431c81c.jpg,https://aurayou2.lot-lot.com/image/32/2025/05/ce13d66fa55e9b52f3bee9220431c81c.jpg|https://aurayou2.lot-lot.com/image/32/2025/05/3780cac4f8c870b19dc538f3360aca03.jpg|https://aurayou2.lot-lot.com/image/32/2025/05/eca6e4fd77e65524d2d7df64553cd549.jpg|https://aurayou2.lot-lot.com/image/32/2025/05/e15cf7ee2ad10ccfc47390e32340db88.jpg|https://aurayou2.lot-lot.com/image/32/2025/05/c7bad4f65c85dcb848c298f4a00d5e4d.jpg|https://aurayou2.lot-lot.com/image/32/2025/05/e6adb71cfdc1cf9062f28f58506a12b9.jpg,▫️▪️粉水晶白水晶白幽灵手串 - 材质：粉水晶、白水晶（含随形）、白幽灵 尺寸：11-12mm,831|832|833|834|845|846|847|848|849|851|852|853|857|862|915|1054|1226
328,7833,白水晶白幽灵手串BAC392x,158.00,https://aurayou2.lot-lot.com/image/32/2025/04/71c4c5f84ab1548504419a3247579015.jpg,https://aurayou2.lot-lot.com/image/32/2025/04/71c4c5f84ab1548504419a3247579015.jpg|https://aurayou2.lot-lot.com/image/32/2025/04/5f3040a349ec659181441b6b9de8dd5a.jpg|https://aurayou2.lot-lot.com/image/32/2025/04/d0e5d8cc3e657205f369d33cb4a68014.jpg|https://aurayou2.lot-lot.com/image/32/2025/04/577d05156b607689ec1dee975eec2fae.jpg|https://aurayou2.lot-lot.com/image/32/2025/04/8ba3c92ea209a760508eddddb3d693b2.jpg|https://aurayou2.lot-lot.com/image/32/2025/04/52b80f1240bc36c12518f17a839fd065.jpg,▫️▪️白水晶白幽灵手串 - 材质&尺寸：白水晶约6mm，白水晶约12mm，白幽灵约8mm，白水晶刻面方糖,831|832|833|834|845|846|847|849|851|852|853|857|863|865|915|917|1054|1209
329,7828,白水晶多宝手串BAC1076,335.00,https://aurayou2.lot-lot.com/image/32/2025/04/e00e2344f73408dd7de8185ac94216e0.jpg,https://aurayou2.lot-lot.com/image/32/2025/04/e00e2344f73408dd7de8185ac94216e0.jpg|https://aurayou2.lot-lot.com/image/32/2025/04/f8d3d1f393a1a113414869ebfbacd6a6.jpg|https://aurayou2.lot-lot.com/image/32/2025/04/3c9147910ee522b43a67cb1e22fc09a1.jpg|https://aurayou2.lot-lot.com/image/32/2025/04/012b1065837c779d23233034b00d1c2d.jpg|https://aurayou2.lot-lot.com/image/32/2025/04/4b2982fb9c3a073019a509adb427d040.jpg|https://aurayou2.lot-lot.com/image/32/2025/04/3ccb9ff7e2a1bb81683742f083a220ac.jpg,▫️▪️白水晶多宝手串 - 材质&尺寸：白水晶8mm，紫粉晶12.5mm，黄塔晶11.5mm，海蓝宝12mm，草莓晶9.5mm，紫水晶随形,831|832|833|834|845|846|847|848|849|850|851|852|853|854|857|865|915|1054|1209|1526
330,7796,白水晶粉水晶翅膀手串BAC587x,146.00,https://aurayou2.lot-lot.com/image/32/2025/04/477f9e935983e2d06dc528c4f3fd837a.jpg,https://aurayou2.lot-lot.com/image/32/2025/04/477f9e935983e2d06dc528c4f3fd837a.jpg|https://aurayou2.lot-lot.com/image/32/2025/04/744f3996fb5a62ed633946f2dbe5262d.jpg|https://aurayou2.lot-lot.com/image/32/2025/04/0ba00045d66d6fe7d75d5384e3d5a67f.jpg|https://aurayou2.lot-lot.com/image/32/2025/04/911245eb7da1c6112fdb096ce552fec2.jpg|https://aurayou2.lot-lot.com/image/32/2025/04/444dd1a67de418e2f01caf3f4b96fd38.jpg|https://aurayou2.lot-lot.com/image/32/2025/04/8c3ff172506c63baafaa00982392d4d3.jpg,▫️▪️白水晶粉水晶翅膀手串 - 材质&尺寸：白水晶刻面圆珠约10mm，粉晶约11mm，白水晶蝴蝶翅膀,831|832|833|834|847|848|849|851|852|853|857|862|866|915|1054|1208
331,7717,【五行C款】🌊✨五行系列｜水系手串BAC1134,178.00,https://aurayou2.lot-lot.com/image/32/2025/04/28d3b339c6f427a0aad70ba625fc9263.jpg,https://aurayou2.lot-lot.com/image/32/2025/04/28d3b339c6f427a0aad70ba625fc9263.jpg|https://aurayou2.lot-lot.com/image/32/2025/04/cfeca7ae69bba6ddbf8c5cecaf765f80.jpg|https://aurayou2.lot-lot.com/image/32/2025/04/5c726bb49ff17e8978954a5dbb4e80a4.jpg|https://aurayou2.lot-lot.com/image/32/2025/04/e223ddf97dce85e2b592b45fba8c9335.jpg|https://aurayou2.lot-lot.com/image/32/2025/04/d2cc8a1b6ab3987dd6cabb7842cbb1e3.jpg|https://aurayou2.lot-lot.com/image/32/2025/04/d8c4221a4909aa5b58370772f8ec4ab0.jpg,【五行C款】 &nbsp; 🌊✨五行系列｜水系手串 &nbsp; 材质&尺寸：白水晶8mm、蓝玉髓8mm、海蓝宝11mm,831|834|915|1054|1206|1207
332,7716,【五行C款】🌿✨五行系列｜木系手串BAC1133,178.00,https://aurayou2.lot-lot.com/image/32/2025/04/0f3d1f2ed9163ec956647f5707814c41.jpg,https://aurayou2.lot-lot.com/image/32/2025/04/0f3d1f2ed9163ec956647f5707814c41.jpg|https://aurayou2.lot-lot.com/image/32/2025/04/59f80d6216d5e2619aaf1e18525f4942.jpg|https://aurayou2.lot-lot.com/image/32/2025/04/3fa84dfd5633d1f9195827421c8423e7.jpg|https://aurayou2.lot-lot.com/image/32/2025/04/7fca334639e521fdd49ff37a4d6bbf6e.jpg|https://aurayou2.lot-lot.com/image/32/2025/04/d3aa1f2c668b4eaab27c1fd1da4de472.jpg|https://aurayou2.lot-lot.com/image/32/2025/04/e87e003800bca5e076c47a0907fefea3.jpg,【五行C款】 &nbsp; 🌿✨五行系列｜木系手串 &nbsp; 材质&尺寸：白水晶8mm、绿发晶11mm、葡萄石8mm,831|834|915|1054|1206|1207
333,7714,【五行C款】🔥✨五行系列｜火系手串BAC1131,178.00,https://aurayou2.lot-lot.com/image/32/2025/04/2a0598fa2e635c5b210d3b36976ec6ee.jpg,https://aurayou2.lot-lot.com/image/32/2025/04/2a0598fa2e635c5b210d3b36976ec6ee.jpg|https://aurayou2.lot-lot.com/image/32/2025/04/e60a6e059c190ead8f3a5f08f4b044ce.jpg|https://aurayou2.lot-lot.com/image/32/2025/04/255a6779aa34dd973efae61a54ee0a6b.jpg|https://aurayou2.lot-lot.com/image/32/2025/04/d23da05616d337048099d7e42c4f3ef2.jpg|https://aurayou2.lot-lot.com/image/32/2025/04/d6dfda3d197d0c671306ed55bd891c96.jpg|https://aurayou2.lot-lot.com/image/32/2025/04/7f98e539e27cf62c47dec267dcd90088.jpg,【五行C款】 &nbsp; 🔥✨五行系列｜火系手串 &nbsp; 材质&尺寸：白水晶8mm、南红玛瑙11mm、蔷薇7mm+,831|834|915|1054|1206|1207
334,7696,【五行C款】🌍✨五行系列｜土系手串BAC1130,178.00,https://aurayou2.lot-lot.com/image/32/2025/04/5dfcb988dcd7389ebbb56f4663270d65.jpg,https://aurayou2.lot-lot.com/image/32/2025/04/5dfcb988dcd7389ebbb56f4663270d65.jpg|https://aurayou2.lot-lot.com/image/32/2025/04/8ebaf2b16ad8fbc3f3919b62adf13f17.jpg|https://aurayou2.lot-lot.com/image/32/2025/04/1f14a20f63d3dfa970262579d30f40ce.jpg|https://aurayou2.lot-lot.com/image/32/2025/04/6e22a1dfab73331b4e83e8ac4ef6038c.jpg|https://aurayou2.lot-lot.com/image/32/2025/04/7e6853c70fd7617f9835a44dd4a69154.jpg|https://aurayou2.lot-lot.com/image/32/2025/04/3e47089df3ad465629ef163cb080dc45.jpg,【五行C款】 &nbsp; 🌍✨五行系列｜土系手串 &nbsp; 材质&尺寸：白水晶8mm、黄塔晶11mm、金虎眼7mm+,831|834|915|1054|1206|1207
335,7621,白水晶粉晶白水晶方糖手串BAC989,195.00,https://aurayou2.lot-lot.com/image/32/2025/03/560a0ccb86dc7c18e3cd2db6a880ec5e.jpg,https://aurayou2.lot-lot.com/image/32/2025/03/560a0ccb86dc7c18e3cd2db6a880ec5e.jpg|https://aurayou2.lot-lot.com/image/32/2025/03/200a63fd6a11a3e6274b609963ec9700.jpg|https://aurayou2.lot-lot.com/image/32/2025/03/0e1873029563a79589680a3826c0572b.jpg|https://aurayou2.lot-lot.com/image/32/2025/03/d9dfea1579decd6477c1f1f6fc0abba7.jpg|https://aurayou2.lot-lot.com/image/32/2025/03/a3b4e02487fe4ae445454ec0259f532a.jpg|https://aurayou2.lot-lot.com/image/32/2025/03/04613cd6df8306e35a4fdaa753e6f52a.jpg,▫️▪️白水晶粉晶白水晶方糖手串 - 材质：白水晶，粉晶，白水晶方块 尺寸：12mm,831|832|833|834|847|848|849|851|852|853|855|862|866|915|1054|1187
336,6937,白水晶萤石云纹珠手串BAC988,186.00,https://aurayou2.lot-lot.com/image/32/2025/03/7d686551b41dd384e475b42246776809.jpg,https://aurayou2.lot-lot.com/image/32/2025/03/7d686551b41dd384e475b42246776809.jpg|https://aurayou2.lot-lot.com/image/32/2025/03/2fa6e96b551f52c0041f9c49f08d7253.jpg|https://aurayou2.lot-lot.com/image/32/2025/03/7818e4d76fc1d592e7b708a1c262b704.jpg|https://aurayou2.lot-lot.com/image/32/2025/03/5fa0364e08396fcb537596571922f2a7.jpg|https://aurayou2.lot-lot.com/image/32/2025/03/e5aa1090f39f3b24672b6bef53906708.jpg|https://aurayou2.lot-lot.com/image/32/2025/03/f7df0c0f960a9af8777468bc9e59ba86.jpg,▫️▪️白水晶萤石云纹珠手串 - 材质：白水晶，萤石云纹珠 尺寸：12mm,831|832|833|834|845|846|847|850|851|852|853|857|862|915|1054|1063
337,6434,白水晶手串BAC914,255.00,https://aurayou2.lot-lot.com/image/32/2025/01/6bfb474ee7894227762d0aedb76d9b1d.jpg,https://aurayou2.lot-lot.com/image/32/2025/01/6bfb474ee7894227762d0aedb76d9b1d.jpg|https://aurayou2.lot-lot.com/image/32/2025/01/69c77b4b3278d4da31053369b695a3ce.jpg|https://aurayou2.lot-lot.com/image/32/2025/01/a2af900d60c5fda2a8f765b0c0257ac3.jpg|https://aurayou2.lot-lot.com/image/32/2025/01/6f7de7e6842dc85dcd83017e756f89f6.jpg|https://aurayou2.lot-lot.com/image/32/2025/01/d78f374d48e339e41a2072ef45fe3024.jpg|https://aurayou2.lot-lot.com/image/32/2025/01/572ca1bdb1379165dbdfc87604768f4b.jpg,▫️▪️白水晶手串 - 材质：白水晶 尺寸：12mm,831|832|833|834|847|851|852|853|858|860|862|915
338,5852,紫粉白幽白水手串BAC837,240.00,https://aurayou2.lot-lot.com/image/32/2025/01/89b7b085a19ab166852a887de4eca67a.jpg,https://aurayou2.lot-lot.com/image/32/2025/01/89b7b085a19ab166852a887de4eca67a.jpg|https://aurayou2.lot-lot.com/image/32/2025/01/53afc281b521cd572f555b13ae3de3a8.jpg|https://aurayou2.lot-lot.com/image/32/2025/01/0933d6a6abbbe30233b20e01e03cdfc1.jpg|https://aurayou2.lot-lot.com/image/32/2025/01/a6b01a628e59a2ae564611f4b94ca353.jpg|https://aurayou2.lot-lot.com/image/32/2025/01/7404ddbf735e4c99de13b625d542b896.jpg|https://aurayou2.lot-lot.com/image/32/2025/01/7d2a24acaa52bb9a9e7fb17eae059d11.jpg,▫️▪️紫粉白幽白水手串 - 材质：紫粉晶、白幽灵、白水晶 尺寸：13mm,831|832|833|834|845|846|847|848|849|850|851|852|853|857|862|915|917
339,5811,白幽灵白水晶白阿塞蓝月光手串BAC788,115.00,https://aurayou2.lot-lot.com/image/32/2025/01/e93854d2da23b553c68ef7d67949d666.jpg,https://aurayou2.lot-lot.com/image/32/2025/01/e93854d2da23b553c68ef7d67949d666.jpg|https://aurayou2.lot-lot.com/image/32/2025/01/4aa54b325b1077957c1b090301dc3aa4.jpg|https://aurayou2.lot-lot.com/image/32/2025/01/90a680276f4515ae0f0bf55c6c28ed75.jpg|https://aurayou2.lot-lot.com/image/32/2025/01/3f06d73c39cdd4cd609006d87c78867c.jpg|https://aurayou2.lot-lot.com/image/32/2025/01/0aca448c2d8766eff1112e93affc4326.jpg|https://aurayou2.lot-lot.com/image/32/2025/01/00f6d55b378b99cc2d04bda77b718d58.jpg,▫️▪️白幽灵白水晶白阿塞蓝月光手串 - 材质：白幽灵、白水晶、白阿塞、蓝月光 尺寸：9-13mm,831|832|833|834|845|846|847|848|849|850|851|852|853|858|860|862|915|917
340,5798,白水晶粉水晶手串BAC773,378.00,https://aurayou2.lot-lot.com/image/32/2025/01/751a6fcdfc9264fb351c7d0ccfd2a3d5.jpg,https://aurayou2.lot-lot.com/image/32/2025/01/751a6fcdfc9264fb351c7d0ccfd2a3d5.jpg|https://aurayou2.lot-lot.com/image/32/2025/01/434769295642644d0cacdd596fb271dd.jpg|https://aurayou2.lot-lot.com/image/32/2025/01/7768dcd72669432959ad4eec58765eec.jpg|https://aurayou2.lot-lot.com/image/32/2025/01/05a75603f0386ef02607f167c2b032a8.jpg|https://aurayou2.lot-lot.com/image/32/2025/01/cbcf206cf3348c05112b6c45bc95c223.jpg|https://aurayou2.lot-lot.com/image/32/2025/01/b82beb1003addbd1604f67b66b7de6da.jpg,▫️▪️白水晶粉水晶手串 - 材质：白水晶、粉水晶 尺寸：14mm,831|832|833|834|847|848|849|851|852|853|857|860|861|915
341,5797,白水晶海蓝宝黄塔晶手串BAC772,158.00,https://aurayou2.lot-lot.com/image/32/2025/01/b260fb2070a1be268d7bb53cf6574d5e.jpg,https://aurayou2.lot-lot.com/image/32/2025/01/b260fb2070a1be268d7bb53cf6574d5e.jpg|https://aurayou2.lot-lot.com/image/32/2025/01/a8749384eac244c3433c77716a97d4d3.jpg|https://aurayou2.lot-lot.com/image/32/2025/01/944652f09cc0819d7430058c130ac53f.jpg|https://aurayou2.lot-lot.com/image/32/2025/01/ef385f60b62fc8778113e6a01eef0acb.jpg|https://aurayou2.lot-lot.com/image/32/2025/01/528a68406982877362285c614aea3aaa.jpg|https://aurayou2.lot-lot.com/image/32/2025/01/70e01be545f3c1bb683bad59da29febe.jpg,▫️▪️白水晶海蓝宝黄塔晶手串 - 材质：白水晶、海蓝宝、黄塔晶 尺寸：10mm,831|832|833|834|845|846|847|849|850|852|853|857|860|862|915
342,5796,白水晶绿幽灵黄胶花手串BAC771,155.00,https://aurayou2.lot-lot.com/image/32/2025/01/c6dfc087e0ed7e8ca59a28cb6e9869b5.jpg,https://aurayou2.lot-lot.com/image/32/2025/01/c6dfc087e0ed7e8ca59a28cb6e9869b5.jpg|https://aurayou2.lot-lot.com/image/32/2025/01/f4863c51cab7625a667952d9ff621ba2.jpg|https://aurayou2.lot-lot.com/image/32/2025/01/f132a4a048c917e9d2684a419929bfd8.jpg|https://aurayou2.lot-lot.com/image/32/2025/01/9d8d9f6f8474120df0de8e096cd4ad02.jpg|https://aurayou2.lot-lot.com/image/32/2025/01/6dfea552539ff438708209416b377326.jpg|https://aurayou2.lot-lot.com/image/32/2025/01/f887c66a2c53ff8daf6566cde82f74b7.jpg,▫️▪️白水晶绿幽灵黄胶花手串 - 材质：白水晶、绿幽灵、黄胶花 尺寸：12mm/8mm/15mm,831|832|833|834|845|846|847|849|850|851|852|853|854|855|858|860|862|915
343,5795,白水晶黄塔晶手串BAC770,146.00,https://aurayou2.lot-lot.com/image/32/2025/01/797b7603bbb90e935975d4c1422bc0a1.jpg,https://aurayou2.lot-lot.com/image/32/2025/01/797b7603bbb90e935975d4c1422bc0a1.jpg|https://aurayou2.lot-lot.com/image/32/2025/01/de2ed9153f36555d1a3c57f709fa1c7e.jpg|https://aurayou2.lot-lot.com/image/32/2025/01/a6903670952f8350793fce369ff49d83.jpg|https://aurayou2.lot-lot.com/image/32/2025/01/1be7909707b6cc52bb559b23a32dc11d.jpg|https://aurayou2.lot-lot.com/image/32/2025/01/0300c1645af7b48829c97a7a34dc28fa.jpg|https://aurayou2.lot-lot.com/image/32/2025/01/773f6633e74bcac4ef76b00abe9d89b7.jpg,▫️▪️白水晶黄塔晶手串 - 材质：白水晶、黄塔晶 尺寸：8-9mm/14mm,831|832|833|834|845|846|849|850|853|855|860|863|915
344,5794,奶白晶粉水晶手串BAC769,120.00,https://aurayou2.lot-lot.com/image/32/2025/01/ac7134b081b65098107d3ff63a3f5667.jpg,https://aurayou2.lot-lot.com/image/32/2025/01/ac7134b081b65098107d3ff63a3f5667.jpg|https://aurayou2.lot-lot.com/image/32/2025/01/9a3bc440072463e7b78736cd32002890.jpg|https://aurayou2.lot-lot.com/image/32/2025/01/ca1d4e326fc1397c5e12167d65c824b3.jpg|https://aurayou2.lot-lot.com/image/32/2025/01/b9f7c80f06776d1f194bb8de9a59a9c6.jpg|https://aurayou2.lot-lot.com/image/32/2025/01/a0f3252a86331b919ec76ce488d2301a.jpg|https://aurayou2.lot-lot.com/image/32/2025/01/3d2cf52d240d2548d5db8a184b18e05c.jpg,▫️▪️奶白晶粉水晶手串 - 材质：奶白晶、粉水晶 尺寸：11-12mm,831|832|833|834|848|849|852|855|857|860|862|915
345,5793,奶白晶手串BAC768,148.00,https://aurayou2.lot-lot.com/image/32/2025/01/704e787dbfbe62b86e94a87351830967.jpg,https://aurayou2.lot-lot.com/image/32/2025/01/704e787dbfbe62b86e94a87351830967.jpg|https://aurayou2.lot-lot.com/image/32/2025/01/cbe6d8e6c0356c146b19dcb421f13f85.jpg|https://aurayou2.lot-lot.com/image/32/2025/01/fab7ea4bbbefe4e879ac2f04ba95e315.jpg|https://aurayou2.lot-lot.com/image/32/2025/01/4ca91b4b94467feb6aaa0546c0114a50.jpg|https://aurayou2.lot-lot.com/image/32/2025/01/6f7fc6e5df1ec5aa17f15091e5634925.jpg|https://aurayou2.lot-lot.com/image/32/2025/01/78638a4ccd8f9a029eae856e30a4cbe1.jpg,▫️▪️奶白晶手串 - 材质：奶白晶 尺寸：13mm,831|832|833|834|849|852|855|857|860|862|915
346,5790,茶水晶白水晶手串BAC765,139.00,https://aurayou2.lot-lot.com/image/32/2025/01/9d6c41bbe7e382b9b5bb6c2c0b2ecf0a.jpg,https://aurayou2.lot-lot.com/image/32/2025/01/9d6c41bbe7e382b9b5bb6c2c0b2ecf0a.jpg|https://aurayou2.lot-lot.com/image/32/2025/01/04c0f0c944353ef15e5a50b7a8901b8d.jpg|https://aurayou2.lot-lot.com/image/32/2025/01/429bbcde635a83c9b572e38fc3e8039f.jpg|https://aurayou2.lot-lot.com/image/32/2025/01/a67f6cad4a0fbd4af251eccd4ffaa39f.jpg|https://aurayou2.lot-lot.com/image/32/2025/01/70804f8a74e49bdfcb6fcc7568e3ce84.jpg|https://aurayou2.lot-lot.com/image/32/2025/01/48f015e375a5c8b9bf1011cdeaddbed0.jpg,▫️▪️茶水晶白水晶手串 - 材质：茶水晶、白水晶、黄塔晶 尺寸：12mm,831|833|845|846|849|850|852|854|915|925
347,8695,海纹石白阿塞粉晶手串BAC1160x,435.00,https://aurayou2.lot-lot.com/image/32/2025/07/3dad867775a0b41fff8c0c494ee9d50a.jpg,https://aurayou2.lot-lot.com/image/32/2025/07/3dad867775a0b41fff8c0c494ee9d50a.jpg|https://aurayou2.lot-lot.com/image/32/2025/07/e23dc57ff5535a9c591220f0ccf9440f.jpg|https://aurayou2.lot-lot.com/image/32/2025/07/9f9abd4835318a4aebfb4ef87747c122.jpg|https://aurayou2.lot-lot.com/image/32/2025/07/3b1c9265fc93a9371c28883c777d20d2.jpg|https://aurayou2.lot-lot.com/image/32/2025/07/80f05539c70f8b54658d5cdf93feb055.jpg|https://aurayou2.lot-lot.com/image/32/2025/07/20481d0b4bde96d91fda4b22544f791a.jpg,"▫️▪️海纹石白阿塞粉晶手串 - 材质&尺寸：海纹石11mm，白阿塞，13.5mm,粉晶15mm",831|832|833|834|847|848|849|851|852|853|854|855|861|916|1054|1799
348,7912,白阿塞草莓晶手串BAC201x,135.00,https://aurayou2.lot-lot.com/image/32/2025/05/ab15bd90253ca4a4900f4575e91086a6.jpg,https://aurayou2.lot-lot.com/image/32/2025/05/ab15bd90253ca4a4900f4575e91086a6.jpg|https://aurayou2.lot-lot.com/image/32/2025/05/a7e72b1de9fe77da0e5a56bd1fb63e95.jpg|https://aurayou2.lot-lot.com/image/32/2025/05/bb8edb2b0c0c35a10867f1288326f1ca.jpg|https://aurayou2.lot-lot.com/image/32/2025/05/9b868a9868d48d6cba8f916ac1e354c0.jpg|https://aurayou2.lot-lot.com/image/32/2025/05/ccd1eabf4935aba969f6b39dc676cb97.jpg|https://aurayou2.lot-lot.com/image/32/2025/05/7ea5dcc559bbe530c8a6d30bd948622c.jpg,▫️▪️白阿塞草莓晶手串 - 材质&尺寸：白阿塞约10mm，草莓晶约12mm,831|832|833|834|847|848|849|851|852|853|855|862|916|1054|1212
349,5679,白水晶黄水晶手串BAC655,206.00,https://aurayou2.lot-lot.com/image/32/2025/01/42851c4533eabb6636b82b8804a0a7b0.jpg,https://aurayou2.lot-lot.com/image/32/2025/01/42851c4533eabb6636b82b8804a0a7b0.jpg|https://aurayou2.lot-lot.com/image/32/2025/01/d6b865b931087196d71267cb2ef1968e.jpg|https://aurayou2.lot-lot.com/image/32/2025/01/20048d18ae6a929c5e9b8056105f7dff.jpg|https://aurayou2.lot-lot.com/image/32/2025/01/0f1d052a3308d79d0bd8cc9733400b74.jpg|https://aurayou2.lot-lot.com/image/32/2025/01/84a798c42108ded3e91b48d094978ef6.jpg|https://aurayou2.lot-lot.com/image/32/2025/01/556b7f5d72978e7fdd51f4c65e8f2fbb.jpg,▫️▪️白水晶黄水晶手串 - 材质：白阿塞、黄水晶 尺寸：14mm,831|832|833|834|845|846|847|849|851|852|853|854|855|857|858|861|916
350,8830,白幽灵粉水晶手串BAC619x,258.00,https://aurayou2.lot-lot.com/image/32/2025/07/e52256999e7d72dc41a0c992fe051d52.jpg,https://aurayou2.lot-lot.com/image/32/2025/07/e52256999e7d72dc41a0c992fe051d52.jpg|https://aurayou2.lot-lot.com/image/32/2025/07/c6f9f5080b3d489cfd7afd4438499560.jpg|https://aurayou2.lot-lot.com/image/32/2025/07/b212f4b54ba88f62d27bf2afb43b22dd.jpg|https://aurayou2.lot-lot.com/image/32/2025/07/9ec9cff3bfb0b21cb35b6dd365ca2aa4.jpg|https://aurayou2.lot-lot.com/image/32/2025/07/cdc86549fb000e5c8589721267a87299.jpg|https://aurayou2.lot-lot.com/image/32/2025/07/297cb74d9c85d84f2eadc6cf415de28f.jpg,"▫️▪️白幽灵粉水晶手串 - 材质&尺寸：白幽灵11mm,粉水晶圆珠12mm,粉晶随型19*14mm,白水晶小熊22*13mm",831|832|833|834|845|846|847|848|849|851|852|853|857|862|866|917|1054|1801
351,8302,白幽灵白水晶方糖九尾狐手串BAC562x,116.00,https://aurayou2.lot-lot.com/image/32/2025/06/5e13b7ff4ee1c2951bcf25ef2e162946.jpg,https://aurayou2.lot-lot.com/image/32/2025/06/5e13b7ff4ee1c2951bcf25ef2e162946.jpg|https://aurayou2.lot-lot.com/image/32/2025/06/e384eb4d5cf5391f5623aaeb4472def2.jpg|https://aurayou2.lot-lot.com/image/32/2025/06/0ce3ab0f0846ffa4248fb46ddafd0573.jpg|https://aurayou2.lot-lot.com/image/32/2025/06/524ee2b1f08f54130dfe3c90fe28a230.jpg|https://aurayou2.lot-lot.com/image/32/2025/06/accb1da00115ee0520eb84676600ca39.jpg|https://aurayou2.lot-lot.com/image/32/2025/06/0af70923593509c2e5daa728cf8c7897.jpg,"▫️▪️白幽灵白水晶方糖九尾狐手串 - 材质&尺寸：白幽灵13mm，白水晶方糖9.5*9.5mm,白水晶九尾狐28*28mm",831|832|833|834|845|846|847|849|851|852|853|857|862|866|917|1054|1623
352,8100,白月光白水晶白幽灵手串BAC559x,212.00,https://aurayou2.lot-lot.com/image/32/2025/06/b4f9103f22f7646456b1347b5b48ad78.jpg,https://aurayou2.lot-lot.com/image/32/2025/06/b4f9103f22f7646456b1347b5b48ad78.jpg|https://aurayou2.lot-lot.com/image/32/2025/06/40f5860cae4444c90fe314b9ad593af2.jpg|https://aurayou2.lot-lot.com/image/32/2025/06/04713f344672956d3589d50bbdb1ac8a.jpg|https://aurayou2.lot-lot.com/image/32/2025/06/6d68714d4c0853744689118bcd34c994.jpg|https://aurayou2.lot-lot.com/image/32/2025/06/959947ee6fa2c80a448b96173827e951.jpg|https://aurayou2.lot-lot.com/image/32/2025/06/09013121e9595b9fac54843a3fe729aa.jpg,▫️▪️白月光白水晶白幽灵手串 - 材质&尺寸：白水晶、白月光、白幽灵，均11-11.5mm,831|832|833|834|845|846|847|848|849|850|851|852|853|855|862|917|919|1054|1622
353,7981,白幽灵黄塔晶手串BAC1064x,146.00,https://aurayou2.lot-lot.com/image/32/2025/05/058339acd505bbd730747624a9cc1c0d.jpg,https://aurayou2.lot-lot.com/image/32/2025/05/058339acd505bbd730747624a9cc1c0d.jpg|https://aurayou2.lot-lot.com/image/32/2025/05/6bb4d2aeff1353b1c921d8dddc091ba8.jpg|https://aurayou2.lot-lot.com/image/32/2025/05/594fc5b875f8a591b677c8601c6a2532.jpg|https://aurayou2.lot-lot.com/image/32/2025/05/9d695359aaa0dcc6fd3bdb8d1013f7c9.jpg|https://aurayou2.lot-lot.com/image/32/2025/05/803b37b4aa11610dcec5c29f121754cd.jpg|https://aurayou2.lot-lot.com/image/32/2025/05/b0323fbebdf96cdd3da3c52e1b280dd5.jpg,▫️▪️白幽灵黄塔晶手串 - 材质&尺寸：白幽灵约10mm，黄塔晶约11mm,831|832|833|834|845|846|849|852|853|854|857|862|917|1054|1227
354,7834,白幽灵白水晶狐手串BAC564x,205.00,https://aurayou2.lot-lot.com/image/32/2025/04/7631bdc21d9938f980891ca860ad0540.jpg,https://aurayou2.lot-lot.com/image/32/2025/04/7631bdc21d9938f980891ca860ad0540.jpg|https://aurayou2.lot-lot.com/image/32/2025/04/6f40948beec9ddf4257b51f398926d2a.jpg|https://aurayou2.lot-lot.com/image/32/2025/04/845ab235d431fac74f91d75840037448.jpg|https://aurayou2.lot-lot.com/image/32/2025/04/da5299e3dd43b00b93813fac975b6f7e.jpg|https://aurayou2.lot-lot.com/image/32/2025/04/0d96b38cf75c53fb5d67e6697fe2d38a.jpg|https://aurayou2.lot-lot.com/image/32/2025/04/bf1b9b8d93615c8ec86fe446c554b3e7.jpg,▫️▪️白幽灵白水晶狐手串 - 材质&尺寸：白幽灵11mm，白水晶狐狐23*19mm,831|832|833|834|845|846|847|848|849|851|852|853|854|857|862|866|917|1054|1209
355,7620,白幽灵粉晶手串BAC985,262.00,https://aurayou2.lot-lot.com/image/32/2025/03/1de4ae95fa0a4c734c851667bacb85c9.jpg,https://aurayou2.lot-lot.com/image/32/2025/03/1de4ae95fa0a4c734c851667bacb85c9.jpg|https://aurayou2.lot-lot.com/image/32/2025/03/fc88c2805eee1127f15e2166d1168c91.jpg|https://aurayou2.lot-lot.com/image/32/2025/03/b6b1bcea92bfb8c30eda631f2d7af693.jpg|https://aurayou2.lot-lot.com/image/32/2025/03/6ed20235690fb6629f76d7e710f776d8.jpg|https://aurayou2.lot-lot.com/image/32/2025/03/46cc22273671b20bfafd8bc9db507888.jpg|https://aurayou2.lot-lot.com/image/32/2025/03/a2bf96086bafcf1cb1c146cbb892907f.jpg,▫️▪️白幽灵粉晶手串 - 材质：白幽灵，粉晶 尺寸：12mm,831|832|833|834|845|846|848|849|852|853|857|862|917|1054|1187
356,6762,蓝玉髓白幽灵白水晶梅尔卡巴手串BAC890,205.00,https://aurayou2.lot-lot.com/image/32/2025/03/d7e167fa65a6ec0e286b5935dd403c5c.jpg,https://aurayou2.lot-lot.com/image/32/2025/03/d7e167fa65a6ec0e286b5935dd403c5c.jpg|https://aurayou2.lot-lot.com/image/32/2025/03/30260517085364ba8d4ed07e36daebcc.jpg|https://aurayou2.lot-lot.com/image/32/2025/03/318429e9b3893e145612184f447f7088.jpg|https://aurayou2.lot-lot.com/image/32/2025/03/d36f4a726a40953ff8eeeba8335d4055.jpg|https://aurayou2.lot-lot.com/image/32/2025/03/65c3f354de58725aab7c58a8d41fb5cf.jpg|https://aurayou2.lot-lot.com/image/32/2025/03/0623c87b3b81782d49130f16d2e56b2c.jpg,▫️▪️蓝玉髓白幽灵白水晶梅尔卡巴手串 - 材质：蓝玉髓，白幽灵，白水晶梅尔卡巴 尺寸：13mm,831|832|833|834|845|846|847|849|851|852|853|857|862|917|1054|1056
357,6433,白幽粉晶白水方糖手串BAC913,255.00,https://aurayou2.lot-lot.com/image/32/2025/01/0eb013728a4f735325748f6d6a7f6a19.jpg,https://aurayou2.lot-lot.com/image/32/2025/01/0eb013728a4f735325748f6d6a7f6a19.jpg|https://aurayou2.lot-lot.com/image/32/2025/01/2d1cad9f3b679bf1c4d870d4d6a4cad3.jpg|https://aurayou2.lot-lot.com/image/32/2025/01/e92ca9657a0639df79bd7c37b86896e3.jpg|https://aurayou2.lot-lot.com/image/32/2025/01/e3574a8448d86b48997a879ac264fabe.jpg|https://aurayou2.lot-lot.com/image/32/2025/01/b5ea4e33d41ce6ffd0ff110f1959cca6.jpg|https://aurayou2.lot-lot.com/image/32/2025/01/f64349a8599dc72ff4f64220772d6a6e.jpg,▫️▪️白幽粉晶白水方糖手串 - 材质：白幽灵、粉水晶、白水晶方糖 尺寸：13mm,831|832|833|834|845|846|849|851|852|854|858|862|917
358,5810,白幽灵手串BAC786,175.00,https://aurayou2.lot-lot.com/image/32/2025/01/85514b735e8785428aaf96b802875ff6.jpg,https://aurayou2.lot-lot.com/image/32/2025/01/85514b735e8785428aaf96b802875ff6.jpg|https://aurayou2.lot-lot.com/image/32/2025/01/3ad066b2ea05f2ff51a7c4ad3b11f3db.jpg|https://aurayou2.lot-lot.com/image/32/2025/01/c5cbef6e56a0c7651dbfa2afeed594ff.jpg|https://aurayou2.lot-lot.com/image/32/2025/01/7020a21179593640b9f10daaaba7401d.jpg|https://aurayou2.lot-lot.com/image/32/2025/01/086679d2327fd165d88dc1789bcd6283.jpg|https://aurayou2.lot-lot.com/image/32/2025/01/b53340d8a97138d3644231fa7bfa987d.jpg,▫️▪️白幽灵手串 - 材质：白幽灵 尺寸：10-12mm,831|832|833|834|845|846|849|852|853|855|860|862|917
359,5805,白幽灵黄水晶魔盒手串BAC781,180.00,https://aurayou2.lot-lot.com/image/32/2025/01/d945d500ae3766a3ee32582622c5f846.jpg,https://aurayou2.lot-lot.com/image/32/2025/01/d945d500ae3766a3ee32582622c5f846.jpg|https://aurayou2.lot-lot.com/image/32/2025/01/284f54fa7b6f82c306ac05f6dca3e402.jpg|https://aurayou2.lot-lot.com/image/32/2025/01/b2eb1b283f44e77b60aebbce4cd46dec.jpg|https://aurayou2.lot-lot.com/image/32/2025/01/b9e979336fe1e79c246a0d8e9ad4e58a.jpg|https://aurayou2.lot-lot.com/image/32/2025/01/5f88006b4b3642ec2ac7336ef2c4c05e.jpg|https://aurayou2.lot-lot.com/image/32/2025/01/3259400f0e0a70dbd518cfc0c7b6525e.jpg,▫️▪️白幽灵黄水晶魔盒手串 - 材质：白幽灵、黄水晶 尺寸：10mm,831|832|833|834|845|846|849|852|853|854|855|857|862|867|917
360,5788,白幽灵粉水晶手串BAC763,148.00,https://aurayou2.lot-lot.com/image/32/2025/01/e0627f3ccb154197a527f77816393d16.jpg,https://aurayou2.lot-lot.com/image/32/2025/01/e0627f3ccb154197a527f77816393d16.jpg|https://aurayou2.lot-lot.com/image/32/2025/01/7638d9d829f7c2721e697851e127d446.jpg|https://aurayou2.lot-lot.com/image/32/2025/01/368c4a830d14eb365ef540745a61d297.jpg|https://aurayou2.lot-lot.com/image/32/2025/01/da069d55355f545ef18adafaada7ee41.jpg|https://aurayou2.lot-lot.com/image/32/2025/01/ea2263e2be39a70a3b79cb6899ed4eb6.jpg|https://aurayou2.lot-lot.com/image/32/2025/01/14185c1956172ab71c3cecc3b49cf28a.jpg,▫️▪️白幽灵粉水晶手串 - 材质：白幽灵、粉水晶 尺寸：9-10mm,831|832|833|834|845|846|848|849|852|853|857|860|863|917
361,5681,白幽灵粉水晶绿玉髓魔盒手串BAC657,210.00,https://aurayou2.lot-lot.com/image/32/2025/01/e1a1d841f8347354833eca53f88c006f.jpg,https://aurayou2.lot-lot.com/image/32/2025/01/e1a1d841f8347354833eca53f88c006f.jpg|https://aurayou2.lot-lot.com/image/32/2025/01/780b2e3ec26b28d240afc946de6128cd.jpg|https://aurayou2.lot-lot.com/image/32/2025/01/2a1bbae0345d50d12684403faed048de.jpg|https://aurayou2.lot-lot.com/image/32/2025/01/58ec67c6e49088224b053901d71f8385.jpg|https://aurayou2.lot-lot.com/image/32/2025/01/d83245b2151d77939f9db6573feb56ef.jpg|https://aurayou2.lot-lot.com/image/32/2025/01/b8d98fd0379f8dc64f329ba11af9ca96.jpg,▫️▪️白幽灵粉水晶绿玉髓魔盒手串 - 材质：白幽灵、粉水晶、绿玉髓 尺寸：13mm,831|832|833|834|845|846|849|850|852|853|855|857|858|862|867|917
362,5677,白幽灵岫玉粉水晶魔盒手串BAC653,228.00,https://aurayou2.lot-lot.com/image/32/2025/01/f424806f7731c1b640b93ceaa411d64b.jpg,https://aurayou2.lot-lot.com/image/32/2025/01/f424806f7731c1b640b93ceaa411d64b.jpg|https://aurayou2.lot-lot.com/image/32/2025/01/675dfb7d0d0524d35c279c479e08d0a6.jpg|https://aurayou2.lot-lot.com/image/32/2025/01/d8ef02afa951e31002de560f3a6c6c36.jpg|https://aurayou2.lot-lot.com/image/32/2025/01/8fbdd58e1a913271b3f1adfeba986b66.jpg|https://aurayou2.lot-lot.com/image/32/2025/01/92bb9ba20e19194adb3d8f06a0e1a9dd.jpg|https://aurayou2.lot-lot.com/image/32/2025/01/405ddc9b509505d555627ea9bb6d4ce2.jpg,▫️▪️白幽灵岫玉粉水晶魔盒手串 - 材质：白幽灵、粉水晶、岫玉 尺寸：13mm,831|832|833|834|845|846|849|850|852|853|855|857|858|862|867|917
363,5676,粉水晶贝珠手串BAC652,48.00,https://aurayou2.lot-lot.com/image/32/2025/01/44efe6b861787c4279bba578158fdaae.jpg,https://aurayou2.lot-lot.com/image/32/2025/01/44efe6b861787c4279bba578158fdaae.jpg|https://aurayou2.lot-lot.com/image/32/2025/01/07f55420f7ca1db11dcbe40db01003be.jpg|https://aurayou2.lot-lot.com/image/32/2025/01/2e6a75b9e17d2f56ef0119c0088bbf03.jpg|https://aurayou2.lot-lot.com/image/32/2025/01/33def251faaa2a3e06fc22d6d18db072.jpg|https://aurayou2.lot-lot.com/image/32/2025/01/09de6e4bf11d2d093412694ca3122ed6.jpg|https://aurayou2.lot-lot.com/image/32/2025/01/3f2b8987b800fa57d1548a978eff1ecf.jpg,▫️▪️粉水晶贝珠手串 - 材质：粉水晶、贝珠 尺寸：8mm,831|832|833|834|848|849|850|852|855|857|860|863|918
364,7654,白月光海蓝宝白水晶度母手串BAC992,166.00,https://aurayou2.lot-lot.com/image/32/2025/04/f5cf3876118b433169c55fd07bf4b480.jpg,https://aurayou2.lot-lot.com/image/32/2025/04/f5cf3876118b433169c55fd07bf4b480.jpg|https://aurayou2.lot-lot.com/image/32/2025/04/ec1c1e555ea872f8d31cd8ba039c7cb6.jpg|https://aurayou2.lot-lot.com/image/32/2025/04/efae2f08c1454ad63d60a6425ca27486.jpg|https://aurayou2.lot-lot.com/image/32/2025/04/d197c27b89f11f1b4f2f7c4b6ac776e3.jpg|https://aurayou2.lot-lot.com/image/32/2025/04/1eb7012f4653e41d972fc102b9ae1990.jpg|https://aurayou2.lot-lot.com/image/32/2025/04/048a6717d64102f094cdf5135eddcdc4.jpg,▫️▪️白月光海蓝宝白水晶度母手串 - 材质：白月光，海蓝宝，白水晶度母 尺寸：10mm,831|832|833|834|847|848|849|850|851|852|853|857|858|862|866|919|1054|1188
365,7608,白月光白水晶翅膀绿锆石魔盒手串BAC994,256.00,https://aurayou2.lot-lot.com/image/32/2025/03/a3e6a98966e37f3818af0a06a5ed9d93.jpg,https://aurayou2.lot-lot.com/image/32/2025/03/a3e6a98966e37f3818af0a06a5ed9d93.jpg|https://aurayou2.lot-lot.com/image/32/2025/03/e3271407ece76d7c8f0b5abfa593475e.jpg|https://aurayou2.lot-lot.com/image/32/2025/03/37c6705f92d376468cf0c28a3e3dc373.jpg|https://aurayou2.lot-lot.com/image/32/2025/03/af248392225d03e8f049aa39068ad42e.jpg|https://aurayou2.lot-lot.com/image/32/2025/03/498e970f1f4027e4481d5f850f814c9a.jpg|https://aurayou2.lot-lot.com/image/32/2025/03/67624ca5193fc26c224fe4826cd0e5be.jpg,▫️▪️白月光白水晶翅膀绿锆石魔盒手串 - 材质：白月光，绿锆石魔盒 尺寸：11mm,831|832|833|834|847|848|849|850|851|852|853|858|862|866|919|1054|1186
366,6938,白月光紫锂辉海蓝宝手串BAC990,222.00,https://aurayou2.lot-lot.com/image/32/2025/03/442ba8f36d487342bdc90cfd66807196.jpg,https://aurayou2.lot-lot.com/image/32/2025/03/442ba8f36d487342bdc90cfd66807196.jpg|https://aurayou2.lot-lot.com/image/32/2025/03/7c7e145ecd40c4a1d3166ca99895368e.jpg|https://aurayou2.lot-lot.com/image/32/2025/03/98a1f31cfc5b6dc69867591a8d9c2bdc.jpg|https://aurayou2.lot-lot.com/image/32/2025/03/f73cf8fee827cf877da233b0efaa3b52.jpg|https://aurayou2.lot-lot.com/image/32/2025/03/8e8aad6ce8bcd0a4e0319dc068430d59.jpg|https://aurayou2.lot-lot.com/image/32/2025/03/c5d5fed156fa704ab8d38a2dd39280d2.jpg,▫️▪️白月光紫锂辉海蓝宝手串 - 材质：白月光，海蓝宝，紫锂辉 尺寸：11mm,831|832|833|834|847|848|849|850|852|853|854|855|862|919|1054|1063
367,6573,蓝玛瑙白月光白水晶手串BAC898,112.00,https://aurayou2.lot-lot.com/image/32/2025/02/ee54d45a29396bcc4cb218eb2b009c53.jpg,https://aurayou2.lot-lot.com/image/32/2025/02/ee54d45a29396bcc4cb218eb2b009c53.jpg|https://aurayou2.lot-lot.com/image/32/2025/02/b2db17b44d93f42e23645d35198fcee7.jpg|https://aurayou2.lot-lot.com/image/32/2025/02/6b44e17895b511b2edb25ec67948a7e3.jpg|https://aurayou2.lot-lot.com/image/32/2025/02/55086320c3d5268951d8c91c6b4193f1.jpg|https://aurayou2.lot-lot.com/image/32/2025/02/db3ed798497129276533e5b235721fe9.jpg|https://aurayou2.lot-lot.com/image/32/2025/02/a7015a016e7b4e9218887bb1ac069481.jpg,▫️▪️蓝玛瑙白月光白水晶手串 - 材质：蓝玛瑙，白月光，红纹石，粉晶，白水晶桶珠 尺寸：10mm,831|832|833|834|847|848|849|850|851|852|853|860|862|919
368,5801,白月光黄水晶扎基拉姆手串BAC776,130.00,https://aurayou2.lot-lot.com/image/32/2025/01/2dbc99685599e9f862102dbb8f8f145c.jpg,https://aurayou2.lot-lot.com/image/32/2025/01/2dbc99685599e9f862102dbb8f8f145c.jpg|https://aurayou2.lot-lot.com/image/32/2025/01/14f7c8989a0815c05a2344ef68083c56.jpg|https://aurayou2.lot-lot.com/image/32/2025/01/aa2ce9adeae01de18477aa1457e2ef6a.jpg|https://aurayou2.lot-lot.com/image/32/2025/01/33453bdf7fc7c092d89853d40d4aa4fe.jpg|https://aurayou2.lot-lot.com/image/32/2025/01/405f76d9b3e60346530f1c28394396a7.jpg|https://aurayou2.lot-lot.com/image/32/2025/01/6861ec33cc3ce033e2602ba4e36ec94b.jpg,▫️▪️白月光黄水晶扎基拉姆手串 - 材质：白月光、黄水晶 尺寸：10mm,831|832|833|834|845|846|848|849|850|852|853|854|860|862|866|919
369,5799,白月光海蓝宝手串BAC774,125.00,https://aurayou2.lot-lot.com/image/32/2025/01/4ab4609dfb13c85e0d7e39816e0eb6b4.jpg,https://aurayou2.lot-lot.com/image/32/2025/01/4ab4609dfb13c85e0d7e39816e0eb6b4.jpg|https://aurayou2.lot-lot.com/image/32/2025/01/36cbd149943388d2a16782cc8109e5a8.jpg|https://aurayou2.lot-lot.com/image/32/2025/01/9bcb67b1b8d421ff155db091aa5af31e.jpg|https://aurayou2.lot-lot.com/image/32/2025/01/32887ab83513676beb92606425827fe3.jpg|https://aurayou2.lot-lot.com/image/32/2025/01/f8d9e7a9b3065152ef0c694bb0506373.jpg|https://aurayou2.lot-lot.com/image/32/2025/01/db48e677f487b1f61dc7cb09d66261a8.jpg,▫️▪️白月光海蓝宝手串 - 材质：白月光、海蓝宝 尺寸：10mm/12mm,831|832|833|834|847|848|849|850|852|853|855|857|860|862|919
370,7908,鹰眼石蓝晶海蓝宝手串BAC1084,350.00,https://aurayou2.lot-lot.com/image/32/2025/05/ffc478eda374a310c357decfce450c9f.jpg,https://aurayou2.lot-lot.com/image/32/2025/05/ffc478eda374a310c357decfce450c9f.jpg|https://aurayou2.lot-lot.com/image/32/2025/05/6296e1e5a3048ab3c9fc079b2d233620.jpg|https://aurayou2.lot-lot.com/image/32/2025/05/2099aca0b458a8cd4d2f6e5243362cad.jpg|https://aurayou2.lot-lot.com/image/32/2025/05/d41b2cfb9c602bf32cd02f7f17d407ce.jpg|https://aurayou2.lot-lot.com/image/32/2025/05/4899a674fb4b25ea6a9897a8a004b041.jpg|https://aurayou2.lot-lot.com/image/32/2025/05/02189157e3dbf708aa98a2dfeb495622.jpg,▫️▪️鹰眼石蓝晶海蓝宝手串 - 材质&尺寸：鹰眼石14mm、蓝晶13mm、海蓝宝11mm,831|832|833|834|846|847|849|850|852|859|861|921|1054|1212
371,8935,灰月光多宝手串BAC1207x,212.00,https://aurayou2.lot-lot.com/image/32/2025/07/613ae1dc7db1ace4b606ae3abb19d304.jpg,https://aurayou2.lot-lot.com/image/32/2025/07/613ae1dc7db1ace4b606ae3abb19d304.jpg|https://aurayou2.lot-lot.com/image/32/2025/07/bac9bf474262769413458dccdbdf576a.jpg|https://aurayou2.lot-lot.com/image/32/2025/07/e5e6d4e3253100d7e27b7c481fb74fad.jpg|https://aurayou2.lot-lot.com/image/32/2025/07/9b9aecbe1a460bebe3d352ab4c0d4da8.jpg|https://aurayou2.lot-lot.com/image/32/2025/07/45abd32824edebcc3e40f12600733899.jpg|https://aurayou2.lot-lot.com/image/32/2025/07/68230297c6be12be7f206aa87d189484.jpg,"▫️▪️灰月光多宝手串 - 材质&尺寸：灰月光5.5mm,黄塔晶11mm,千层幽灵13mm,黄虎眼10mm,蓝晶12mm,红胶花11.5,天河石10mm,白月光9mm",831|832|833|834|845|846|847|848|849|850|851|852|853|854|858|863|865|922|1054|1802
372,8631,灰月光海蓝宝手串BAC115x,325.00,https://aurayou2.lot-lot.com/image/32/2025/07/a04ef60a21457aff8bb08efa10e7f3c1.jpg,https://aurayou2.lot-lot.com/image/32/2025/07/a04ef60a21457aff8bb08efa10e7f3c1.jpg|https://aurayou2.lot-lot.com/image/32/2025/07/2bb7f4085908bace7547a36b6f69d07f.jpg|https://aurayou2.lot-lot.com/image/32/2025/07/2531aeaf7b74e4704d9af21f5650a151.jpg|https://aurayou2.lot-lot.com/image/32/2025/07/8254e152dc53cf7f5a89af03cf745e4c.jpg|https://aurayou2.lot-lot.com/image/32/2025/07/21432353f0cf47e9f2638609581c6b0d.jpg|https://aurayou2.lot-lot.com/image/32/2025/07/6045f018c46407ee17da7704b4a8aff0.jpg,▫️▪️灰月光海蓝宝手串 - 材质&尺寸：灰月光6mm，海蓝宝13.5mm,831|832|833|834|847|849|850|852|858|863|865|922|1054|1690
373,7659,奶茶月光雪花幽灵手串BAC1015,168.00,https://aurayou2.lot-lot.com/image/32/2025/04/7eaf0ae71f4fc99c5952629797f6cfdb.jpg,https://aurayou2.lot-lot.com/image/32/2025/04/7eaf0ae71f4fc99c5952629797f6cfdb.jpg|https://aurayou2.lot-lot.com/image/32/2025/04/f11f99e2592238e5861d59bd6636dc72.jpg|https://aurayou2.lot-lot.com/image/32/2025/04/74105376e4043edc6ef4aab3adcf0c2e.jpg|https://aurayou2.lot-lot.com/image/32/2025/04/174aa022b0fb92994cd891e2e5e636e1.jpg|https://aurayou2.lot-lot.com/image/32/2025/04/0f4c691a56e3aef851646ee5268d5676.jpg|https://aurayou2.lot-lot.com/image/32/2025/04/023a7ddfa238659c7263ddb9268fb7c2.jpg,▫️▪️奶茶月光雪花幽灵手串 - 材质：奶茶月光，雪花幽灵 尺寸：11mm,831|832|833|834|845|846|849|850|852|853|859|862|922|1054|1188
374,5722,灰月光海蓝宝手串BAC686,290.00,https://aurayou2.lot-lot.com/image/32/2025/01/31172d09ac2c840f6b900d4a0e13075c.jpg,https://aurayou2.lot-lot.com/image/32/2025/01/31172d09ac2c840f6b900d4a0e13075c.jpg|https://aurayou2.lot-lot.com/image/32/2025/01/fd3d81f2c458a0021ba3939baba7414e.jpg|https://aurayou2.lot-lot.com/image/32/2025/01/2016ac35d846301421802c3f20d19154.jpg|https://aurayou2.lot-lot.com/image/32/2025/01/b57b22950d9fc900ccd178ef0893c1e5.jpg|https://aurayou2.lot-lot.com/image/32/2025/01/8ad7ca211906907aaaf0b1b7f425cd18.jpg|https://aurayou2.lot-lot.com/image/32/2025/01/94a61ba11d0664faa9e7da0adf0ef2f4.jpg,▫️▪️灰月光海蓝宝手串 - 材质：灰月光、海蓝宝 尺寸：12-13mm,831|832|833|834|849|850|852|859|862|922
375,6942,金骨干茶晶手串BAC1017,120.00,https://aurayou2.lot-lot.com/image/32/2025/03/4e6750567aea1687d8aa0afa26e5b3c7.jpg,https://aurayou2.lot-lot.com/image/32/2025/03/4e6750567aea1687d8aa0afa26e5b3c7.jpg|https://aurayou2.lot-lot.com/image/32/2025/03/d0c3ed94ce3968289e549082b64f65d3.jpg|https://aurayou2.lot-lot.com/image/32/2025/03/91d2d2a9f15571569e113fbec64d7a11.jpg|https://aurayou2.lot-lot.com/image/32/2025/03/e742c0965313cddf6294a6a83fd8ff0a.jpg|https://aurayou2.lot-lot.com/image/32/2025/03/20711e1a2bee3227f1b06525c87c66b3.jpg|https://aurayou2.lot-lot.com/image/32/2025/03/f8223bdac4f9edb18d0d83a306670d70.jpg,▫️▪️金骨干茶晶手串 - 材质：茶水晶，金骨干 尺寸：11mm,831|832|833|834|850|851|852|859|862|925|1054|1063
376,6436,茶水晶手串BAC917,172.00,https://aurayou2.lot-lot.com/image/32/2025/01/1fe4a1b4f47f3d374c25ac563ecd1d77.jpg,https://aurayou2.lot-lot.com/image/32/2025/01/1fe4a1b4f47f3d374c25ac563ecd1d77.jpg|https://aurayou2.lot-lot.com/image/32/2025/01/07ec3b979e6f85914a5d2a42ba390345.jpg|https://aurayou2.lot-lot.com/image/32/2025/01/57b16a5d1cfc66e1d67f81144144ce4c.jpg|https://aurayou2.lot-lot.com/image/32/2025/01/e390180070123bf7a44d2a38ca54b270.jpg|https://aurayou2.lot-lot.com/image/32/2025/01/72ac3ae9808a538dd0b39d02300b6310.jpg|https://aurayou2.lot-lot.com/image/32/2025/01/6df561d158b0bc2534b6ade5eaf376af.jpg,▫️▪️茶水晶手串 - 材质：茶水晶 尺寸：10mm,831|832|833|834|850|852|858|860|862|925
377,6388,茶水晶手串（男士）BAC419,185.00,https://aurayou2.lot-lot.com/image/32/2025/01/9cb506c15e0d9a02ad11bf5bdbac6deb.jpg,https://aurayou2.lot-lot.com/image/32/2025/01/9cb506c15e0d9a02ad11bf5bdbac6deb.jpg|https://aurayou2.lot-lot.com/image/32/2025/01/9498e38da0c6f92b2b9aa0ee158c6e3b.jpg|https://aurayou2.lot-lot.com/image/32/2025/01/2b65b16f893f3bb02861d0f56df71f9c.jpg|https://aurayou2.lot-lot.com/image/32/2025/01/d070370267f9a0f56858b16c8472d838.jpg|https://aurayou2.lot-lot.com/image/32/2025/01/af4a14c52ff206bc641c1a67126ec2ae.jpg|https://aurayou2.lot-lot.com/image/32/2025/01/2e3abd70d96a5f594ef96d636dea0151.jpg,▫️▪️ 茶水晶手串（男士） - 材质：茶水晶 尺寸：13mm,831|834|870|925
378,9686,天蝎座｜深邃守护手串BAC1302,306.00,https://aurayou2.lot-lot.com/image/32/2025/08/a944f065892ab9ab09db499d3e637dce.jpg,https://aurayou2.lot-lot.com/image/32/2025/08/a944f065892ab9ab09db499d3e637dce.jpg|https://aurayou2.lot-lot.com/image/32/2025/08/3ded2f94d2b4788e07d7134cd3f2598e.jpg|https://aurayou2.lot-lot.com/image/32/2025/08/9079946ca0991c7c9ffd708508d009a5.jpg|https://aurayou2.lot-lot.com/image/32/2025/08/b613b51a1ec906b269349346da026526.jpg|https://aurayou2.lot-lot.com/image/32/2025/08/02450bf3e2b23ada62646b167d374e89.jpg|https://aurayou2.lot-lot.com/image/32/2025/08/4d185a4e5184fb2fe6ba7257094b2ae1.jpg,▫️▪️**【天蝎座｜深邃守护手串】** &nbsp; 拉长石 蓝月光 紫水晶 葡萄石 金发晶 海蓝宝 黄塔晶 小珠6-8m、大珠9-10m,831|832|833|834|845|846|847|848|849|850|851|852|854|858|1054|1526|2058|2173
379,9682,巨蟹座｜温柔守护手串BAC1298,306.00,https://aurayou2.lot-lot.com/image/32/2025/08/af7e0aa9212d855e4812a407b0944e7b.jpg,https://aurayou2.lot-lot.com/image/32/2025/08/af7e0aa9212d855e4812a407b0944e7b.jpg|https://aurayou2.lot-lot.com/image/32/2025/08/64c5bcf4172408ef6ba1d29debc99457.jpg|https://aurayou2.lot-lot.com/image/32/2025/08/f5d9c8744bce0faf28144a2413a9e357.jpg|https://aurayou2.lot-lot.com/image/32/2025/08/2525c3e3c8dd0d595cb8fe295f29bef4.jpg|https://aurayou2.lot-lot.com/image/32/2025/08/13344501f3cda0617e8b48f9d01c1d02.jpg|https://aurayou2.lot-lot.com/image/32/2025/08/cc7947122a01d3f1b9bb14320079c00c.jpg,▫️▪️**【巨蟹座｜温柔守护手串】** &nbsp; 紫水晶 白水晶 草莓晶 南红玛瑙 海蓝宝 黄塔晶 白水晶刻面 尺寸：小珠6-8m、大珠9-10m,831|832|833|834|845|846|847|848|849|850|851|852|853|854|858|1054|1526|2058|2173
380,9539,生肖猪｜富足稳厚手串BAC1325,280.00,https://aurayou2.lot-lot.com/image/32/2025/08/ba78a646aab881a908a3e4e20503a4ba.jpg,https://aurayou2.lot-lot.com/image/32/2025/08/ba78a646aab881a908a3e4e20503a4ba.jpg|https://aurayou2.lot-lot.com/image/32/2025/08/88a632dcde3ce1efb3a0e260733a86bd.jpg|https://aurayou2.lot-lot.com/image/32/2025/08/f47986521ccb7ad51402247704233bb6.jpg|https://aurayou2.lot-lot.com/image/32/2025/08/577c150ae1ee823277391f58a24da6f3.jpg|https://aurayou2.lot-lot.com/image/32/2025/08/5daebe9cd41ad22eb2d20ec2a8f7ff7b.jpg|https://aurayou2.lot-lot.com/image/32/2025/08/d6dc4fb5f477ac48c849d11271c49ece.jpg,【生肖猪｜富足稳厚手串】 红焦花12mm+ 黄水晶12mm+ 茶水晶12mm+ 白水晶12mm+ 黄虎眼12mm+ 草莓晶12mm+ 黄胶花12mm+ 黄塔晶12mm+ 金发晶12mm+ 黑金超12mm+ 爱心隔珠 隔珠,831|832|833|834|845|846|847|848|849|850|851|852|853|854|858|1054|1526|2171|2172
381,9536,生肖狗｜忠诚守护手串BAC1324,280.00,https://aurayou2.lot-lot.com/image/32/2025/08/6edba8061f61e1d446c26fc70fb0865d.jpg,https://aurayou2.lot-lot.com/image/32/2025/08/6edba8061f61e1d446c26fc70fb0865d.jpg|https://aurayou2.lot-lot.com/image/32/2025/08/9871ff75777c6fb239bb53a054816ce6.jpg|https://aurayou2.lot-lot.com/image/32/2025/08/9c00cded85094aa496ebbe955050ea4a.jpg|https://aurayou2.lot-lot.com/image/32/2025/08/ad557372954fbcd950b1ced05a42ef1c.jpg|https://aurayou2.lot-lot.com/image/32/2025/08/a9b47222c3048ac272a5d7687bc599ea.jpg|https://aurayou2.lot-lot.com/image/32/2025/08/6e13f9a70285986c39ad82924803fbe3.jpg,【生肖狗｜忠诚守护手串】 草莓晶12mm+ 黄胶花13mm+ 茶水晶12mm+ 黑曜石12mm+ 紫水晶12mm+ 白阿赛12mm+ 粉水晶12mm+ 白幽灵12mm+ 隔珠 双排钻隔珠 隔片,831|832|833|834|845|846|847|848|849|850|851|852|853|854|858|1054|1526|2171|2172
382,9535,生肖鸡｜沉稳远见手串BAC1323,280.00,https://aurayou2.lot-lot.com/image/32/2025/08/fde36a06084d2dbbb3b5cf7e0a516e77.jpg,https://aurayou2.lot-lot.com/image/32/2025/08/fde36a06084d2dbbb3b5cf7e0a516e77.jpg|https://aurayou2.lot-lot.com/image/32/2025/08/06f9c68bb63dc44f36ece844b9e5e8e5.jpg|https://aurayou2.lot-lot.com/image/32/2025/08/41e15849b3f9d206b88631e4a63fbcbb.jpg|https://aurayou2.lot-lot.com/image/32/2025/08/c00058de5cae6c74a4b94bb82d594538.jpg|https://aurayou2.lot-lot.com/image/32/2025/08/1437be23d5d972f8d229505b30e31243.jpg|https://aurayou2.lot-lot.com/image/32/2025/08/7ee25d2b94a36a7ce44bad44f3d09223.jpg,【生肖鸡｜沉稳远见手串】 茶水晶12mm+ 鹰眼石12mm+ 黑曜石13mm+ 白水晶12mm+ 绿幽灵12mm+ 金发晶12mm+ 紫水晶12mm+ 黑金超12mm+ 黄水晶12mm+ 隔珠 方钻隔珠,831|832|833|834|845|846|847|848|849|850|851|852|853|854|858|1054|1526|2171|2172
383,9534,生肖猴｜灵动多智手串BAC1322,399.00,https://aurayou2.lot-lot.com/image/32/2025/08/bf2d2291d7c03748812854d81da0dba6.jpg,https://aurayou2.lot-lot.com/image/32/2025/08/bf2d2291d7c03748812854d81da0dba6.jpg|https://aurayou2.lot-lot.com/image/32/2025/08/b4e188a8ad7b9b8f7510bb20d4c97f61.jpg|https://aurayou2.lot-lot.com/image/32/2025/08/4de6d139c90aeae77104fbc34c0249be.jpg|https://aurayou2.lot-lot.com/image/32/2025/08/85ec396fad0db395303ce7450a139d16.jpg|https://aurayou2.lot-lot.com/image/32/2025/08/883140ae19a23bbcf3804dd988a1f475.jpg|https://aurayou2.lot-lot.com/image/32/2025/08/bc0e82b7af11519e22d7ba165b2cfd81.jpg,【生肖猴｜灵动多智手串】 黑曜石12mm+ 黑金超12mm+ 海蓝宝12mm+ 黄水晶12mm+ 黄塔晶12mm+ 蓝晶12mm+ 绿水晶12mm+ 白水晶12mm+ 隔珠 方钻隔珠,831|832|833|834|845|846|847|849|850|851|852|853|854|858|1054|1526|2171|2172
384,9528,生肖羊｜稳健丰盈手串BAC1321,399.00,https://aurayou2.lot-lot.com/image/32/2025/08/c3c4c948f67baef8c9a3915e3103c7a0.jpg,https://aurayou2.lot-lot.com/image/32/2025/08/c3c4c948f67baef8c9a3915e3103c7a0.jpg|https://aurayou2.lot-lot.com/image/32/2025/08/1eedb26b781e99943d02a207dee1f196.jpg|https://aurayou2.lot-lot.com/image/32/2025/08/f8d6013ec5e0d59b8893eee17949a818.jpg|https://aurayou2.lot-lot.com/image/32/2025/08/a0088e6a138e3eaf32e5075398cb20ce.jpg|https://aurayou2.lot-lot.com/image/32/2025/08/003e55ac85f9a5e4526b6ac6b9e45dad.jpg|https://aurayou2.lot-lot.com/image/32/2025/08/faf3290811d2fd17ac3e774305efa6ca.jpg,【生肖羊｜稳健丰盈手串】 黄塔晶12mm+ 白幽灵12mm+ 红焦花12mm+ 黑金超12mm+ 金发晶12mm+ 海蓝宝12mm+ 白水晶方块 隔珠 双排钻隔珠 隔片,831|832|833|834|845|846|847|848|849|850|851|852|853|854|858|1054|1526|2171|2172
385,9527,生肖马｜果敢前行手串BAC1320,280.00,https://aurayou2.lot-lot.com/image/32/2025/08/18d7f879021c2fd814c242ce05a4578e.jpg,https://aurayou2.lot-lot.com/image/32/2025/08/18d7f879021c2fd814c242ce05a4578e.jpg|https://aurayou2.lot-lot.com/image/32/2025/08/3ce35cf624cc0c2e51084d4a11c4fa4a.jpg|https://aurayou2.lot-lot.com/image/32/2025/08/ef38dd667bc21f5b96f739529c453d91.jpg|https://aurayou2.lot-lot.com/image/32/2025/08/fb39145159505c1d2cdc7929e2a722c5.jpg|https://aurayou2.lot-lot.com/image/32/2025/08/51212f80e71a8aa64d1b43ae4d695d87.jpg|https://aurayou2.lot-lot.com/image/32/2025/08/384df009cb624c67430d65ed696ff295.jpg,【生肖马｜果敢前行手串】 黄塔晶12mm+ 紫水晶12mm+ 草莓晶12mm+ 深紫水晶12mm+ 白幽灵12mm+ 柠檬黄水晶12mm+ 白水晶12mm+ 红焦花12mm+ 白水晶扭扭珠 隔珠,831|832|833|834|845|846|847|848|849|850|851|852|853|854|858|1054|1526|2171|2172
386,9525,生肖蛇｜智慧沉稳手串BAC1319,280.00,https://aurayou2.lot-lot.com/image/32/2025/08/27da9b02f558e1c0f9e4fdb6e41b1a5a.jpg,https://aurayou2.lot-lot.com/image/32/2025/08/27da9b02f558e1c0f9e4fdb6e41b1a5a.jpg|https://aurayou2.lot-lot.com/image/32/2025/08/d60756acab28eb3165ee69cda29d098f.jpg|https://aurayou2.lot-lot.com/image/32/2025/08/b1bf5229407c0bd81a31ba4b199de065.jpg|https://aurayou2.lot-lot.com/image/32/2025/08/a0697f287f4a3c61bf9c6e0a1eeb49b3.jpg|https://aurayou2.lot-lot.com/image/32/2025/08/bc964726cd5aa9fbeb93b22ccedf136d.jpg|https://aurayou2.lot-lot.com/image/32/2025/08/7fbea1a81c8960c85425d49147f8f64c.jpg,【生肖蛇｜智慧沉稳手串】 紫水晶12mm+ 粉水晶12mm+ 白水晶12mm+ 拉长石12mm+ 黑金超12mm+ 白幽灵12mm+ 隔珠 菱形钻隔珠,831|832|833|834|845|846|847|848|849|850|851|852|853|858|1054|1526|2171|2172
387,9524,生肖龙｜蓄势腾飞手串BAC1318,280.00,https://aurayou2.lot-lot.com/image/32/2025/08/49d745ebf2501d2cdcb888e99c1b5dbc.jpg,https://aurayou2.lot-lot.com/image/32/2025/08/49d745ebf2501d2cdcb888e99c1b5dbc.jpg|https://aurayou2.lot-lot.com/image/32/2025/08/3eec9b64953c256b199673666eba3554.jpg|https://aurayou2.lot-lot.com/image/32/2025/08/d3686f6f6dfbdae233df1666d0337f81.jpg|https://aurayou2.lot-lot.com/image/32/2025/08/7cc604465753b4227a83dc0000ce66ed.jpg|https://aurayou2.lot-lot.com/image/32/2025/08/e0faa4132820b3e17be6f0a498f55f36.jpg|https://aurayou2.lot-lot.com/image/32/2025/08/a2fdce8732a4c508869784fff1691c87.jpg,【生肖龙｜蓄势腾飞手串】 粉水晶12mm+ 黑金超12mm+ 草莓晶12mm+ 白水晶12mm+ 紫水晶12mm+ 黄水晶12mm+ 金发晶12mm+ 满钻隔珠 菱形钻隔珠,831|832|833|834|845|846|847|848|849|850|851|852|853|854|858|1054|1526|2171|2172
388,9523,生肖兔｜温润进阶手串BAC1317,399.00,https://aurayou2.lot-lot.com/image/32/2025/08/6fdd9795b7cc8c7b140cb23b86d84930.jpg,https://aurayou2.lot-lot.com/image/32/2025/08/6fdd9795b7cc8c7b140cb23b86d84930.jpg|https://aurayou2.lot-lot.com/image/32/2025/08/3f6cce0bccd3d12b519905738625f004.jpg|https://aurayou2.lot-lot.com/image/32/2025/08/0abb22e16d077f2037a3a7c3a9045291.jpg|https://aurayou2.lot-lot.com/image/32/2025/08/b3c0713d39a12d8b3b2efdb65691c1fd.jpg|https://aurayou2.lot-lot.com/image/32/2025/08/aa3cc98217698623a1b7f3c47a69a7f2.jpg|https://aurayou2.lot-lot.com/image/32/2025/08/dc2e36cb259a3a6160675faff6a1cf5e.jpg,【生肖兔｜温润进阶手串】 黑发晶11mm+ 黄水晶12mm+ 海蓝宝12mm+ 白水晶12mm+ 粉水晶12mm+ 黑金超12mm+ 紫水晶12mm+ 绿幽灵11mm+ 白水晶方块 满钻隔珠,831|832|833|834|845|846|847|848|849|850|851|852|853|854|858|1054|1526|2171|2172
389,9522,生肖虎｜勇毅突破手串BAC1316,280.00,https://aurayou2.lot-lot.com/image/32/2025/08/e3f39be18ea44ef5047b2ac96ee095e9.jpg,https://aurayou2.lot-lot.com/image/32/2025/08/e3f39be18ea44ef5047b2ac96ee095e9.jpg|https://aurayou2.lot-lot.com/image/32/2025/08/3bc5e9c8a4cf31cec0a6966442de1331.jpg|https://aurayou2.lot-lot.com/image/32/2025/08/0f5c575e73e98a9a03e546d126ffab0b.jpg|https://aurayou2.lot-lot.com/image/32/2025/08/0d55f0d1bb054c931645c9a30ae583f1.jpg|https://aurayou2.lot-lot.com/image/32/2025/08/28b3318070a59f78a95cb32ef0534c0c.jpg|https://aurayou2.lot-lot.com/image/32/2025/08/b92356a5e85f5e3e3880a6ff3b7fa9a8.jpg,【生肖虎｜勇毅突破手串】 紫水晶12mm+ 海蓝宝12mm+ 白幽灵11mm+ 黄虎眼11mm+ 黑发晶11mm+ 绿幽灵11mm+ 金曜石11mm+ 黑金超10mm+ 树叶隔珠 满钻隔珠,831|832|833|834|846|847|849|850|851|852|853|858|1054|1526|2171|2172
390,9521,生肖牛｜稳健聚势手串BAC1315,280.00,https://aurayou2.lot-lot.com/image/32/2025/08/5b9e8e39cebe8662b35b9a4f19c8927c.jpg,https://aurayou2.lot-lot.com/image/32/2025/08/5b9e8e39cebe8662b35b9a4f19c8927c.jpg|https://aurayou2.lot-lot.com/image/32/2025/08/39161aba0eb7f00f1a5a4fc6b6baecf8.jpg|https://aurayou2.lot-lot.com/image/32/2025/08/74d09b7430fff109df19458ee4cc5129.jpg|https://aurayou2.lot-lot.com/image/32/2025/08/81e3b095b8f71e803e8dc2394acd439e.jpg|https://aurayou2.lot-lot.com/image/32/2025/08/f8db3dfdd89f93375d6f2f408c096a6b.jpg|https://aurayou2.lot-lot.com/image/32/2025/08/93b04bededd1c496d2d7a5eff3000815.jpg,【生肖牛｜稳健聚势手串】 草莓晶12mm+ 白水晶12mm+ 红胶花12mm+ 黄虎眼12mm+ 浅紫水晶12mm+ 白幽灵12mm+ 透紫水晶12mm+ 粉水晶12mm+ 金发晶12mm+ 金虎眼12mm+ 蓝月光12mm+ 黄塔晶12mm+ 金色隔珠,831|832|833|834|845|846|847|848|849|850|851|852|853|854|858|1054|1526|2171|2172
391,9520,生肖鼠｜灵动聚福手串BAC1314,280.00,https://aurayou2.lot-lot.com/image/32/2025/08/0874d84f6869e8bc6b0431f82f9e2c84.jpg,https://aurayou2.lot-lot.com/image/32/2025/08/0874d84f6869e8bc6b0431f82f9e2c84.jpg|https://aurayou2.lot-lot.com/image/32/2025/08/196c161ec673c7eacbd909ed96d6d0d4.jpg|https://aurayou2.lot-lot.com/image/32/2025/08/30ca949a73a7b9f1fd5a69cd775e1edc.jpg|https://aurayou2.lot-lot.com/image/32/2025/08/b53e3810ae453cbdc863d2ed580095f7.jpg|https://aurayou2.lot-lot.com/image/32/2025/08/331c4d6e9e194cbecddc0cf02154c0d7.jpg|https://aurayou2.lot-lot.com/image/32/2025/08/32bce1bb518824b0aea8ea8dc486a41b.jpg,【生肖鼠｜灵动聚福手串】 粉水晶11mm 粉水晶13mm 熏衣草紫水晶12mm+ 浅紫水晶12mm+ 柠檬黄水晶12mm+ 深紫水晶12mm+ 金发晶12mm+ 黑金超12mm+ 草莓晶12mm+ 合金隔珠 隔片隔珠 &nbsp;,831|832|833|834|845|846|847|848|849|850|851|852|853|854|858|1054|1526|2171|2172
392,9485,红绿系多宝手串BAC1188,320.00,https://aurayou2.lot-lot.com/image/32/2025/08/cf77c8c9ac16abaf12b081eaf1096cd9.jpg,https://aurayou2.lot-lot.com/image/32/2025/08/cf77c8c9ac16abaf12b081eaf1096cd9.jpg|https://aurayou2.lot-lot.com/image/32/2025/08/8095525eb0a376e02cd536ea0262e3ce.jpg|https://aurayou2.lot-lot.com/image/32/2025/08/090ea8aa7e6d78a8f0d8a025fe6246b6.jpg|https://aurayou2.lot-lot.com/image/32/2025/08/17ea8954c57a127b02fa81b5e4f372ae.jpg|https://aurayou2.lot-lot.com/image/32/2025/08/38ed6ba66ddb0505d429b39aa7e6b2f2.jpg|https://aurayou2.lot-lot.com/image/32/2025/08/13fe2a3707ebe2e0f4106d1db70fb0e6.jpg,▫️▪️红绿系多宝手串 - 材质&尺寸：红胶花13.5mm，红胶花10.5mm，绿幽灵10.5mm，绿龙晶10mm，黑金超10mm，绿发晶10mm，红胶花方糖,831|832|833|834|845|846|850|851|852|854|858|862|1054|1526|2061
393,9484,海蓝宝绿幽灵黑发晶白水手串BAC1310,838.00,https://aurayou2.lot-lot.com/image/32/2025/08/1020a11a4057beedc0c15e5d2829ab44.jpg,https://aurayou2.lot-lot.com/image/32/2025/08/1020a11a4057beedc0c15e5d2829ab44.jpg|https://aurayou2.lot-lot.com/image/32/2025/08/f80c007c833e4084990a8159af0d4eeb.jpg|https://aurayou2.lot-lot.com/image/32/2025/08/04e78e71bae9ec016845d80912f67bfa.jpg|https://aurayou2.lot-lot.com/image/32/2025/08/1c2ad5e69690d5ed36de1bdb1b565948.jpg|https://aurayou2.lot-lot.com/image/32/2025/08/bfa51d5d262cdf17eee2baa1e1d96b70.jpg|https://aurayou2.lot-lot.com/image/32/2025/08/54f4c160873d6d8da8c5c55ebbc10d75.jpg,▫️▪️海蓝宝绿幽灵黑发晶白水手串 - 材质&尺寸：海蓝宝13.5mm，绿幽灵13mm，黑发晶12.5mm，白水晶12.5mm，银曜石13.5mm,831|832|833|834|845|846|847|849|850|851|852|853|854|858|862|1054|1526|2061
394,9483,岫玉白阿塞手串BAC1183,166.00,https://aurayou2.lot-lot.com/image/32/2025/08/1f4ea62dd1ce14080df128451b554d64.jpg,https://aurayou2.lot-lot.com/image/32/2025/08/1f4ea62dd1ce14080df128451b554d64.jpg|https://aurayou2.lot-lot.com/image/32/2025/08/a114865ab41f415169d7345a72791b56.jpg|https://aurayou2.lot-lot.com/image/32/2025/08/1f8d5f402c7d8d45025dd2a715db65b0.jpg|https://aurayou2.lot-lot.com/image/32/2025/08/838867cf1e5aa7e8196ef62404d7f0dc.jpg|https://aurayou2.lot-lot.com/image/32/2025/08/c387316f40164c088c7f3d29860def74.jpg|https://aurayou2.lot-lot.com/image/32/2025/08/fe354a2c5e84de8e125f97cd2132f0cd.jpg,▫️▪️岫玉白阿塞手串 - 材质&尺寸：岫玉14mm，白阿塞13.5mm，白水晶12mm，红胶花12mm，黄胶花11.5mm，发晶4mm，白水晶双尖,831|832|833|834|845|846|847|848|849|850|851|852|853|854|858|862|1054|1526|2061
395,9462,双鱼座守护系列手串BAC1294,355.00,https://aurayou2.lot-lot.com/image/32/2025/08/b77dec096d3cad555c860c9a53087f7f.jpg,https://aurayou2.lot-lot.com/image/32/2025/08/b77dec096d3cad555c860c9a53087f7f.jpg|https://aurayou2.lot-lot.com/image/32/2025/08/19789c63a08750b5d8aa0e04e77af818.jpg|https://aurayou2.lot-lot.com/image/32/2025/08/d1d965f01358a769e280cad9571279f7.jpg|https://aurayou2.lot-lot.com/image/32/2025/08/badebad005abd3594d545958b509dfde.jpg|https://aurayou2.lot-lot.com/image/32/2025/08/010426f48a2555c2d1eac7020ad3b07e.jpg|https://aurayou2.lot-lot.com/image/32/2025/08/6237aa0863511fc3834721e4f492a42a.jpg,"▫️▪️双鱼座守护系列手串 - 材质&尺寸：白水晶10mm,海蓝宝10mm,紫水晶10mm,紫锂辉10mm,黑金超10mm,粉水晶10mm,黄塔晶10mm,星座银隔珠",831|832|833|834|845|846|847|848|849|850|851|852|853|854|855|1054|1526|2058|2059
396,9459,射手座守护系列手串BAC1291,355.00,https://aurayou2.lot-lot.com/image/32/2025/08/b7cdb4fd3a558af7ca247f591b5d371a.jpg,https://aurayou2.lot-lot.com/image/32/2025/08/b7cdb4fd3a558af7ca247f591b5d371a.jpg|https://aurayou2.lot-lot.com/image/32/2025/08/fd7b809eda23b92c37e2ebc62744580a.jpg|https://aurayou2.lot-lot.com/image/32/2025/08/0ce72951bca4232cd0d1869c62cf9a42.jpg|https://aurayou2.lot-lot.com/image/32/2025/08/2be8600917895341bceb3807a361723a.jpg|https://aurayou2.lot-lot.com/image/32/2025/08/c0c9a14ea328374041585b1ea9ed2da2.jpg|https://aurayou2.lot-lot.com/image/32/2025/08/4f48a4d278d5f2b5e38072df6cb7f831.jpg,"▫️▪️射手座守护系列手串 - 材质&尺寸：海蓝宝10mm,粉水晶10mm,白水晶10mm,黄水晶随型,白幽灵11mm,星座银隔珠",831|832|833|834|845|846|847|848|849|851|852|853|854|855|1054|1526|2058|2059
397,9458,天蝎座守护系列手串BAC1290,192.00,https://aurayou2.lot-lot.com/image/32/2025/08/417750baa39e9b5c0f326d378b96081a.jpg,https://aurayou2.lot-lot.com/image/32/2025/08/417750baa39e9b5c0f326d378b96081a.jpg|https://aurayou2.lot-lot.com/image/32/2025/08/10eb7042f1217bc8314bcf88a8f9b7a0.jpg|https://aurayou2.lot-lot.com/image/32/2025/08/0386133db241844d8876e08da8575a04.jpg|https://aurayou2.lot-lot.com/image/32/2025/08/090d313ce6e8e2942b4e7245b7308420.jpg|https://aurayou2.lot-lot.com/image/32/2025/08/bf68e90dd971d443169470925d40f937.jpg|https://aurayou2.lot-lot.com/image/32/2025/08/167124d93782d33a3eb1d91d7e9c3490.jpg,"▫️▪️天蝎座守护系列手串 - 材质&尺寸：粉水晶9mm,蓝月光8.7mm,紫水晶9mm,紫锂辉10mm+,白水晶扭扭珠,星座银隔珠",831|832|833|834|846|847|848|849|850|851|852|853|854|855|1054|1526|2058|2059
398,9456,处女座守护系列手串BAC1288,275.00,https://aurayou2.lot-lot.com/image/32/2025/08/d74ed9ef4416bd2c8f7678a7b53fdbba.jpg,https://aurayou2.lot-lot.com/image/32/2025/08/d74ed9ef4416bd2c8f7678a7b53fdbba.jpg|https://aurayou2.lot-lot.com/image/32/2025/08/0c380f27830d39d544523075e83c1a2f.jpg|https://aurayou2.lot-lot.com/image/32/2025/08/a7f94fea3cd441337898fedbc467e7b4.jpg|https://aurayou2.lot-lot.com/image/32/2025/08/aaa466d20fba1e066cc6b808cc9c5630.jpg|https://aurayou2.lot-lot.com/image/32/2025/08/0e0b641f70feba73e3e6aa58b179cd45.jpg|https://aurayou2.lot-lot.com/image/32/2025/08/fb07906a251e2809072ef8e44182de7b.jpg,"▫️▪️处女座守护系列手串 - 材质&尺寸：南红10mm,柠檬黄水晶10mm,金骨干10mm,白水晶刻面7-7.5mm,星座银隔珠",831|832|833|834|845|846|847|849|850|851|852|853|854|855|1054|1526|2058|2059
399,9454,巨蟹座守护系列手串BAC1286,275.00,https://aurayou2.lot-lot.com/image/32/2025/08/f2556e9f6f84859234967b176688d586.jpg,https://aurayou2.lot-lot.com/image/32/2025/08/f2556e9f6f84859234967b176688d586.jpg|https://aurayou2.lot-lot.com/image/32/2025/08/42f520440e7e1236c236ff1b7f745c35.jpg|https://aurayou2.lot-lot.com/image/32/2025/08/6f8b50c3618ead0daab175207f412575.jpg|https://aurayou2.lot-lot.com/image/32/2025/08/e664053716b9f701581899c81cebcaaf.jpg|https://aurayou2.lot-lot.com/image/32/2025/08/7ce4de744922bcdfa375dcd9c12c8860.jpg|https://aurayou2.lot-lot.com/image/32/2025/08/1cbdaa2412b04863e2d027a97887db12.jpg,"▫️▪️巨蟹座守护系列手串 - 材质&尺寸：粉水晶10mm,黄塔晶10mm,紫水晶10mm,金发晶10mm,星座银隔珠",831|832|833|834|845|846|847|848|849|850|852|854|855|1054|1526|2058|2059
400,9453,双子座守护系列手串BAC1285,192.00,https://aurayou2.lot-lot.com/image/32/2025/08/5e6e22d0e177fa8cdc43c33869691290.jpg,https://aurayou2.lot-lot.com/image/32/2025/08/5e6e22d0e177fa8cdc43c33869691290.jpg|https://aurayou2.lot-lot.com/image/32/2025/08/79ef5c6dc99e7bd7860ed728973d15ed.jpg|https://aurayou2.lot-lot.com/image/32/2025/08/ee3e273b2a1c6618abc242b50171e285.jpg|https://aurayou2.lot-lot.com/image/32/2025/08/cbb7213f7086de1d35a48925108c6300.jpg|https://aurayou2.lot-lot.com/image/32/2025/08/f1c714184b64d8b9e750bba4f0dfa1f4.jpg|https://aurayou2.lot-lot.com/image/32/2025/08/2fad7a29095dd6602d4676dae13679bc.jpg,"▫️▪️双子座守护系列手串 - 材质&尺寸：白水晶10mm,银曜石10mm,海蓝宝10mm,紫水晶10mm,紫锂辉10mm,白水晶方块,砗磲5mm,星座银隔珠",831|832|833|834|846|847|849|850|851|852|853|854|855|1054|1526|2058|2059
401,8936,多宝手串BAC1102x,352.00,https://aurayou2.lot-lot.com/image/32/2025/07/4e34f764be899ed270bdefb458c53f1d.jpg,https://aurayou2.lot-lot.com/image/32/2025/07/4e34f764be899ed270bdefb458c53f1d.jpg|https://aurayou2.lot-lot.com/image/32/2025/07/a659d96869ad67184dd24d0b4c9d373a.jpg|https://aurayou2.lot-lot.com/image/32/2025/07/279ae823af03e96ef32bb1423508b103.jpg|https://aurayou2.lot-lot.com/image/32/2025/07/b6281a1ce725d1d4d4621a542306c227.jpg|https://aurayou2.lot-lot.com/image/32/2025/07/e9b413a50cf228cec09e41df6e3043ee.jpg|https://aurayou2.lot-lot.com/image/32/2025/07/e76719caa28ec33de370ec5a43171fa2.jpg,"▫️▪️多宝手串 - 材质&尺寸：海蓝宝随形,蓝晶12.5mm,紫锂云母13mm,紫锂辉13mm,薰衣草紫12.5mm,白幽灵12mm,白水晶方糖,粉水晶12mm,太阳石14mm,红胶花13mm,黄胶花13.5mm,黄塔晶13mm,白水晶11.5mm,绿萤石12mm",831|832|833|834|845|846|847|848|849|850|851|852|853|854|858|862|1054|1526|1802
402,8930,黄色系多宝手串BAC1282,680.00,https://aurayou2.lot-lot.com/image/32/2025/07/977d28d506899ffa18baf4292c3745c1.jpg,https://aurayou2.lot-lot.com/image/32/2025/07/977d28d506899ffa18baf4292c3745c1.jpg|https://aurayou2.lot-lot.com/image/32/2025/07/e9ad6e8995e98e805e9ce8a944605308.jpg|https://aurayou2.lot-lot.com/image/32/2025/07/f0c524de05182b34c9d95d1ca8109fe8.jpg|https://aurayou2.lot-lot.com/image/32/2025/07/e8b1dc0a766ab32bbcc7eaf0e913c77b.jpg|https://aurayou2.lot-lot.com/image/32/2025/07/6b2cb7402f4267dafb5542ff05f75456.jpg|https://aurayou2.lot-lot.com/image/32/2025/07/3cd720b1c4a8d6d5775a71eecdbf1bd2.jpg,▫️▪️黄色系多宝手串 - 吸引好运｜增加能量｜事业机遇｜身心健康｜财运亨通 - 材质&尺寸：红铜发12-12.5mm，黄胶花12-12.5mm，绿幽灵12-12.5mm，红兔毛12-12.5mm，绿发晶12-12.5mm，金发晶12-12.5mm，黑金超方糖10*10mm，黑金超跑环5mm,831|832|833|834|845|846|848|849|850|851|852|854|858|862|1054|1526|1802
403,8697,【高货】五行喜木土手串BAC1265,688.00,https://aurayou2.lot-lot.com/image/32/2025/07/37ff9f0e0f26130bcd151e059ab81a05.jpg,https://aurayou2.lot-lot.com/image/32/2025/07/37ff9f0e0f26130bcd151e059ab81a05.jpg|https://aurayou2.lot-lot.com/image/32/2025/07/62b46cfb7cadb3ece4a35ccc80c4674c.jpg|https://aurayou2.lot-lot.com/image/32/2025/07/e4fe0675b6d61220e863ee97a19745c5.jpg|https://aurayou2.lot-lot.com/image/32/2025/07/d7bb40c33091f2c47261555f92d7f890.jpg|https://aurayou2.lot-lot.com/image/32/2025/07/15cafa9abe37068734fd391f28ca16ad.jpg|https://aurayou2.lot-lot.com/image/32/2025/07/f4c3f9e410c54881a83bd6331e6256f1.jpg,▫️▪️【高货】五行喜木土手串 - 材质&尺寸：金发晶12mm，红铜发12mm，黄胶花12mm，银曜石12mm，绿发晶12mm，绿幽灵12mm，星辉骨干12mm，绿发晶6mm，绿幽灵双尖，藏银方糖,831|832|833|834|845|846|848|849|850|851|852|854|858|862|1054|1206|1526|1799
404,8693,灰月光蓝晶黑发晶海蓝宝绿幽灵手串BAC1189x,228.00,https://aurayou2.lot-lot.com/image/32/2025/07/7a2c421bfd270ad05d2ff99ceb6b59de.jpg,https://aurayou2.lot-lot.com/image/32/2025/07/7a2c421bfd270ad05d2ff99ceb6b59de.jpg|https://aurayou2.lot-lot.com/image/32/2025/07/f0f5d92240715c97abb861b20efcdaf4.jpg|https://aurayou2.lot-lot.com/image/32/2025/07/d4dabbb466378d2af7cc119da2143176.jpg|https://aurayou2.lot-lot.com/image/32/2025/07/2dbf90a9b6e090c7484501b70ce7441e.jpg|https://aurayou2.lot-lot.com/image/32/2025/07/d3dfe8d3870d5633a92d1cc890425af9.jpg|https://aurayou2.lot-lot.com/image/32/2025/07/2d7356aa8cf2ea06c27cb929d13b363f.jpg,"▫️▪️灰月光蓝晶黑发晶海蓝宝绿幽灵手串 - 材质&尺寸：灰月光9.5mm,蓝晶9.5mm,黑发晶10mm,海蓝宝10mm,绿幽灵10mm,白水晶单尖",831|833|834|845|846|847|849|850|851|852|853|862|1054|1526|1799
405,8632,多宝手串BAC629x,166.00,https://aurayou2.lot-lot.com/image/32/2025/07/a4ae7c71df467c732738652c57e8d2fb.jpg,https://aurayou2.lot-lot.com/image/32/2025/07/a4ae7c71df467c732738652c57e8d2fb.jpg|https://aurayou2.lot-lot.com/image/32/2025/07/53dfd7cdd6d5f4ed5fb232a7a02be674.jpg|https://aurayou2.lot-lot.com/image/32/2025/07/aa740c387759cd6f2cada2079567c74c.jpg|https://aurayou2.lot-lot.com/image/32/2025/07/4d54b6ae409292b1d7b695f76e8b0134.jpg|https://aurayou2.lot-lot.com/image/32/2025/07/195fd4e615aed077fd2eb7566ccf5760.jpg|https://aurayou2.lot-lot.com/image/32/2025/07/ba6ae2fde80f25d8002dc5f9d8f417cb.jpg,▫️▪️多宝手串 - 材质&尺寸：红胶花、绿发晶约9mm，草莓晶、蓝晶、黄阿塞、紫晶、海蓝宝、橙月光约8.5mm,831|832|833|834|845|846|847|848|849|850|851|852|854|857|863|1054|1526|1690
406,8557,白水晶粉水晶黄水晶紫水晶海蓝宝手串BBA-A001x,108.00,https://aurayou2.lot-lot.com/image/32/2025/06/e1782bd14927166384f4fcf87a9254be.jpg,https://aurayou2.lot-lot.com/image/32/2025/06/e1782bd14927166384f4fcf87a9254be.jpg|https://aurayou2.lot-lot.com/image/32/2025/06/e44f7281b1e3505b7ad306e1f5fcd22e.jpg|https://aurayou2.lot-lot.com/image/32/2025/06/d8836a4a17c4a13ff2adc07f142db331.jpg|https://aurayou2.lot-lot.com/image/32/2025/06/d957265b37776f46c342bb009d3a3fd8.jpg|https://aurayou2.lot-lot.com/image/32/2025/06/51ef4c2baefd096397b5c3129f9dc3cf.jpg|https://aurayou2.lot-lot.com/image/32/2025/06/953d65b774ecfd4b8a6f7b6ef66a94ae.jpg,▫️▪️白水晶粉水晶黄水晶紫水晶海蓝宝手串 - 材质&尺寸：白水晶、粉晶、黄水晶、紫晶、海蓝宝约12-12.5mm,831|832|833|834|845|846|847|848|849|850|852|854|857|862|1054|1526|1686
407,8556,多宝手串BAC704x,138.00,https://aurayou2.lot-lot.com/image/32/2025/06/76259916186fe44b78d6550bdf044407.jpg,https://aurayou2.lot-lot.com/image/32/2025/06/76259916186fe44b78d6550bdf044407.jpg|https://aurayou2.lot-lot.com/image/32/2025/06/8ec366a25409e786f4964f872852d6c1.jpg|https://aurayou2.lot-lot.com/image/32/2025/06/e204382d215a83cd43663cf113b682b2.jpg|https://aurayou2.lot-lot.com/image/32/2025/06/fde479c2d6f3e72e9e9cba72b230cbcc.jpg|https://aurayou2.lot-lot.com/image/32/2025/06/84ff6a64b30968c1d69e5adc5306e369.jpg|https://aurayou2.lot-lot.com/image/32/2025/06/17bc0b86b65ba120df8ebbd1cad27728.jpg,▫️▪️多宝手串 材质&尺寸：白水晶、薰衣草紫晶、粉晶、金发晶、海蓝宝约10.5-11mm，橙月光、葡萄石、黑金超、草莓晶、黄水晶、白水晶刻面约9-9.5mm，深紫晶约9mm,831|832|833|834|845|846|847|848|849|850|851|852|853|854|857|862|1054|1526|1686
408,8555,蓝黑系多宝手串BAC339x,238.00,https://aurayou2.lot-lot.com/image/32/2025/06/e80a41bc9a985d3296932b723a102344.jpg,https://aurayou2.lot-lot.com/image/32/2025/06/e80a41bc9a985d3296932b723a102344.jpg|https://aurayou2.lot-lot.com/image/32/2025/06/a9e7fdc056535128f2adaa11cd65f2e8.jpg|https://aurayou2.lot-lot.com/image/32/2025/06/833408249b67767186cc5116eda26266.jpg|https://aurayou2.lot-lot.com/image/32/2025/06/06663c1c59939c05b5cc7448a12a7e2b.jpg|https://aurayou2.lot-lot.com/image/32/2025/06/4b329bd2702730183478fe2b33856d9d.jpg|https://aurayou2.lot-lot.com/image/32/2025/06/ed57784dfdae8721ae06c8865b04851b.jpg,▫️▪️蓝黑系多宝手串 - 材质&尺寸：鹰眼石12mm，银曜石12mm，白水晶11.5mm，蓝月光11mm，海蓝宝11mm，白水晶5.5mm,831|832|833|834|845|847|848|849|850|851|852|853|854|858|862|1054|1526|1686
409,8482,多宝手串BAC384x,258.00,https://aurayou2.lot-lot.com/image/32/2025/06/f018f1f2d7b3fac3124ba2ad87145f7e.jpg,https://aurayou2.lot-lot.com/image/32/2025/06/f018f1f2d7b3fac3124ba2ad87145f7e.jpg|https://aurayou2.lot-lot.com/image/32/2025/06/5ae80120f80823505519e0683901c36f.jpg|https://aurayou2.lot-lot.com/image/32/2025/06/571191a7500263770ee5b1fe86c4ec50.jpg|https://aurayou2.lot-lot.com/image/32/2025/06/ed08a75e524b005ae254a622207d1916.jpg|https://aurayou2.lot-lot.com/image/32/2025/06/9fecddcfeb345ee8e6480e2718d28c56.jpg|https://aurayou2.lot-lot.com/image/32/2025/06/79c15fd0ab88776625631ebf3914abd3.jpg,▫️▪️多宝手串 - 材质&尺寸：粉晶、海蓝宝、紫晶、紫锂辉、红胶花、黄胶花、绿幽灵、黄水晶11.5-12mm，粉晶随形约15mm，白水晶方糖约10mm,831|832|833|834|845|846|847|848|849|850|852|853|854|857|862|1054|1526|1685
410,8472,黄塔晶茶晶虎眼石手串BAC710x,100.00,https://aurayou2.lot-lot.com/image/32/2025/06/ceb01613224ce6b4e1d844f021fb4eda.jpg,https://aurayou2.lot-lot.com/image/32/2025/06/ceb01613224ce6b4e1d844f021fb4eda.jpg|https://aurayou2.lot-lot.com/image/32/2025/06/355db7ca3626a6112a7146f6bb883cfe.jpg|https://aurayou2.lot-lot.com/image/32/2025/06/3b5c0e8d6fc9d0c90d540306ca7df434.jpg|https://aurayou2.lot-lot.com/image/32/2025/06/8fc4219936534b791eabc8e770ed8da9.jpg|https://aurayou2.lot-lot.com/image/32/2025/06/6576f23241001e9f534ece62b61c4324.jpg|https://aurayou2.lot-lot.com/image/32/2025/06/3f5e89e8575ad4ad220847c431e5c1c9.jpg,▫️▪️黄塔晶茶晶虎眼石手串 - 材质&尺寸：黄塔晶约9mm，茶晶约10mm，黄虎眼约10mm，金虎眼约8mm,831|832|833|834|845|846|849|850|851|852|854|860|862|1054|1526|1685
411,8348,海蓝宝薰衣草黄水晶手串BAC096x,243.00,https://aurayou2.lot-lot.com/image/32/2025/06/765d401b54926906366b0cffd1179765.jpg,https://aurayou2.lot-lot.com/image/32/2025/06/765d401b54926906366b0cffd1179765.jpg|https://aurayou2.lot-lot.com/image/32/2025/06/6c604030717f58603269a5ae6cc3a96e.jpg|https://aurayou2.lot-lot.com/image/32/2025/06/5fed91fe55e9c093ebb33280534c52a9.jpg|https://aurayou2.lot-lot.com/image/32/2025/06/5572e21985eaa4132de783f3bd4a71fe.jpg|https://aurayou2.lot-lot.com/image/32/2025/06/758664740a2672f01783fcdcb3f1e70b.jpg|https://aurayou2.lot-lot.com/image/32/2025/06/81af97d7407bd161572bf7240c49bfd4.jpg,▫️▪️海蓝宝薰衣草黄水晶手串 - 材质&尺寸：海蓝宝9mm/11mm，薰衣草紫9mm，黄阿塞9mm，黄水晶8mm,831|832|833|834|845|846|847|849|850|852|854|855|863|1054|1526|1679
412,8008,多宝手串BAC1073,288.00,https://aurayou2.lot-lot.com/image/32/2025/05/950e98c612ae11adbe6d1141ea855b1f.jpg,https://aurayou2.lot-lot.com/image/32/2025/05/950e98c612ae11adbe6d1141ea855b1f.jpg|https://aurayou2.lot-lot.com/image/32/2025/05/f8e31034e7000db36b0c8da097f731b4.jpg|https://aurayou2.lot-lot.com/image/32/2025/05/a03a83a6d939a4cdcbdacfa62c9f3446.jpg|https://aurayou2.lot-lot.com/image/32/2025/05/da828a5e0009aae2a38e15046af93e68.jpg|https://aurayou2.lot-lot.com/image/32/2025/05/ac30d4073b65cb8e0f7409c37dc631fc.jpg|https://aurayou2.lot-lot.com/image/32/2025/05/34dbf9a64fe27a302cdbbc7573dddd09.jpg,▫️▪️多宝手串 - 材质：白阿塞、黄塔晶、蓝月光、海蓝宝、黄胶花、紫晶、柠檬黄水晶、草莓晶、粉水晶、紫锂辉、白水晶、黑金超、西柚粉、白水晶方糖 尺寸：13-14mm,831|832|833|834|845|846|847|848|849|850|851|852|853|854|857|861|1054|1526|1527
413,7971,紫色系多宝手串BAC077x,156.00,https://aurayou2.lot-lot.com/image/32/2025/05/1fd46402e867e66dec0d1587e55c3e39.jpg,https://aurayou2.lot-lot.com/image/32/2025/05/1fd46402e867e66dec0d1587e55c3e39.jpg|https://aurayou2.lot-lot.com/image/32/2025/05/17dcf3a8d18220c7f45a9d8db8ec29a4.jpg|https://aurayou2.lot-lot.com/image/32/2025/05/afe5d844fdfbbe0361bddda41e7d2bdd.jpg|https://aurayou2.lot-lot.com/image/32/2025/05/3fe6f66f3a1ad78b6e12db74e85fb907.jpg|https://aurayou2.lot-lot.com/image/32/2025/05/ac6b5156e077cc90ff652a0457794ce8.jpg|https://aurayou2.lot-lot.com/image/32/2025/05/cb28f79f1e94eae6f6a26abf32b07ab5.jpg,▫️▪️紫色系多宝手串 - 材质&尺寸：紫晶、紫幽灵，粉晶、紫锂辉、灰玛瑙、黑金超、蔷薇石均约10mm，红玛瑙8.5mm，闪灵双尖,831|832|833|834|845|846|847|848|849|850|851|852|853|854|858|862|1054|1226|1526
414,7968,白水晶多宝手串BAC793x,90.00,https://aurayou2.lot-lot.com/image/32/2025/05/b83001cef35c92eb467ba45b78f554ce.jpg,https://aurayou2.lot-lot.com/image/32/2025/05/b83001cef35c92eb467ba45b78f554ce.jpg|https://aurayou2.lot-lot.com/image/32/2025/05/bf7a0a3e0958551560c32b6fed733cf0.jpg|https://aurayou2.lot-lot.com/image/32/2025/05/44dd8e7189d0a3e62429389d83f97b5c.jpg|https://aurayou2.lot-lot.com/image/32/2025/05/2a45b67fbb010b83896e2b3a23863068.jpg|https://aurayou2.lot-lot.com/image/32/2025/05/be929d025098af1a6de1709bf2a94656.jpg|https://aurayou2.lot-lot.com/image/32/2025/05/8caad11793997e4c8024e10d3850c82e.jpg,▫️▪️白水晶多宝手串 - 材质&尺寸：白水晶约7.5mm，海蓝宝、黄塔晶、紫晶、草莓晶、粉晶、太阳石、和田玉约9.5-10mm,831|832|833|834|845|846|847|848|849|850|851|852|853|854|860|863|1054|1226|1526
415,7732,【五行A款】-💧✨｜五行灵光 · 水之韧｜BAC1144,208.00,https://aurayou2.lot-lot.com/image/32/2025/04/0aa7aa91da36c923d48eebb6538d5bec.jpg,https://aurayou2.lot-lot.com/image/32/2025/04/0aa7aa91da36c923d48eebb6538d5bec.jpg|https://aurayou2.lot-lot.com/image/32/2025/04/f03a4024f697b9256a1cbd7fd091668c.jpg|https://aurayou2.lot-lot.com/image/32/2025/04/9ed54971b4211a0dc907d8d191943665.jpg|https://aurayou2.lot-lot.com/image/32/2025/04/67008259f0b85a98e4dffb652701ab53.jpg|https://aurayou2.lot-lot.com/image/32/2025/04/ad0c0f13256e8d1d3886632f2336f16e.jpg|https://aurayou2.lot-lot.com/image/32/2025/04/fcdd86d68956d5f9da2cc4cfd1653246.jpg|https://aurayou2.lot-lot.com/image/32/2025/04/76e73aa6d52408edf3da4cb7d8ffd3f0.jpg,【五行A款】 &nbsp; 💧✨｜五行灵光 &middot; 水之韧｜ &nbsp; 材质&尺寸：茶水晶14mm、银曜石10mm、黑金超11mm、金骨干10.5mm、黑金超9mm,831|834|1054|1206|1207|1526
416,7731,【五行A款】-🌿✨｜五行灵光 · 木之生｜BAC1143,208.00,https://aurayou2.lot-lot.com/image/32/2025/04/69a0737ba2ae169a0a03a9da601fe9cb.jpg,https://aurayou2.lot-lot.com/image/32/2025/04/69a0737ba2ae169a0a03a9da601fe9cb.jpg|https://aurayou2.lot-lot.com/image/32/2025/04/346424ec2efd2c30e1371876f1f1c912.jpg|https://aurayou2.lot-lot.com/image/32/2025/04/39c5c47561a114c185b80fd6d2d6363e.jpg|https://aurayou2.lot-lot.com/image/32/2025/04/195de97d0149a8754d100373c80433b9.jpg|https://aurayou2.lot-lot.com/image/32/2025/04/c52c57d5772c2131279049f4afedcb37.jpg|https://aurayou2.lot-lot.com/image/32/2025/04/e61bfe841c7ce42a7ac17ab53527fa6a.jpg|https://aurayou2.lot-lot.com/image/32/2025/04/8b2d6d7b00dad9bd71b99ff6e69c7bd7.jpg,【五行A款】 &nbsp; 🌿✨｜五行灵光 &middot; 木之生｜ &nbsp; 材质&尺寸：绿发晶13.5mm、绿水晶9mm+、绿萤石10mm、岫玉11mm,831|834|1054|1206|1207|1526
417,7729,【五行A款】-💰✨｜五行灵光 · 金之明｜BAC1142,208.00,https://aurayou2.lot-lot.com/image/32/2025/04/3c9e1793a5a5bde60d51d7acf622eb0a.jpg,https://aurayou2.lot-lot.com/image/32/2025/04/3c9e1793a5a5bde60d51d7acf622eb0a.jpg|https://aurayou2.lot-lot.com/image/32/2025/04/fc8b0248677a7604ce7313563f652fa1.jpg|https://aurayou2.lot-lot.com/image/32/2025/04/3d4c8aae61d271506ba4d8a87d8f037a.jpg|https://aurayou2.lot-lot.com/image/32/2025/04/72bb9617f9eeb7e3d825b4334f35e7f3.jpg|https://aurayou2.lot-lot.com/image/32/2025/04/4e2799a2dd4904042f7c2ce4b0ff74e7.jpg|https://aurayou2.lot-lot.com/image/32/2025/04/cf8c4368392c1c07f4d7c11b91cfb381.jpg|https://aurayou2.lot-lot.com/image/32/2025/04/d9ba2a0fd871567232471fcaee7be77b.jpg,【五行A款】 &nbsp; 💰✨｜五行灵光 &middot; 金之明｜ &nbsp; 材质&尺寸：白幽灵13.5mm、白水晶10mm、蓝月光10.5mm、白月光10mm+,831|834|1054|1206|1207|1526
418,7726,【五行A款】-🔥✨｜五行灵光 · 火之热情｜BAC1141,208.00,https://aurayou2.lot-lot.com/image/32/2025/04/a81262dad4e997e36b03fce4a9946362.jpg,https://aurayou2.lot-lot.com/image/32/2025/04/a81262dad4e997e36b03fce4a9946362.jpg|https://aurayou2.lot-lot.com/image/32/2025/04/a00219d45c21deba776d81302c72bf43.jpg|https://aurayou2.lot-lot.com/image/32/2025/04/4b4b11f2b4c987d3d3d557706271c495.jpg|https://aurayou2.lot-lot.com/image/32/2025/04/3b71c6984130bcfa4ce4c09cf5a0f16d.jpg|https://aurayou2.lot-lot.com/image/32/2025/04/d10c0721c24d599429ffc91d1dd19e84.jpg|https://aurayou2.lot-lot.com/image/32/2025/04/be1ec77497e97c3a653749a446914105.jpg|https://aurayou2.lot-lot.com/image/32/2025/04/ba007d1d2c9d00ba1faec4719f0084ac.jpg,【五行A款】 &nbsp; 🔥✨｜五行灵光 &middot; 火之热情｜ &nbsp; 材质&尺寸：草莓晶11.5mm、南红玛瑙10.5mm+、粉水晶10mm、太阳石10.5mm、紫锂辉10.5mm、红胶花14mm,831|834|1054|1206|1207|1526
419,7723,【五行A款】-🌾✨｜五行灵光 · 土之稳｜BAC1140,208.00,https://aurayou2.lot-lot.com/image/32/2025/04/d4f67212aba88c86bd63eb00a41b2724.jpg,https://aurayou2.lot-lot.com/image/32/2025/04/d4f67212aba88c86bd63eb00a41b2724.jpg|https://aurayou2.lot-lot.com/image/32/2025/04/7e1d5b3af3021162a74a0ffc8c671228.jpg|https://aurayou2.lot-lot.com/image/32/2025/04/a98a115202373b82ffaf418e50c6301e.jpg|https://aurayou2.lot-lot.com/image/32/2025/04/407dd14436b56fe76e1709310ab8f0f7.jpg|https://aurayou2.lot-lot.com/image/32/2025/04/51cada457e1ef093929f0eccd1f05ec3.jpg|https://aurayou2.lot-lot.com/image/32/2025/04/0552f89ddcf35deda177e63d793c6e0b.jpg|https://aurayou2.lot-lot.com/image/32/2025/04/5878131f931f345e6c624bf041961aba.jpg,【五行A款】 &nbsp; 🌾✨｜五行灵光 &middot; 土之稳｜ &nbsp; 材质&尺寸：黄虎眼14mm、黄虎眼10mm、金虎眼10mm、黄水晶10mm、黄塔晶10mm、金发晶10mm,831|834|1054|1206|1207|1526
420,7722,【五行B款】-🌊✨｜五行地能 · 水润通｜BAC1139,230.00,https://aurayou2.lot-lot.com/image/32/2025/04/4fd6cd19232fa2d0417e5ef2dba5c991.jpg,https://aurayou2.lot-lot.com/image/32/2025/04/4fd6cd19232fa2d0417e5ef2dba5c991.jpg|https://aurayou2.lot-lot.com/image/32/2025/04/48f6747adcf371e1fc73c9c22aa66f56.jpg|https://aurayou2.lot-lot.com/image/32/2025/04/9437a710e6e39393d6ff53be69cddaee.jpg|https://aurayou2.lot-lot.com/image/32/2025/04/5a4f2f5c16333414236314de942440c1.jpg|https://aurayou2.lot-lot.com/image/32/2025/04/884455afdb74012325a33e71b1c0098d.jpg|https://aurayou2.lot-lot.com/image/32/2025/04/91ce6d7a29290b41cea098dbcfe00a52.jpg|https://aurayou2.lot-lot.com/image/32/2025/04/c5a39db9843cd4ebcdbf1537a34b46b5.jpg,【五行B款】 &nbsp; 🌊✨｜五行地能 &middot; 水润通｜ &nbsp; 材质&尺寸：白幽灵13mm、白水晶10.5mm、蓝玉髓10mm、蓝玛瑙8.5mm、海蓝宝10mm、蓝晶11mm、黑金超10mm,831|834|1054|1206|1207|1526
421,7721,【五行B款】-🌿✨｜五行地能 · 木生机｜BAC1138,230.00,https://aurayou2.lot-lot.com/image/32/2025/04/cdce892cb59f67ca8eb670b55d03ae47.jpg,https://aurayou2.lot-lot.com/image/32/2025/04/cdce892cb59f67ca8eb670b55d03ae47.jpg|https://aurayou2.lot-lot.com/image/32/2025/04/d7d0a9eea11f42502aee5e05f0fa281c.jpg|https://aurayou2.lot-lot.com/image/32/2025/04/3b56a023d1fc8eb94315732328a9471e.jpg|https://aurayou2.lot-lot.com/image/32/2025/04/29bb003e331ab22c10aee82ae6594457.jpg|https://aurayou2.lot-lot.com/image/32/2025/04/a8de5ba16410798627c185e994280d27.jpg|https://aurayou2.lot-lot.com/image/32/2025/04/4bd0c3510f3f33be3796d193469670ee.jpg|https://aurayou2.lot-lot.com/image/32/2025/04/af6f27f7beda13e518fc9b093ae41b9f.jpg,【五行B款】 &nbsp; 🌿✨｜五行地能 &middot; 木生机｜ &nbsp; 材质&尺寸：绿萤石11.5mm、绿发晶11mm、蓝月光10mm、绿水晶9mm+、绿幽灵8mm、白幽灵13mm,831|834|1054|1206|1207|1526
422,7720,【五行B款】-💨✨｜五行地能 · 金聚势｜BAC1137,230.00,https://aurayou2.lot-lot.com/image/32/2025/04/8661c6fc5572458fe8e5423bfd5c5290.jpg,https://aurayou2.lot-lot.com/image/32/2025/04/8661c6fc5572458fe8e5423bfd5c5290.jpg|https://aurayou2.lot-lot.com/image/32/2025/04/66ad1b292e1bffb4dca6b5377ad25913.jpg|https://aurayou2.lot-lot.com/image/32/2025/04/5bf728485b9e6a47b81c3dfd04b35f34.jpg|https://aurayou2.lot-lot.com/image/32/2025/04/878656b9d6b8c90664a1363b2f5698e3.jpg|https://aurayou2.lot-lot.com/image/32/2025/04/d4ba5b97bbee3ea023290665596415a2.jpg|https://aurayou2.lot-lot.com/image/32/2025/04/31c1e18b785555b6fb133084d264399f.jpg|https://aurayou2.lot-lot.com/image/32/2025/04/ab71fc9e72ee97c9e750b7880f4e1f64.jpg,【五行B款】 &nbsp; 💨✨｜五行地能 &middot; 金聚势｜ &nbsp; 材质&尺寸：白幽灵11.5mm+、白月光10.5mm、蓝月光10mm、白水晶12mm、金发晶10mm,831|834|1054|1206|1207|1526
423,7719,【五行B款】-🔥✨｜五行地能 · 火燃势｜BAC1136,230.00,https://aurayou2.lot-lot.com/image/32/2025/04/2d876e64764da3156af085b48a2b01e5.jpg,https://aurayou2.lot-lot.com/image/32/2025/04/2d876e64764da3156af085b48a2b01e5.jpg|https://aurayou2.lot-lot.com/image/32/2025/04/f130c6146ff819f6966c5b824e406a46.jpg|https://aurayou2.lot-lot.com/image/32/2025/04/82891e50624f4dadc2195474c4871add.jpg|https://aurayou2.lot-lot.com/image/32/2025/04/cfe569ae1d60808963d4f1b251fca269.jpg|https://aurayou2.lot-lot.com/image/32/2025/04/b59d705e94efbb2de20abdaf762c0c4a.jpg|https://aurayou2.lot-lot.com/image/32/2025/04/f77c8d0d4fabba979fbbbc47ad62bc3d.jpg|https://aurayou2.lot-lot.com/image/32/2025/04/95528e3d65fd24b95474cf1cf1013a02.jpg,【五行B款】 &nbsp; 🔥✨｜五行地能 &middot; 火燃势｜ &nbsp; 材质&尺寸：太阳石9.6-10mm、南红玛瑙10mm+、黑金超11mm、红胶花11.6-12mm、草莓晶12mm、紫锂辉13.4mm,831|834|1054|1206|1207|1526
424,7718,【五行B款】-🌍✨｜五行地能 · 土藏福｜BAC1135,230.00,https://aurayou2.lot-lot.com/image/32/2025/04/4713186d540dfa042bc19908f16dbd8c.jpg,https://aurayou2.lot-lot.com/image/32/2025/04/4713186d540dfa042bc19908f16dbd8c.jpg|https://aurayou2.lot-lot.com/image/32/2025/04/6e6ef530a9b4077b59adedb15b91ef6d.jpg|https://aurayou2.lot-lot.com/image/32/2025/04/f8301bfd7f4e69043ed8073d21f10116.jpg|https://aurayou2.lot-lot.com/image/32/2025/04/42128fd34c1201808150a2d4110c35a1.jpg|https://aurayou2.lot-lot.com/image/32/2025/04/ef59c25a4986f7de5eeb2f3e5436af13.jpg|https://aurayou2.lot-lot.com/image/32/2025/04/b00cce4c5634ac7a750a9566110987b6.jpg|https://aurayou2.lot-lot.com/image/32/2025/04/9d5068ea2157a02a654ec82d35f76f3e.jpg,【五行B款】 - 🌍✨｜五行地能 &middot; 土藏福｜ &nbsp; 材质&尺寸：黄塔晶10mm+、黄虎眼10mm、黄胶花12mm、金虎眼10mm、柠檬黄13.6mm、白幽灵10mm+,831|834|1054|1206|1207|1526
425,6446,多宝手串BAC927,230.00,https://aurayou2.lot-lot.com/image/32/2025/02/8b400fabd55b6f4677e15d2e4315a148.jpg,https://aurayou2.lot-lot.com/image/32/2025/02/8b400fabd55b6f4677e15d2e4315a148.jpg|https://aurayou2.lot-lot.com/image/32/2025/02/a75ddc82a89fa31e16f7cb7c1d4333bf.jpg|https://aurayou2.lot-lot.com/image/32/2025/02/fd60a3305c6c309465d1ffb15baefdab.jpg|https://aurayou2.lot-lot.com/image/32/2025/02/b925e020e622a871b7064a5ce247e7f7.jpg|https://aurayou2.lot-lot.com/image/32/2025/02/d8430c8c5b85dc71e269c4aecc693d5f.jpg|https://aurayou2.lot-lot.com/image/32/2025/02/e0f4f266eabae2e01110477f8e13973e.jpg,▫️▪️多宝手串 - 材质：白阿塞、紫锂辉、紫祖母、紫阿塞、黄阿塞、黄胶花、红胶花、草莓晶、鹰眼石、粉晶、海蓝宝、紫云母 尺寸：13-14mm,831|832|833|834|845|846|847|848|849|850|851|852|853|854|858|860|862|1526
426,6445,多宝手串BAC926,230.00,https://aurayou2.lot-lot.com/image/32/2025/01/7f317581487bd57cce1087a0879d5b79.jpg,https://aurayou2.lot-lot.com/image/32/2025/01/7f317581487bd57cce1087a0879d5b79.jpg|https://aurayou2.lot-lot.com/image/32/2025/01/fc22d056b3ecc1577e9b48d0b13ad3fd.jpg|https://aurayou2.lot-lot.com/image/32/2025/01/af3f4f08e2d9e69943375d878784cd95.jpg|https://aurayou2.lot-lot.com/image/32/2025/01/e8298e258bf366bbe356c2932d8dcf61.jpg|https://aurayou2.lot-lot.com/image/32/2025/01/936071cc1a533ce69fc3b901c2fc2b4e.jpg|https://aurayou2.lot-lot.com/image/32/2025/01/cbcfa00f84d8cd2f2c9a80041c67d2cb.jpg,▫️▪️多宝手串 - 材质：金虎眼、黄水晶、白水晶、紫锂辉、海蓝宝、黄塔晶、白幽灵 尺寸：12-13mm,831|832|833|834|845|846|847|848|849|850|851|852|853|854|858|862|1526
427,6444,多宝手串BAC925,185.00,https://aurayou2.lot-lot.com/image/32/2025/02/fbc825b5eced876f2cc153377800a6a7.jpg,https://aurayou2.lot-lot.com/image/32/2025/02/fbc825b5eced876f2cc153377800a6a7.jpg|https://aurayou2.lot-lot.com/image/32/2025/02/3f14f7fe552dbea17e17f294abea5298.jpg|https://aurayou2.lot-lot.com/image/32/2025/02/7ae2094ecd4176e7e426e6ad8212b4e5.jpg|https://aurayou2.lot-lot.com/image/32/2025/02/4246d1a5af6bf506ef0b4d11487a3dd0.jpg|https://aurayou2.lot-lot.com/image/32/2025/02/d5d260187119ccaff8815a60e95d9e9f.jpg|https://aurayou2.lot-lot.com/image/32/2025/02/a57ee65e646d69f1243cc6bdafff0864.jpg,▫️▪️多宝手串 - 材质：黄水晶、粉水晶、白水晶、葡萄石、紫锂辉、奶白晶、蓝玉髓、拉丝萤石、金骨干 尺寸：11-12mm,831|832|833|834|845|846|847|848|849|850|851|852|853|854|858|860|862|1526
428,6435,黑茶系多宝手串BAC916,335.00,https://aurayou2.lot-lot.com/image/32/2025/01/630d0a8376dd59b35ceea385900cdce5.jpg,https://aurayou2.lot-lot.com/image/32/2025/01/630d0a8376dd59b35ceea385900cdce5.jpg|https://aurayou2.lot-lot.com/image/32/2025/01/d86729177d813f9087b7a5a71ddcfbd7.jpg|https://aurayou2.lot-lot.com/image/32/2025/01/ac6e03ba52bdacc0357ae6b4122d3bd8.jpg|https://aurayou2.lot-lot.com/image/32/2025/01/5a37b5ea57a3771a15ad3b1a468899aa.jpg|https://aurayou2.lot-lot.com/image/32/2025/01/2376d035586b48cdf9aa882d7a6f1574.jpg|https://aurayou2.lot-lot.com/image/32/2025/01/a3946f746b7ac9ac38a321396fe39b78.jpg,▫️▪️黑茶系多宝手串 - 材质：茶水晶、鹰眼石、金曜石、绿幽灵、小树胶花、黑金超 尺寸：14-15mm,831|832|833|834|845|846|847|849|850|851|852|854|858|860|861|1526
429,5705,多宝水晶手串BAC668,238.00,https://aurayou2.lot-lot.com/image/32/2025/01/2fb431dca535304b10b243004b509b0e.jpg,https://aurayou2.lot-lot.com/image/32/2025/01/2fb431dca535304b10b243004b509b0e.jpg|https://aurayou2.lot-lot.com/image/32/2025/01/f9510555ce70d30955588b34cccc6324.jpg|https://aurayou2.lot-lot.com/image/32/2025/01/60a5460868bc2fdc0e966f0380c2f98c.jpg|https://aurayou2.lot-lot.com/image/32/2025/01/5272541b0e03a680bf18f4c9d1804132.jpg|https://aurayou2.lot-lot.com/image/32/2025/01/ec17e27a0cd4f2ac76a5b36f764ed6fc.jpg|https://aurayou2.lot-lot.com/image/32/2025/01/9dad592c03433c401acc2c027c1fc3ad.jpg,▫️▪️多宝水晶手串 - 材质：粉晶，蓝玉髓、草莓晶、白阿赛、紫晶、黄水晶、蓝月光 尺寸：13-14mm,831|832|833|834|845|846|847|848|849|850|851|852|853|854|857|860|862|1526
430,5704,多宝水晶手串BAC667,216.00,https://aurayou2.lot-lot.com/image/32/2025/01/53819b51beb888c84f13db36195a82d8.jpg,https://aurayou2.lot-lot.com/image/32/2025/01/53819b51beb888c84f13db36195a82d8.jpg|https://aurayou2.lot-lot.com/image/32/2025/01/af2a7ab1b1c410321efb0b770f27eabd.jpg|https://aurayou2.lot-lot.com/image/32/2025/01/999011f8a497430b82da2c82b2a39426.jpg|https://aurayou2.lot-lot.com/image/32/2025/01/734df80d9d16f04779953c7732e420f3.jpg|https://aurayou2.lot-lot.com/image/32/2025/01/0dd98d84b3fab8f644b9e927a509301d.jpg|https://aurayou2.lot-lot.com/image/32/2025/01/6f5421e3415f8f00e71f561dccd62fa2.jpg,▫️▪️多宝水晶手串 - 材质：粉水晶、紫水晶、岫玉、黄胶花、绿幽灵、海蓝宝、草莓晶 尺寸：13mm,831|832|833|834|845|846|847|848|849|850|851|852|853|854|857|862|1526
431,5782,拉丝萤石白幽灵手串BAC757,276.00,https://aurayou2.lot-lot.com/image/32/2025/01/03814dcba69b1d5ed56a186bb2508f06.jpg,https://aurayou2.lot-lot.com/image/32/2025/01/03814dcba69b1d5ed56a186bb2508f06.jpg|https://aurayou2.lot-lot.com/image/32/2025/01/135e492d8b3041660769a66c63ed6c2e.jpg|https://aurayou2.lot-lot.com/image/32/2025/01/3d4ae5a0a9dad87c8baf60db927db09e.jpg|https://aurayou2.lot-lot.com/image/32/2025/01/642993275385af5f57246fa7f144c415.jpg|https://aurayou2.lot-lot.com/image/32/2025/01/9c4ccffadc0c1bdc43e5b2bb37fdc75f.jpg|https://aurayou2.lot-lot.com/image/32/2025/01/989d3de6ee17ee740e28a0be5fe9e0bf.jpg,▫️▪️拉丝萤石白幽灵手串 - 材质：拉丝萤石、白幽灵 尺寸：12mm/15mm,831|832|833|834|845|846|847|849|852|853|855|858|862|934
432,7909,小树胶花粉水晶手串BAC1082,270.00,https://aurayou2.lot-lot.com/image/32/2025/05/499acc399091b6d340183b3c9d342863.jpg,https://aurayou2.lot-lot.com/image/32/2025/05/499acc399091b6d340183b3c9d342863.jpg|https://aurayou2.lot-lot.com/image/32/2025/05/2698ae7fceaed941e1303743a7882395.jpg|https://aurayou2.lot-lot.com/image/32/2025/05/f097473c64704a7a3396f18d405d53e7.jpg|https://aurayou2.lot-lot.com/image/32/2025/05/0e3c04a1a9a94585b6b71ec3cdcc495b.jpg|https://aurayou2.lot-lot.com/image/32/2025/05/8b93c7a49215d2aaf57eb27c709d7536.jpg|https://aurayou2.lot-lot.com/image/32/2025/05/5c9930419bc22b5bdf4be30a0b034cf1.jpg,▫️▪️小树胶花粉水晶手串 - 材质：小树胶花、粉水晶、粉晶随形 尺寸：14mm,831|832|833|834|845|846|848|849|852|859|861|926|1054|1212
433,6443,小树胶花手串BAC924,238.00,https://aurayou2.lot-lot.com/image/32/2025/01/7bcc6b97a109338b49cf3562df8726b4.jpg,https://aurayou2.lot-lot.com/image/32/2025/01/7bcc6b97a109338b49cf3562df8726b4.jpg|https://aurayou2.lot-lot.com/image/32/2025/01/04f448f3d69639864b894431ca8a52eb.jpg|https://aurayou2.lot-lot.com/image/32/2025/01/b8cddacd9c443566d503b92a3a5c9881.jpg|https://aurayou2.lot-lot.com/image/32/2025/01/bb7491401fd67cb1fce4640bd410a9c5.jpg|https://aurayou2.lot-lot.com/image/32/2025/01/10a8d619f9d2ba0eec752a97a0e8610f.jpg|https://aurayou2.lot-lot.com/image/32/2025/01/3b3814bf114bb84748f3d0fcfab40b9e.jpg,▫️▪️小树胶花手串 - 材质：小树胶花 尺寸：17mm,831|832|833|834|845|846|849|852|858|861|926
434,6578,阿拉善玛瑙檀木手串BAC982,80.00,https://aurayou2.lot-lot.com/image/32/2025/02/9e43269119b686e909ca6dab13a9cd16.jpg,https://aurayou2.lot-lot.com/image/32/2025/02/9e43269119b686e909ca6dab13a9cd16.jpg|https://aurayou2.lot-lot.com/image/32/2025/02/24bc700a68fcc435e3d2948ac1e7f010.jpg|https://aurayou2.lot-lot.com/image/32/2025/02/3361f18dcd2b34cf56ce7f536d4b1dd4.jpg|https://aurayou2.lot-lot.com/image/32/2025/02/44dd718d59b4d69bcfb1f8ecea466d70.jpg|https://aurayou2.lot-lot.com/image/32/2025/02/bc3d6909d953190c0f3bf4eacaf2c028.jpg|https://aurayou2.lot-lot.com/image/32/2025/02/219d1e63f07c9f33dc11dbfcac88795b.jpg,▫️▪️阿拉善玛瑙檀木手串 - 材质：阿拉善玛瑙，檀木 尺寸：10mm,831|832|833|834|845|852|853|858|860|862|971
435,8478,蓝虎眼灰月光手串BAC381x,176.00,https://aurayou2.lot-lot.com/image/32/2025/06/a3b61aba75b88e7962c68d64a92a2c3c.jpg,https://aurayou2.lot-lot.com/image/32/2025/06/a3b61aba75b88e7962c68d64a92a2c3c.jpg|https://aurayou2.lot-lot.com/image/32/2025/06/a323cfaa28eee5fe37966711521b49d0.jpg|https://aurayou2.lot-lot.com/image/32/2025/06/05d1279e10e1262f0d18bb6ecb98b602.jpg|https://aurayou2.lot-lot.com/image/32/2025/06/e3329167e81c3fde8fe34a7f78cc1c68.jpg|https://aurayou2.lot-lot.com/image/32/2025/06/32b9c88414291640b2b28f33083ab83c.jpg|https://aurayou2.lot-lot.com/image/32/2025/06/98b9e77b64c4ffd5c9546fd34ced5310.jpg,▫️▪️蓝虎眼灰月光手串 - 材质&尺寸：蓝虎眼10mm，灰月光11mm，925银,831|832|833|834|849|850|852|853|855|862|899|1054|1685
436,6569,海蓝宝白水晶手串BAC886,428.00,https://aurayou2.lot-lot.com/image/32/2025/02/6517b21e1f6efef1b14c811b9113e34e.jpg,https://aurayou2.lot-lot.com/image/32/2025/02/6517b21e1f6efef1b14c811b9113e34e.jpg|https://aurayou2.lot-lot.com/image/32/2025/02/3b9dfcb9aa5259221af8cc10550a22c2.jpg|https://aurayou2.lot-lot.com/image/32/2025/02/74f8668c6eb4b2f9ed915afddfce0970.jpg|https://aurayou2.lot-lot.com/image/32/2025/02/21878463bdead98db87fed173a6a71f2.jpg|https://aurayou2.lot-lot.com/image/32/2025/02/8301ca2cb575516b0464d84e7f734f65.jpg|https://aurayou2.lot-lot.com/image/32/2025/02/48570d61b835d9c085fb2a0f28822cb5.jpg,▫️▪️ 海蓝宝白水晶手串 - 材质：海蓝宝、白水晶 尺寸：11mm,831|832|833|834|847|849|851|852|853|855|862|895
437,5784,蓝玉髓手串BAC759,100.00,https://aurayou2.lot-lot.com/image/32/2025/04/f94d992ce71ec59ff01d82c4e5087bbd.jpg,https://aurayou2.lot-lot.com/image/32/2025/04/f94d992ce71ec59ff01d82c4e5087bbd.jpg|https://aurayou2.lot-lot.com/image/32/2025/04/0d252ca5ca2559c9bf59e1813a193d2c.jpg|https://aurayou2.lot-lot.com/image/32/2025/04/8f9e02d7da82af859940209f8d15be82.jpg|https://aurayou2.lot-lot.com/image/32/2025/04/7a7fd1a413923af1ca04a51e2b6e8b48.jpg|https://aurayou2.lot-lot.com/image/32/2025/04/2778c8790b8c1e6fc095ee686d6e6c00.jpg|https://aurayou2.lot-lot.com/image/32/2025/04/2f64495121800de1ace7f7a8b4a4cf10.jpg,▫️▪️蓝玉髓手串 - 材质：蓝玉髓 尺寸：10mm,831|832|833|834|849|852|855|857|860|862|896
438,6763,蓝玉髓蓝月光白水晶蝴蝶结手串BAC891,136.00,https://aurayou2.lot-lot.com/image/32/2025/03/9aba789124c51e99f6c2d08eac0e439f.jpg,https://aurayou2.lot-lot.com/image/32/2025/03/9aba789124c51e99f6c2d08eac0e439f.jpg|https://aurayou2.lot-lot.com/image/32/2025/03/15f663be71401802b32dbed366189500.jpg|https://aurayou2.lot-lot.com/image/32/2025/03/f8be8350801cbee8b57c54de4360df57.jpg|https://aurayou2.lot-lot.com/image/32/2025/03/192e801f77e34d44f79178a198455fc6.jpg|https://aurayou2.lot-lot.com/image/32/2025/03/d779cbc72a3b3c932554a44a51e3fae5.jpg|https://aurayou2.lot-lot.com/image/32/2025/03/f3de17117387da4669d94fc4f0580064.jpg,▫️▪️蓝玉髓蓝月光白水晶蝴蝶结手串 - 材质：蓝玉髓，蓝月光，粉水晶方块，白水晶蝴蝶结 尺寸：10mm、12mm,831|832|833|834|847|848|849|850|851|852|853|857|862|896|1054|1056
439,6641,蓝玉髓粉晶随形手串BAC889,112.00,https://aurayou2.lot-lot.com/image/32/2025/02/b35a034813bede24a034b99769673751.jpg,https://aurayou2.lot-lot.com/image/32/2025/02/b35a034813bede24a034b99769673751.jpg|https://aurayou2.lot-lot.com/image/32/2025/02/8ef539c7cea5ea98c31a496ee4650489.jpg|https://aurayou2.lot-lot.com/image/32/2025/02/16790aa9da90511606888cbc5b13be33.jpg|https://aurayou2.lot-lot.com/image/32/2025/02/c9867391eebff2f927b01ec798e3c43f.jpg|https://aurayou2.lot-lot.com/image/32/2025/02/9306532afde895cbabb0fe73bbfb0e5d.jpg|https://aurayou2.lot-lot.com/image/32/2025/02/a2f42f8da98a71a2e9eb8dc9015f3e62.jpg,▫️▪️蓝玉髓粉晶随形手串 - 材质：蓝玉髓，粉晶，粉晶随形，白水晶方块 尺寸：12mm,831|832|833|834|847|848|849|851|852|853|857|860|862|896|1054|1055
440,6570,蓝玉髓手串BAC888,95.00,https://aurayou2.lot-lot.com/image/32/2025/02/293674e9d930563bca2f6e0f38cf61ce.jpg,https://aurayou2.lot-lot.com/image/32/2025/02/293674e9d930563bca2f6e0f38cf61ce.jpg|https://aurayou2.lot-lot.com/image/32/2025/02/e5446daf3a51b7e5ad7c0301c2dd70dd.jpg|https://aurayou2.lot-lot.com/image/32/2025/02/7de09b2754b1d96c626b1fc09afe9b97.jpg|https://aurayou2.lot-lot.com/image/32/2025/02/ab74358dfe3e659a1f70835f1372729f.jpg|https://aurayou2.lot-lot.com/image/32/2025/02/013888bea1ae0263286e7413ea974b21.jpg|https://aurayou2.lot-lot.com/image/32/2025/02/3d14ee7324e5225bcb7f5a7a6f42dd83.jpg,▫️▪️蓝玉髓手串 - 材质：蓝玉髓 尺寸：12mm,831|832|833|834|847|849|852|857|860|862|896
441,5674,蓝玉髓粉水晶手串BAC650,168.00,https://aurayou2.lot-lot.com/image/32/2025/01/afc0171fec4a73b9abe7d60c9149fcee.jpg,https://aurayou2.lot-lot.com/image/32/2025/01/afc0171fec4a73b9abe7d60c9149fcee.jpg|https://aurayou2.lot-lot.com/image/32/2025/01/c906a248beef7324594aa000ec7e380a.jpg|https://aurayou2.lot-lot.com/image/32/2025/01/9fd27a309fac7bd15d4a913632c721b6.jpg|https://aurayou2.lot-lot.com/image/32/2025/01/45b2c3eb0455090caeeb82c311f9e926.jpg|https://aurayou2.lot-lot.com/image/32/2025/01/655aa54a191df428321c85b488c3c9ea.jpg|https://aurayou2.lot-lot.com/image/32/2025/01/137017c7bc22bc1ae6d986fa05b04028.jpg,▫️▪️蓝玉髓粉水晶手串 - 材质：粉水晶、蓝玉髓 尺寸：14mm（顶珠18mm）,831|832|833|834|847|848|849|852|853|857|861|896
442,8627,青金石白水晶草莓晶手串BAC1067x,136.00,https://aurayou2.lot-lot.com/image/32/2025/07/87bfd3150ddb5240b01d5e173f528bf5.jpg,https://aurayou2.lot-lot.com/image/32/2025/07/87bfd3150ddb5240b01d5e173f528bf5.jpg|https://aurayou2.lot-lot.com/image/32/2025/07/4795687917f80947d18945d02bf4bef5.jpg|https://aurayou2.lot-lot.com/image/32/2025/07/c04ea9fb339368fffaa64e8886e948d4.jpg|https://aurayou2.lot-lot.com/image/32/2025/07/846efb862ac32c8dfd3bff37f24ad53e.jpg|https://aurayou2.lot-lot.com/image/32/2025/07/e8cba101ae983280952946015fbb707e.jpg|https://aurayou2.lot-lot.com/image/32/2025/07/d3b868fdaf418692faf6e9af90ed7273.jpg,▫️▪️青金石白水晶草莓晶手串 - 材质&尺寸：青金石8mm，青金石10.5mm，白水晶9mm，草莓晶7.5mm，白水晶随形8.5mm,831|832|833|834|845|846|847|848|849|851|852|853|854|858|863|937|1054|1690
443,7616,南红玛瑙红胶花双尖手串BAC938,185.00,https://aurayou2.lot-lot.com/image/32/2025/03/70592434ce94ff5420494ed1db26151f.jpg,https://aurayou2.lot-lot.com/image/32/2025/03/70592434ce94ff5420494ed1db26151f.jpg|https://aurayou2.lot-lot.com/image/32/2025/03/09303fd4a088b16d5d9e7f46c5cb9e8c.jpg|https://aurayou2.lot-lot.com/image/32/2025/03/6d3fab063036efaf5421dd7282bc042e.jpg|https://aurayou2.lot-lot.com/image/32/2025/03/0aceb21813bc77dcc8a68074616ea344.jpg|https://aurayou2.lot-lot.com/image/32/2025/03/bccc95e5864bce6f265ceac171568b37.jpg|https://aurayou2.lot-lot.com/image/32/2025/03/2bf5b3f365f6479883651755aa5c9c40.jpg,▫️▪️南红玛瑙红胶花双尖手串 - 材质：南红玛瑙，黑金超，红胶花，黄水晶，红胶花，红玛瑙方块 尺寸：11mm,831|832|833|834|845|846|849|850|851|852|854|858|862|968|1054|1187
444,5714,蓝玉髓多宝手串BAC677,115.00,https://aurayou2.lot-lot.com/image/32/2025/01/0947039621f21716ceec8c84daf168ea.jpg,https://aurayou2.lot-lot.com/image/32/2025/01/0947039621f21716ceec8c84daf168ea.jpg|https://aurayou2.lot-lot.com/image/32/2025/01/8c6af80ee105fb08aa92603a21d40302.jpg|https://aurayou2.lot-lot.com/image/32/2025/01/d815bd1fde71b0e176646caede728f20.jpg|https://aurayou2.lot-lot.com/image/32/2025/01/524c96a5f05fdfb338e25a0bf9e076f3.jpg|https://aurayou2.lot-lot.com/image/32/2025/01/556c86114f321dd9cecb1173fbacd4c5.jpg|https://aurayou2.lot-lot.com/image/32/2025/01/764ad8b9a5f9ab1b38ff7ca40cb6f24f.jpg,▫️▪️蓝玉髓多宝手串 - 材质：蓝玉髓、灰月光、绿幽灵、闪灵 尺寸：14mm,831|832|833|834|846|847|849|851|852|854|859|861|896
445,7735,五行C款合集BAC1130-1134,178.00,https://aurayou2.lot-lot.com/image/32/2025/04/20d3044317c28d1f5c305be778bc6871.jpg,https://aurayou2.lot-lot.com/image/32/2025/04/20d3044317c28d1f5c305be778bc6871.jpg|https://aurayou2.lot-lot.com/image/32/2025/04/8d5bebf62eb0d47a2ca3ce1785f0c9b3.jpg|https://aurayou2.lot-lot.com/image/32/2025/04/6714da7b80f24d275baf7b09bade13ce.jpg|https://aurayou2.lot-lot.com/image/32/2025/04/01797f7563d3b25364b77b60daab293c.jpg|https://aurayou2.lot-lot.com/image/32/2025/04/1c5328aa090629a0870031a35a160f33.jpg|https://aurayou2.lot-lot.com/image/32/2025/04/d69a55c08c43919213f8ce247d4cc42e.jpg|https://aurayou2.lot-lot.com/image/32/2025/04/152162b5c9e3cc7dafab5dda5ed93881.jpg|https://aurayou2.lot-lot.com/image/32/2025/04/d8cf2bf8ff473594c03bba161f90f2da.jpg|https://aurayou2.lot-lot.com/image/32/2025/04/9bcf102e7c270c12e59b30c5a25947fa.jpg,,834|1054|1206|1207
446,7734,五行B款合集BAC1135-1139,230.00,https://aurayou2.lot-lot.com/image/32/2025/04/2fa8599bdfd75b27056aa2358b75e18a.jpg,https://aurayou2.lot-lot.com/image/32/2025/04/2fa8599bdfd75b27056aa2358b75e18a.jpg|https://aurayou2.lot-lot.com/image/32/2025/04/5764304262addf143c6ba1bba1fe7f1d.jpg|https://aurayou2.lot-lot.com/image/32/2025/04/adda1447ea656c6307cf42d96d5e210e.jpg|https://aurayou2.lot-lot.com/image/32/2025/04/4d44c9bbe931b50d4283e5a083440b2e.jpg|https://aurayou2.lot-lot.com/image/32/2025/04/cdef6fed87e36dcb16d25c9416f65f74.jpg|https://aurayou2.lot-lot.com/image/32/2025/04/ea7efd8cbfc452dd4ab9698bc1d97b70.jpg|https://aurayou2.lot-lot.com/image/32/2025/04/69b4c91dd52bfd7cabb53eebbb2bb2d3.jpg|https://aurayou2.lot-lot.com/image/32/2025/04/b95e9820b2598f3db89b6e2d04faa5ec.jpg|https://aurayou2.lot-lot.com/image/32/2025/04/04a5aa90f77ad9b6c22a8cbef31058e4.jpg,📿⚡️｜五行地能 &middot; 系列手串｜,834|1054|1206|1207
447,7733,五行A款合集BAC1140-1144,208.00,https://aurayou2.lot-lot.com/image/32/2025/04/2722e6d6a23b5b592fb6416bb09bdeaa.jpg,https://aurayou2.lot-lot.com/image/32/2025/04/2722e6d6a23b5b592fb6416bb09bdeaa.jpg|https://aurayou2.lot-lot.com/image/32/2025/04/d1843f293be48be9a263f09bc8a5dd82.jpg|https://aurayou2.lot-lot.com/image/32/2025/04/45e0f4d1ffd9b94e36cba35efd1987ce.jpg|https://aurayou2.lot-lot.com/image/32/2025/04/97fbabfa651745b7daa0869d66fea217.jpg|https://aurayou2.lot-lot.com/image/32/2025/04/811ccd406080d1c8a4704b9adbbdfd99.jpg|https://aurayou2.lot-lot.com/image/32/2025/04/43ccaa24a620c689e867d99ce1286635.jpg|https://aurayou2.lot-lot.com/image/32/2025/04/36dcb9d9d9efdb2fe00599500977abee.jpg|https://aurayou2.lot-lot.com/image/32/2025/04/54bd24ea132d876191d64cb3163efaad.jpg|https://aurayou2.lot-lot.com/image/32/2025/04/a3d253139d8653ae83cc279930b912af.jpg,📿✨｜五行灵光 &middot; 系列手串｜,834|1054|1206|1207
448,7715,五行C款】💨✨五行系列｜金系手串BAC1132,178.00,https://aurayou2.lot-lot.com/image/32/2025/04/ffd403999d80397ca6fe429a67244f75.jpg,https://aurayou2.lot-lot.com/image/32/2025/04/ffd403999d80397ca6fe429a67244f75.jpg|https://aurayou2.lot-lot.com/image/32/2025/04/a8e7cd42f00fb01a5ff18e8c5928ca2c.jpg|https://aurayou2.lot-lot.com/image/32/2025/04/5486b3643bf3ce9d40d76e68d5fa068f.jpg|https://aurayou2.lot-lot.com/image/32/2025/04/921a478f5020f58f9f380aac782eeee9.jpg|https://aurayou2.lot-lot.com/image/32/2025/04/686647d452417173845c8305df11d452.jpg|https://aurayou2.lot-lot.com/image/32/2025/04/cc946b961dcb05c7ef427b47baa8c684.jpg,【五行C款】 &nbsp; 💨✨五行系列｜金系手串 &nbsp; 材质&尺寸：白水晶8mm、白幽灵11mm、灰月光7mm+,831|834|915|1054|1206|1207
